2025/12/03 14:38:40 Loaded existing DataNode ID: bdb4c250-48cd-47c4-8a03-cf6da2316ebc
2025/12/03 14:38:40 ✅ DataNode bdb4c250-48cd-47c4-8a03-cf6da2316ebc initialized at datanode-files/port_8001/bdb4c250-48cd-47c4-8a03-cf6da2316ebc, found 1904 blocks
2025/12/03 14:38:40 ✅ Connected to primary NameNode at localhost:8080
2025/12/03 14:38:40 🔗 DataNode connected to NameNode at localhost:8080
2025/12/03 14:38:40 🧩 DataNode bdb4c250-48cd-47c4-8a03-cf6da2316ebc registration status: Registered
2025/12/03 14:38:40 🔄 Auto-reconnect monitoring started
2025/12/03 14:38:40 Datanode with id = bdb4c250-48cd-47c4-8a03-cf6da2316ebc is listening on port :8001
2025/12/03 14:38:50 Block Report Received
2025/12/03 14:39:00 ⚠️  Failed to send block report: rpc error: code = Unavailable desc = connection error: desc = "transport: Error while dialing: dial tcp 127.0.0.1:8080: connect: connection refused"
2025/12/03 14:39:00 ⚠️  Connection to NameNode lost: rpc error: code = Unavailable desc = connection error: desc = "transport: Error while dialing: dial tcp 127.0.0.1:8080: connect: connection refused"
2025/12/03 14:39:00 🔄 Attempting to reconnect...
2025/12/03 14:39:04 ⚠️  Primary NameNode localhost:8080 unavailable, trying alternates...
2025/12/03 14:39:04 ✅ Connected to NameNode at localhost:8081
2025/12/03 14:39:04 ✅ Reconnected to NameNode at localhost:8081
2025/12/03 14:39:04 🧩 DataNode bdb4c250-48cd-47c4-8a03-cf6da2316ebc registration status: Registered
2025/12/03 14:39:04 🔄 Block report restarted
2025/12/03 14:39:14 Block Report Received
2025/12/03 14:39:24 Block Report Received
2025/12/03 14:39:34 Block Report Received
2025/12/03 14:39:44 Block Report Received
2025/12/03 14:39:54 Block Report Received
2025/12/03 14:40:04 Block Report Received
2025/12/03 14:40:14 Block Report Received
2025/12/03 14:40:24 Block Report Received
2025/12/03 14:40:34 Block Report Received
2025/12/03 14:40:44 Block Report Received
2025/12/03 14:40:54 Block Report Received
2025/12/03 14:41:04 Block Report Received
2025/12/03 14:41:14 Block Report Received
2025/12/03 14:41:24 Block Report Received
2025/12/03 14:41:34 Block Report Received
2025/12/03 14:41:44 Block Report Received
2025/12/03 14:41:54 Block Report Received
2025/12/03 14:42:04 Block Report Received
2025/12/03 14:42:14 Block Report Received
2025/12/03 14:42:24 Block Report Received
2025/12/03 14:42:34 Block Report Received
2025/12/03 14:42:44 Block Report Received
2025/12/03 14:42:54 Block Report Received
2025/12/03 14:43:04 Block Report Received
2025/12/03 14:43:14 Block Report Received
2025/12/03 14:43:24 Block Report Received
2025/12/03 14:43:34 Block Report Received
2025/12/03 14:43:44 Block Report Received
2025/12/03 14:43:54 Block Report Received
2025/12/03 14:44:04 Block Report Received
2025/12/03 14:44:14 Block Report Received
2025/12/03 14:44:24 Block Report Received
2025/12/03 14:44:34 Block Report Received
2025/12/03 14:44:44 Block Report Received
2025/12/03 14:44:54 Block Report Received
2025/12/03 14:45:04 Block Report Received
2025/12/03 14:45:14 Block Report Received
2025/12/03 14:45:24 Block Report Received
2025/12/03 14:45:34 Block Report Received
2025/12/03 14:45:44 Block Report Received
2025/12/03 14:45:54 Block Report Received
2025/12/03 14:46:04 Block Report Received
2025/12/03 14:46:14 Block Report Received
2025/12/03 14:46:24 Block Report Received
2025/12/03 14:46:34 Block Report Received
2025/12/03 14:46:44 Block Report Received
2025/12/03 14:46:54 Block Report Received
2025/12/03 14:47:04 Block Report Received
2025/12/03 14:47:14 Block Report Received
2025/12/03 14:47:24 Block Report Received
2025/12/03 14:47:34 Block Report Received
2025/12/03 14:47:44 Block Report Received
2025/12/03 14:47:54 Block Report Received
2025/12/03 14:48:04 Block Report Received
2025/12/03 14:48:14 Block Report Received
2025/12/03 14:48:24 Block Report Received
2025/12/03 14:48:34 Block Report Received
2025/12/03 14:48:44 Block Report Received
2025/12/03 14:48:54 Block Report Received
2025/12/03 14:49:04 Block Report Received
2025/12/03 14:49:14 Block Report Received
2025/12/03 14:49:24 Block Report Received
2025/12/03 14:49:34 Block Report Received
2025/12/03 14:49:44 Block Report Received
2025/12/03 14:49:54 Block Report Received
2025/12/03 14:50:04 Block Report Received
2025/12/03 14:50:14 Block Report Received
2025/12/03 14:50:24 Block Report Received
2025/12/03 14:50:34 Block Report Received
2025/12/03 14:50:44 Block Report Received
2025/12/03 14:50:54 Block Report Received
2025/12/03 14:51:04 Block Report Received
2025/12/03 14:51:14 Block Report Received
2025/12/03 14:51:24 Block Report Received
2025/12/03 14:51:34 Block Report Received
2025/12/03 14:51:44 Block Report Received
2025/12/03 14:51:54 Block Report Received
2025/12/03 14:52:04 Block Report Received
2025/12/03 14:52:14 Block Report Received
2025/12/03 14:52:24 Block Report Received
2025/12/03 14:52:34 Block Report Received
2025/12/03 14:52:44 Block Report Received
2025/12/03 14:52:54 Block Report Received
2025/12/03 14:53:04 Block Report Received
2025/12/03 14:53:14 Block Report Received
2025/12/03 14:53:24 Block Report Received
2025/12/03 14:53:34 Block Report Received
2025/12/03 14:53:44 Block Report Received
2025/12/03 14:53:54 Block Report Received
2025/12/03 14:54:04 Block Report Received
2025/12/03 14:54:14 Block Report Received
2025/12/03 14:54:24 Block Report Received
2025/12/03 14:54:34 Block Report Received
2025/12/03 14:54:44 Block Report Received
2025/12/03 14:54:54 Block Report Received
2025/12/03 14:55:04 Block Report Received
2025/12/03 14:55:14 Block Report Received
2025/12/03 14:55:24 Block Report Received
2025/12/03 14:55:34 Block Report Received
2025/12/03 14:55:44 Block Report Received
2025/12/03 14:55:54 Block Report Received
2025/12/03 14:56:04 Block Report Received
2025/12/03 14:56:14 Block Report Received
2025/12/03 14:56:24 Block Report Received
2025/12/03 14:56:34 Block Report Received
2025/12/03 14:56:44 Block Report Received
2025/12/03 14:56:54 Block Report Received
2025/12/03 14:57:04 Block Report Received
2025/12/03 14:57:14 Block Report Received
2025/12/03 14:57:24 Block Report Received
2025/12/03 14:57:34 Block Report Received
2025/12/03 14:57:44 Block Report Received
2025/12/03 14:57:54 Block Report Received
2025/12/03 14:58:04 Block Report Received
2025/12/03 14:58:14 Block Report Received
2025/12/03 14:58:24 Block Report Received
2025/12/03 14:58:34 Block Report Received
2025/12/03 14:58:44 Block Report Received
2025/12/03 14:58:54 Block Report Received
2025/12/03 14:59:04 Block Report Received
2025/12/03 14:59:14 Block Report Received
2025/12/03 14:59:24 Block Report Received
2025/12/03 14:59:34 Block Report Received
2025/12/03 14:59:44 Block Report Received
2025/12/03 14:59:54 Block Report Received
2025/12/03 15:00:04 Block Report Received
2025/12/03 15:00:14 Block Report Received
2025/12/03 15:00:24 Block Report Received
2025/12/03 15:00:34 Block Report Received
2025/12/03 15:00:44 Block Report Received
2025/12/03 15:00:54 Block Report Received
2025/12/03 15:01:04 Block Report Received
2025/12/03 15:01:14 Block Report Received
2025/12/03 15:01:24 Block Report Received
2025/12/03 15:01:34 Block Report Received
2025/12/03 15:01:44 Block Report Received
2025/12/03 15:01:54 Block Report Received
2025/12/03 15:02:04 Block Report Received
2025/12/03 15:02:14 Block Report Received
2025/12/03 15:02:24 Block Report Received
2025/12/03 15:02:34 Block Report Received
2025/12/03 15:02:44 Block Report Received
2025/12/03 15:02:54 Block Report Received
2025/12/03 15:03:04 Block Report Received
2025/12/03 15:03:14 Block Report Received
2025/12/03 15:03:24 Block Report Received
2025/12/03 15:03:34 Block Report Received
2025/12/03 15:03:44 Block Report Received
2025/12/03 15:03:54 Block Report Received
2025/12/03 15:04:04 Block Report Received
2025/12/03 15:04:14 Block Report Received
2025/12/03 15:04:24 Block Report Received
2025/12/03 15:04:34 Block Report Received
2025/12/03 15:04:44 Block Report Received
2025/12/03 15:04:54 Block Report Received
2025/12/03 15:05:04 Block Report Received
2025/12/03 15:05:14 Block Report Received
2025/12/03 15:05:24 Block Report Received
2025/12/03 15:05:34 Block Report Received
2025/12/03 15:05:44 Block Report Received
2025/12/03 15:05:54 Block Report Received
2025/12/03 15:06:04 Block Report Received
2025/12/03 15:06:14 Block Report Received
2025/12/03 15:06:24 Block Report Received
2025/12/03 15:06:34 Block Report Received
2025/12/03 15:07:17 Block Report Received
2025/12/03 15:07:20 Block Report Received
2025/12/03 15:07:25 Block Report Received
2025/12/03 15:07:35 Block Report Received
2025/12/03 15:07:46 Block Report Received
2025/12/03 15:07:55 Block Report Received
2025/12/03 15:08:04 Block Report Received
2025/12/03 15:08:14 Block Report Received
2025/12/03 15:08:24 Block Report Received
2025/12/03 15:08:34 Block Report Received
2025/12/03 15:08:44 Block Report Received
2025/12/03 15:08:54 Block Report Received
2025/12/03 15:09:04 Block Report Received
2025/12/03 15:09:14 Block Report Received
2025/12/03 15:09:24 Block Report Received
2025/12/03 15:09:34 Block Report Received
2025/12/03 15:09:44 Block Report Received
2025/12/03 15:09:54 Block Report Received
2025/12/03 15:10:04 Block Report Received
2025/12/03 15:10:14 Block Report Received
2025/12/03 15:10:24 Block Report Received
2025/12/03 15:10:34 Block Report Received
2025/12/03 15:10:44 Block Report Received
2025/12/03 15:10:54 Block Report Received
2025/12/03 15:11:04 Block Report Received
2025/12/03 15:11:14 Block Report Received
2025/12/03 15:11:24 Block Report Received
2025/12/03 15:11:34 Block Report Received
2025/12/03 15:11:44 Block Report Received
2025/12/03 15:11:54 Block Report Received
2025/12/03 15:12:04 Block Report Received
2025/12/03 15:12:14 Block Report Received
2025/12/03 15:12:24 Block Report Received
2025/12/03 15:12:34 Block Report Received
2025/12/03 15:12:44 Block Report Received
2025/12/03 15:12:54 Block Report Received
2025/12/03 15:13:04 Block Report Received
2025/12/03 15:13:14 Block Report Received
2025/12/03 15:13:24 Block Report Received
2025/12/03 15:13:34 Block Report Received
2025/12/03 15:13:44 Block Report Received
2025/12/03 15:13:54 Block Report Received
2025/12/03 15:14:04 Block Report Received
2025/12/03 15:14:14 Block Report Received
2025/12/03 15:14:24 Block Report Received
2025/12/03 15:14:34 Block Report Received
2025/12/03 15:14:44 Block Report Received
2025/12/03 15:14:54 Block Report Received
2025/12/03 15:15:04 Block Report Received
2025/12/03 15:15:14 Block Report Received
2025/12/03 15:15:24 Block Report Received
2025/12/03 15:15:34 Block Report Received
2025/12/03 15:15:44 Block Report Received
2025/12/03 15:15:54 Block Report Received
2025/12/03 15:16:04 Block Report Received
2025/12/03 15:16:14 Block Report Received
2025/12/03 15:16:24 Block Report Received
2025/12/03 15:16:34 Block Report Received
2025/12/03 15:16:44 Block Report Received
2025/12/03 15:16:54 Block Report Received
2025/12/03 15:17:04 Block Report Received
2025/12/03 15:17:14 Block Report Received
2025/12/03 15:17:24 Block Report Received
2025/12/03 15:17:34 Block Report Received
2025/12/03 15:17:44 Block Report Received
2025/12/03 15:17:54 Block Report Received
2025/12/03 15:18:04 Block Report Received
2025/12/03 15:18:14 Block Report Received
2025/12/03 15:18:24 Block Report Received
2025/12/03 15:18:34 Block Report Received
2025/12/03 15:18:44 Block Report Received
2025/12/03 15:18:54 Block Report Received
2025/12/03 15:19:04 Block Report Received
2025/12/03 15:19:14 Block Report Received
2025/12/03 15:19:24 Block Report Received
2025/12/03 15:19:34 Block Report Received
2025/12/03 15:19:44 Block Report Received
2025/12/03 15:19:54 Block Report Received
2025/12/03 15:20:04 Block Report Received
2025/12/03 15:20:14 Block Report Received
2025/12/03 15:20:24 Block Report Received
2025/12/03 15:20:34 Block Report Received
2025/12/03 15:20:44 Block Report Received
2025/12/03 15:20:54 Block Report Received
2025/12/03 15:21:04 Block Report Received
2025/12/03 15:21:14 Block Report Received
2025/12/03 15:21:24 Block Report Received
2025/12/03 15:21:34 Block Report Received
2025/12/03 15:21:44 Block Report Received
2025/12/03 15:21:54 Block Report Received
2025/12/03 15:22:04 Block Report Received
2025/12/03 15:22:14 Block Report Received
2025/12/03 15:22:24 Block Report Received
2025/12/03 15:22:34 Block Report Received
2025/12/03 15:22:44 Block Report Received
2025/12/03 15:22:54 Block Report Received
2025/12/03 15:23:04 Block Report Received
2025/12/03 15:23:14 Block Report Received
2025/12/03 15:23:24 Block Report Received
2025/12/03 15:23:34 Block Report Received
2025/12/03 15:23:44 Block Report Received
2025/12/03 15:23:54 Block Report Received
2025/12/03 15:24:04 Block Report Received
2025/12/03 15:24:14 Block Report Received
2025/12/03 15:24:24 Block Report Received
2025/12/03 15:24:34 Block Report Received
2025/12/03 15:24:44 Block Report Received
2025/12/03 15:24:54 Block Report Received
2025/12/03 15:25:04 Block Report Received
2025/12/03 15:25:14 Block Report Received
2025/12/03 15:25:24 Block Report Received
2025/12/03 15:25:34 Block Report Received
2025/12/03 15:25:44 Block Report Received
2025/12/03 15:25:54 Block Report Received
2025/12/03 15:26:04 Block Report Received
2025/12/03 15:26:14 Block Report Received
2025/12/03 15:26:24 Block Report Received
2025/12/03 15:26:34 Block Report Received
2025/12/03 15:26:44 Block Report Received
2025/12/03 15:26:54 Block Report Received
2025/12/03 15:27:04 Block Report Received
2025/12/03 15:27:14 Block Report Received
2025/12/03 15:27:24 Block Report Received
2025/12/03 15:27:34 Block Report Received
2025/12/03 15:27:44 Block Report Received
2025/12/03 15:27:54 Block Report Received
2025/12/03 15:28:04 Block Report Received
2025/12/03 15:28:14 Block Report Received
2025/12/03 15:28:24 Block Report Received
2025/12/03 15:28:34 Block Report Received
2025/12/03 15:28:44 Block Report Received
2025/12/03 15:28:55 Block Report Received
2025/12/03 15:29:06 Block Report Received
2025/12/03 15:29:14 Block Report Received
2025/12/03 15:29:24 Block Report Received
2025/12/03 15:29:34 Block Report Received
2025/12/03 15:29:44 Block Report Received
2025/12/03 15:29:54 Block Report Received
2025/12/03 15:30:04 Block Report Received
2025/12/03 15:30:14 Block Report Received
2025/12/03 15:30:24 Block Report Received
2025/12/03 15:30:34 Block Report Received
2025/12/03 15:30:44 Block Report Received
2025/12/03 15:30:54 Block Report Received
2025/12/03 15:31:04 Block Report Received
2025/12/03 15:31:14 Block Report Received
2025/12/03 15:31:24 Block Report Received
2025/12/03 15:31:34 Block Report Received
2025/12/03 15:31:44 Block Report Received
2025/12/03 15:31:54 Block Report Received
2025/12/03 15:32:04 Block Report Received
2025/12/03 15:32:14 Block Report Received
2025/12/03 15:32:24 Block Report Received
2025/12/03 15:32:34 Block Report Received
2025/12/03 15:32:44 Block Report Received
2025/12/03 15:32:54 Block Report Received
2025/12/03 15:33:04 Block Report Received
2025/12/03 15:33:14 Block Report Received
2025/12/03 15:33:24 Block Report Received
2025/12/03 15:33:34 Block Report Received
2025/12/03 15:33:44 Block Report Received
2025/12/03 15:33:54 Block Report Received
2025/12/03 15:34:04 Block Report Received
2025/12/03 15:34:14 Block Report Received
2025/12/03 15:34:24 Block Report Received
2025/12/03 15:34:34 Block Report Received
2025/12/03 15:34:44 Block Report Received
2025/12/03 15:34:54 Block Report Received
2025/12/03 15:35:04 Block Report Received
2025/12/03 15:35:14 Block Report Received
2025/12/03 15:35:24 Block Report Received
2025/12/03 15:35:34 Block Report Received
2025/12/03 15:35:44 Block Report Received
2025/12/03 15:35:54 Block Report Received
2025/12/03 15:36:04 Block Report Received
2025/12/03 15:36:14 Block Report Received
2025/12/03 15:36:24 Block Report Received
2025/12/03 15:36:34 Block Report Received
2025/12/03 15:36:44 Block Report Received
2025/12/03 15:36:54 Block Report Received
2025/12/03 15:37:04 Block Report Received
2025/12/03 15:37:14 Block Report Received
2025/12/03 15:37:24 Block Report Received
2025/12/03 15:37:34 Block Report Received
2025/12/03 15:37:44 Block Report Received
2025/12/03 15:37:54 Block Report Received
2025/12/03 15:38:04 Block Report Received
2025/12/03 15:38:14 Block Report Received
2025/12/03 15:38:24 Block Report Received
2025/12/03 15:38:34 Block Report Received
2025/12/03 15:38:44 Block Report Received
2025/12/03 15:38:54 Block Report Received
2025/12/03 15:39:04 Block Report Received
2025/12/03 15:39:14 Block Report Received
2025/12/03 15:39:24 Block Report Received
2025/12/03 15:39:34 Block Report Received
2025/12/03 15:39:44 Block Report Received
2025/12/03 15:39:54 Block Report Received
2025/12/03 15:40:04 Block Report Received
2025/12/03 15:40:14 Block Report Received
2025/12/03 15:40:24 Block Report Received
2025/12/03 15:40:34 Block Report Received
2025/12/03 15:40:44 Block Report Received
2025/12/03 15:40:54 Block Report Received
2025/12/03 15:41:04 Block Report Received
2025/12/03 15:41:14 Block Report Received
2025/12/03 15:41:24 Block Report Received
2025/12/03 15:41:34 Block Report Received
2025/12/03 15:41:44 Block Report Received
2025/12/03 15:41:54 Block Report Received
2025/12/03 15:42:04 Block Report Received
2025/12/03 15:42:14 Block Report Received
2025/12/03 15:42:24 Block Report Received
2025/12/03 15:42:34 Block Report Received
2025/12/03 15:42:44 Block Report Received
2025/12/03 15:42:54 Block Report Received
2025/12/03 15:43:04 Block Report Received
2025/12/03 15:43:14 Block Report Received
2025/12/03 15:43:24 Block Report Received
2025/12/03 15:43:34 Block Report Received
2025/12/03 15:43:44 Block Report Received
2025/12/03 15:43:54 Block Report Received
2025/12/03 15:44:04 Block Report Received
2025/12/03 15:44:14 Block Report Received
2025/12/03 15:44:24 Block Report Received
2025/12/03 15:44:34 Block Report Received
2025/12/03 15:44:44 Block Report Received
2025/12/03 15:44:54 Block Report Received
2025/12/03 15:45:04 Block Report Received
2025/12/03 15:45:14 Block Report Received
2025/12/03 15:45:24 Block Report Received
2025/12/03 15:45:34 Block Report Received
2025/12/03 15:45:44 Block Report Received
2025/12/03 15:45:54 Block Report Received
2025/12/03 15:46:04 Block Report Received
2025/12/03 15:46:14 Block Report Received
2025/12/03 15:46:24 Block Report Received
2025/12/03 15:46:34 Block Report Received
2025/12/03 15:46:44 Block Report Received
2025/12/03 15:46:54 Block Report Received
2025/12/03 15:47:04 Block Report Received
2025/12/03 15:47:14 Block Report Received
2025/12/03 15:47:24 Block Report Received
2025/12/03 15:47:34 Block Report Received
2025/12/03 15:47:44 Block Report Received
2025/12/03 15:47:54 Block Report Received
2025/12/03 15:48:04 Block Report Received
2025/12/03 15:48:14 Block Report Received
2025/12/03 15:48:24 Block Report Received
2025/12/03 15:48:34 Block Report Received
2025/12/03 15:48:44 Block Report Received
2025/12/03 15:48:54 Block Report Received
2025/12/03 15:49:04 Block Report Received
2025/12/03 15:49:14 Block Report Received
2025/12/03 15:49:24 Block Report Received
2025/12/03 15:49:34 Block Report Received
2025/12/03 15:49:44 Block Report Received
2025/12/03 15:49:54 Block Report Received
2025/12/03 15:50:04 Block Report Received
2025/12/03 15:50:14 Block Report Received
2025/12/03 15:50:24 Block Report Received
2025/12/03 15:50:34 Block Report Received
2025/12/03 15:50:44 Block Report Received
2025/12/03 15:50:54 Block Report Received
2025/12/03 15:51:04 Block Report Received
2025/12/03 15:51:14 Block Report Received
2025/12/03 15:51:24 Block Report Received
2025/12/03 15:51:34 Block Report Received
2025/12/03 15:51:44 Block Report Received
2025/12/03 15:51:54 Block Report Received
2025/12/03 15:52:04 Block Report Received
2025/12/03 15:52:14 Block Report Received
2025/12/03 15:52:24 Block Report Received
2025/12/03 15:52:34 Block Report Received
2025/12/03 15:52:44 Block Report Received
2025/12/03 15:52:54 Block Report Received
2025/12/03 15:53:04 Block Report Received
2025/12/03 15:53:14 Block Report Received
2025/12/03 15:53:24 Block Report Received
2025/12/03 15:53:34 Block Report Received
2025/12/03 15:53:44 Block Report Received
2025/12/03 15:53:54 Block Report Received
2025/12/03 15:54:04 Block Report Received
2025/12/03 15:54:14 Block Report Received
2025/12/03 15:54:24 Block Report Received
2025/12/03 15:54:34 Block Report Received
2025/12/03 15:54:44 Block Report Received
2025/12/03 15:54:54 Block Report Received
2025/12/03 15:55:04 Block Report Received
2025/12/03 15:55:14 Block Report Received
2025/12/03 15:55:24 Block Report Received
2025/12/03 15:55:34 Block Report Received
2025/12/03 15:55:44 Block Report Received
2025/12/03 15:55:54 Block Report Received
2025/12/03 15:56:04 Block Report Received
2025/12/03 15:56:14 Block Report Received
2025/12/03 15:56:24 Block Report Received
2025/12/03 15:56:34 Block Report Received
2025/12/03 15:56:44 Block Report Received
2025/12/03 15:56:54 Block Report Received
2025/12/03 15:57:04 Block Report Received
2025/12/03 15:57:14 Block Report Received
2025/12/03 15:57:24 Block Report Received
2025/12/03 15:57:34 Block Report Received
2025/12/03 15:57:44 Block Report Received
2025/12/03 15:57:54 Block Report Received
2025/12/03 15:58:04 Block Report Received
2025/12/03 15:58:14 Block Report Received
2025/12/03 15:58:24 Block Report Received
2025/12/03 15:58:34 Block Report Received
2025/12/03 15:58:44 Block Report Received
2025/12/03 15:58:54 Block Report Received
2025/12/03 15:59:04 Block Report Received
2025/12/03 15:59:14 Block Report Received
2025/12/03 15:59:24 Block Report Received
2025/12/03 15:59:34 Block Report Received
2025/12/03 15:59:44 Block Report Received
2025/12/03 20:50:52 Block Report Received
2025/12/03 20:51:01 Block Report Received
2025/12/03 20:51:11 Block Report Received
2025/12/03 20:51:21 Block Report Received
2025/12/03 20:51:31 Block Report Received
2025/12/03 20:51:39 Block Report Received
2025/12/03 20:51:49 Block Report Received
2025/12/03 20:51:59 Block Report Received
2025/12/03 20:52:11 Block Report Received
2025/12/03 20:52:21 Block Report Received
2025/12/03 20:52:31 Block Report Received
2025/12/03 20:52:41 Block Report Received
2025/12/03 20:52:51 Block Report Received
2025/12/03 20:53:01 Block Report Received
2025/12/03 20:53:11 Block Report Received
2025/12/03 20:53:21 Block Report Received
2025/12/03 20:53:31 Block Report Received
2025/12/03 20:53:41 Block Report Received
2025/12/03 20:53:51 Block Report Received
2025/12/03 20:54:01 Block Report Received
2025/12/03 20:54:11 Block Report Received
2025/12/03 20:54:21 Block Report Received
2025/12/03 20:54:31 Block Report Received
2025/12/03 20:54:41 Block Report Received
2025/12/03 20:54:51 Block Report Received
2025/12/03 20:55:01 Block Report Received
2025/12/03 20:55:11 Block Report Received
2025/12/03 20:55:21 Block Report Received
2025/12/03 20:55:31 Block Report Received
2025/12/03 20:55:41 Block Report Received
2025/12/03 20:55:51 Block Report Received
2025/12/03 20:56:01 Block Report Received
2025/12/03 20:56:11 Block Report Received
2025/12/03 20:56:21 Block Report Received
2025/12/03 20:56:31 Block Report Received
2025/12/03 20:56:41 Block Report Received
2025/12/03 20:56:51 Block Report Received
2025/12/03 20:57:01 Block Report Received
2025/12/03 20:57:11 Block Report Received
2025/12/03 20:57:21 Block Report Received
2025/12/03 20:57:31 Block Report Received
2025/12/03 20:57:41 Block Report Received
2025/12/03 20:57:51 Block Report Received
2025/12/03 20:58:01 Block Report Received
2025/12/03 20:58:11 Block Report Received
2025/12/03 20:58:21 Block Report Received
2025/12/03 20:58:31 Block Report Received
2025/12/03 20:58:41 Block Report Received
2025/12/03 20:58:51 Block Report Received
2025/12/03 20:59:01 Block Report Received
2025/12/03 20:59:11 Block Report Received
2025/12/03 20:59:21 Block Report Received
2025/12/03 20:59:31 Block Report Received
2025/12/03 20:59:41 Block Report Received
2025/12/03 20:59:51 Block Report Received
2025/12/03 21:00:01 Block Report Received
2025/12/03 21:00:11 Block Report Received
2025/12/03 21:00:21 Block Report Received
2025/12/03 21:00:31 Block Report Received
2025/12/03 21:00:41 Block Report Received
2025/12/03 21:00:51 Block Report Received
2025/12/03 21:01:01 Block Report Received
2025/12/03 21:01:11 Block Report Received
2025/12/03 21:01:21 Block Report Received
2025/12/03 21:01:31 Block Report Received
2025/12/03 21:01:41 Block Report Received
2025/12/03 21:01:51 Block Report Received
2025/12/03 21:02:01 Block Report Received
2025/12/03 21:02:11 Block Report Received
2025/12/03 21:02:21 Block Report Received
2025/12/03 21:02:31 Block Report Received
2025/12/03 21:02:41 Block Report Received
2025/12/03 21:02:51 Block Report Received
2025/12/03 21:03:01 Block Report Received
2025/12/03 21:03:11 Block Report Received
2025/12/03 21:03:21 Block Report Received
2025/12/03 21:03:31 Block Report Received
2025/12/03 21:03:41 Block Report Received
2025/12/03 21:03:51 Block Report Received
2025/12/03 21:04:01 Block Report Received
2025/12/03 21:04:11 Block Report Received
2025/12/03 21:04:21 Block Report Received
2025/12/03 21:04:31 Block Report Received
2025/12/03 21:04:41 Block Report Received
2025/12/03 21:04:51 Block Report Received
2025/12/03 21:05:01 Block Report Received
2025/12/03 21:05:11 Block Report Received
2025/12/03 21:05:21 Block Report Received
2025/12/03 21:05:31 Block Report Received
2025/12/03 21:05:41 Block Report Received
2025/12/03 21:05:51 Block Report Received
2025/12/03 21:06:01 Block Report Received
2025/12/03 21:06:11 Block Report Received
2025/12/03 21:06:21 Block Report Received
2025/12/03 21:06:31 Block Report Received
2025/12/03 21:06:41 Block Report Received
2025/12/03 21:06:51 Block Report Received
2025/12/03 21:07:01 Block Report Received
2025/12/03 21:07:11 Block Report Received
2025/12/03 21:07:21 Block Report Received
2025/12/03 21:07:31 Block Report Received
2025/12/03 21:07:41 Block Report Received
2025/12/03 21:07:51 Block Report Received
2025/12/03 21:08:01 Block Report Received
2025/12/03 21:08:11 Block Report Received
2025/12/03 21:08:21 Block Report Received
2025/12/03 21:08:31 Block Report Received
2025/12/03 21:08:41 Block Report Received
2025/12/03 21:08:51 Block Report Received
2025/12/03 21:09:01 Block Report Received
2025/12/03 21:09:11 Block Report Received
2025/12/03 21:09:21 Block Report Received
2025/12/03 21:09:31 Block Report Received
2025/12/03 21:09:41 Block Report Received
2025/12/03 21:09:51 Block Report Received
2025/12/03 21:10:01 Block Report Received
2025/12/03 21:10:11 Block Report Received
2025/12/03 21:10:21 Block Report Received
2025/12/03 21:10:31 Block Report Received
2025/12/03 21:10:41 Block Report Received
2025/12/03 21:10:51 Block Report Received
2025/12/03 21:11:01 Block Report Received
2025/12/03 21:11:11 Block Report Received
2025/12/03 21:11:21 Block Report Received
2025/12/03 21:11:31 Block Report Received
2025/12/03 21:11:41 Block Report Received
2025/12/03 21:11:51 Block Report Received
2025/12/03 21:12:01 Block Report Received
2025/12/03 21:12:11 Block Report Received
2025/12/03 21:12:21 Block Report Received
2025/12/03 21:12:31 Block Report Received
2025/12/03 21:12:41 Block Report Received
2025/12/03 21:12:51 Block Report Received
2025/12/03 21:13:01 Block Report Received
2025/12/03 21:13:11 Block Report Received
2025/12/03 21:13:21 Block Report Received
2025/12/03 21:13:31 Block Report Received
2025/12/03 21:13:41 Block Report Received
2025/12/03 21:13:51 Block Report Received
2025/12/03 21:14:01 Block Report Received
2025/12/03 21:14:11 Block Report Received
2025/12/03 21:14:21 Block Report Received
2025/12/03 21:14:31 Block Report Received
2025/12/03 21:14:41 Block Report Received
2025/12/03 21:14:51 Block Report Received
2025/12/03 21:15:01 Block Report Received
2025/12/03 21:15:11 Block Report Received
2025/12/03 21:15:21 Block Report Received
2025/12/03 21:15:31 Block Report Received
2025/12/03 21:15:41 Block Report Received
2025/12/03 21:15:51 Block Report Received
2025/12/03 21:16:01 Block Report Received
2025/12/03 21:16:11 Block Report Received
2025/12/03 21:16:21 Block Report Received
2025/12/03 21:16:31 Block Report Received
2025/12/03 21:16:41 Block Report Received
2025/12/03 21:16:51 Block Report Received
2025/12/03 21:17:01 Block Report Received
2025/12/03 21:17:11 Block Report Received
2025/12/03 21:17:21 Block Report Received
2025/12/03 21:17:31 Block Report Received
2025/12/03 21:17:41 Block Report Received
2025/12/03 21:17:51 Block Report Received
2025/12/03 21:18:01 Block Report Received
2025/12/03 21:18:11 Block Report Received
2025/12/03 21:18:21 Block Report Received
2025/12/03 21:18:31 Block Report Received
2025/12/03 21:18:41 Block Report Received
2025/12/03 21:18:51 Block Report Received
2025/12/03 21:19:01 Block Report Received
2025/12/03 21:19:11 Block Report Received
2025/12/03 21:19:21 Block Report Received
2025/12/03 21:19:31 Block Report Received
2025/12/03 21:19:41 Block Report Received
2025/12/03 21:19:51 Block Report Received
2025/12/03 21:20:01 Block Report Received
2025/12/03 21:20:11 Block Report Received
2025/12/03 21:20:21 Block Report Received
2025/12/03 21:20:31 Block Report Received
2025/12/03 21:20:41 Block Report Received
2025/12/03 21:20:51 Block Report Received
2025/12/03 21:21:01 Block Report Received
2025/12/03 21:21:11 Block Report Received
2025/12/03 21:21:21 Block Report Received
2025/12/03 21:21:31 Block Report Received
2025/12/03 21:21:41 Block Report Received
2025/12/03 21:21:51 Block Report Received
2025/12/03 21:22:01 Block Report Received
2025/12/03 21:22:11 Block Report Received
2025/12/03 21:22:21 Block Report Received
2025/12/03 21:22:31 Block Report Received
2025/12/03 21:22:41 Block Report Received
2025/12/03 21:22:51 Block Report Received
2025/12/03 21:23:01 Block Report Received
2025/12/03 21:23:11 Block Report Received
2025/12/03 21:23:21 Block Report Received
2025/12/03 21:23:31 Block Report Received
2025/12/03 21:23:41 Block Report Received
2025/12/03 21:23:51 Block Report Received
2025/12/03 21:24:01 Block Report Received
2025/12/03 21:24:11 Block Report Received
2025/12/03 21:24:21 Block Report Received
2025/12/03 21:24:31 Block Report Received
2025/12/03 21:24:41 Block Report Received
2025/12/03 21:24:51 Block Report Received
2025/12/03 21:25:01 Block Report Received
2025/12/03 21:25:11 Block Report Received
2025/12/03 21:25:21 Block Report Received
2025/12/03 21:25:31 Block Report Received
2025/12/03 21:25:41 Block Report Received
2025/12/03 21:25:51 Block Report Received
2025/12/03 21:26:01 Block Report Received
2025/12/03 21:26:11 Block Report Received
2025/12/03 21:26:21 Block Report Received
2025/12/03 21:26:31 Block Report Received
2025/12/03 21:26:41 Block Report Received
2025/12/03 21:26:51 Block Report Received
2025/12/03 21:27:01 Block Report Received
2025/12/03 21:27:11 Block Report Received
2025/12/03 21:27:21 Block Report Received
2025/12/03 21:27:31 Block Report Received
2025/12/03 21:27:41 Block Report Received
2025/12/03 21:27:51 Block Report Received
2025/12/03 21:28:01 Block Report Received
2025/12/03 21:28:11 Block Report Received
2025/12/03 21:28:21 Block Report Received
2025/12/03 21:28:31 Block Report Received
2025/12/03 21:28:41 Block Report Received
2025/12/03 21:28:51 Block Report Received
2025/12/03 21:29:01 Block Report Received
2025/12/03 21:29:11 Block Report Received
2025/12/03 21:29:21 Block Report Received
2025/12/03 21:29:31 Block Report Received
2025/12/03 21:29:41 Block Report Received
2025/12/03 21:29:51 Block Report Received
2025/12/03 21:30:01 Block Report Received
2025/12/03 21:30:11 Block Report Received
2025/12/03 21:30:21 Block Report Received
2025/12/03 21:30:31 Block Report Received
2025/12/03 21:30:41 Block Report Received
2025/12/03 21:30:51 Block Report Received
2025/12/03 21:31:01 Block Report Received
2025/12/03 21:31:11 Block Report Received
2025/12/03 21:31:21 Block Report Received
2025/12/03 21:31:31 Block Report Received
2025/12/03 21:31:41 Block Report Received
2025/12/03 21:31:51 Block Report Received
2025/12/03 21:32:01 Block Report Received
2025/12/03 21:32:11 Block Report Received
2025/12/03 21:32:21 Block Report Received
2025/12/03 21:32:31 Block Report Received
2025/12/03 21:32:41 Block Report Received
2025/12/03 21:32:51 Block Report Received
2025/12/03 21:33:01 Block Report Received
2025/12/03 21:33:11 Block Report Received
2025/12/03 21:33:21 Block Report Received
2025/12/03 21:33:31 Block Report Received
2025/12/03 21:33:41 Block Report Received
2025/12/03 21:33:51 Block Report Received
2025/12/03 21:34:01 Block Report Received
2025/12/03 21:34:11 Block Report Received
2025/12/03 21:34:21 Block Report Received
2025/12/03 21:34:31 Block Report Received
2025/12/03 21:34:41 Block Report Received
2025/12/03 21:34:51 Block Report Received
2025/12/03 21:35:01 Block Report Received
2025/12/03 21:35:11 Block Report Received
2025/12/03 21:35:21 Block Report Received
2025/12/03 21:35:31 Block Report Received
2025/12/03 21:35:41 Block Report Received
2025/12/03 21:35:51 Block Report Received
2025/12/03 21:36:01 Block Report Received
2025/12/03 21:36:11 Block Report Received
2025/12/03 21:36:21 Block Report Received
2025/12/03 21:36:31 Block Report Received
2025/12/03 21:36:41 Block Report Received
2025/12/03 21:36:51 Block Report Received
2025/12/03 21:37:01 Block Report Received
2025/12/03 21:37:11 Block Report Received
2025/12/03 21:37:21 Block Report Received
2025/12/03 21:37:31 Block Report Received
2025/12/03 21:37:41 Block Report Received
2025/12/03 21:37:51 Block Report Received
2025/12/03 21:38:01 Block Report Received
2025/12/03 21:38:11 Block Report Received
2025/12/03 21:38:21 Block Report Received
2025/12/03 21:38:31 Block Report Received
2025/12/03 21:38:41 Block Report Received
2025/12/03 21:38:51 Block Report Received
2025/12/03 21:39:01 Block Report Received
2025/12/03 21:39:11 Block Report Received
2025/12/03 21:39:21 Block Report Received
2025/12/03 21:39:31 Block Report Received
2025/12/03 21:39:41 Block Report Received
2025/12/03 21:39:51 Block Report Received
2025/12/03 21:40:01 Block Report Received
2025/12/03 21:40:11 Block Report Received
2025/12/03 21:40:21 Block Report Received
2025/12/03 21:40:31 Block Report Received
2025/12/03 21:40:41 Block Report Received
2025/12/03 21:40:51 Block Report Received
2025/12/03 21:41:01 Block Report Received
2025/12/03 21:41:11 Block Report Received
2025/12/03 21:41:21 Block Report Received
2025/12/03 21:41:31 Block Report Received
2025/12/03 21:41:41 Block Report Received
2025/12/03 21:41:51 Block Report Received
2025/12/03 21:42:01 Block Report Received
2025/12/03 21:42:11 Block Report Received
2025/12/03 21:42:21 Block Report Received
2025/12/03 21:42:31 Block Report Received
2025/12/03 21:42:41 Block Report Received
2025/12/03 21:42:51 Block Report Received
2025/12/03 21:43:01 Block Report Received
2025/12/03 21:43:11 Block Report Received
2025/12/03 21:43:21 Block Report Received
2025/12/03 21:43:31 Block Report Received
2025/12/03 21:43:41 Block Report Received
2025/12/03 21:43:51 Block Report Received
2025/12/03 21:44:01 Block Report Received
2025/12/03 21:44:11 Block Report Received
2025/12/03 21:44:21 Block Report Received
2025/12/03 21:44:31 Block Report Received
2025/12/03 21:44:41 Block Report Received
2025/12/03 21:44:51 Block Report Received
2025/12/03 21:45:01 Block Report Received
2025/12/03 21:45:11 Block Report Received
2025/12/03 21:45:21 Block Report Received
2025/12/03 21:45:31 Block Report Received
2025/12/03 21:45:41 Block Report Received
2025/12/03 21:45:51 Block Report Received
2025/12/03 21:46:01 Block Report Received
2025/12/03 21:46:11 Block Report Received
2025/12/03 21:46:21 Block Report Received
2025/12/03 21:46:31 Block Report Received
2025/12/03 21:46:41 Block Report Received
2025/12/03 21:46:51 Block Report Received
2025/12/03 21:47:01 Block Report Received
2025/12/03 21:47:11 Block Report Received
2025/12/03 21:47:21 Block Report Received
2025/12/03 21:47:31 Block Report Received
2025/12/03 21:47:41 Block Report Received
2025/12/03 21:47:51 Block Report Received
2025/12/03 21:48:01 Block Report Received
2025/12/03 21:48:11 Block Report Received
2025/12/03 21:48:21 Block Report Received
2025/12/03 21:48:31 Block Report Received
2025/12/03 21:48:41 Block Report Received
2025/12/03 21:48:51 Block Report Received
2025/12/03 21:49:01 Block Report Received
2025/12/03 21:49:11 Block Report Received
2025/12/03 21:49:21 Block Report Received
2025/12/03 21:49:31 Block Report Received
2025/12/03 21:49:41 Block Report Received
2025/12/03 21:49:51 Block Report Received
2025/12/03 21:50:01 Block Report Received
2025/12/03 21:50:11 Block Report Received
2025/12/03 21:50:21 Block Report Received
2025/12/03 21:50:31 Block Report Received
2025/12/03 21:50:41 Block Report Received
2025/12/03 21:50:51 Block Report Received
2025/12/03 21:51:01 Block Report Received
2025/12/03 21:51:11 Block Report Received
2025/12/03 21:51:21 Block Report Received
2025/12/03 21:51:31 Block Report Received
2025/12/03 21:51:41 Block Report Received
2025/12/03 21:51:51 Block Report Received
2025/12/03 21:52:01 Block Report Received
2025/12/03 21:52:11 Block Report Received
2025/12/03 21:52:21 Block Report Received
2025/12/03 21:52:31 Block Report Received
2025/12/03 21:52:41 Block Report Received
2025/12/03 21:52:51 Block Report Received
2025/12/03 21:53:01 Block Report Received
2025/12/03 21:53:11 Block Report Received
2025/12/03 21:53:21 Block Report Received
2025/12/03 21:53:31 Block Report Received
2025/12/03 21:53:41 Block Report Received
2025/12/03 21:53:51 Block Report Received
2025/12/03 21:54:01 Block Report Received
2025/12/03 21:54:11 Block Report Received
2025/12/03 21:54:21 Block Report Received
2025/12/03 21:54:31 Block Report Received
2025/12/03 21:54:41 Block Report Received
2025/12/03 21:54:51 Block Report Received
2025/12/03 21:55:01 Block Report Received
2025/12/03 21:55:11 Block Report Received
2025/12/03 21:55:21 Block Report Received
2025/12/03 21:55:31 Block Report Received
2025/12/03 21:55:41 Block Report Received
2025/12/03 21:55:51 Block Report Received
2025/12/03 21:56:01 Block Report Received
2025/12/03 21:56:11 Block Report Received
2025/12/03 21:56:21 Block Report Received
2025/12/03 21:56:31 Block Report Received
2025/12/03 21:56:41 Block Report Received
2025/12/03 21:56:51 Block Report Received
2025/12/03 21:57:01 Block Report Received
2025/12/03 21:57:11 Block Report Received
2025/12/03 21:57:21 Block Report Received
2025/12/03 21:57:31 Block Report Received
2025/12/03 21:57:41 Block Report Received
2025/12/03 21:57:51 Block Report Received
2025/12/03 21:58:01 Block Report Received
2025/12/03 21:58:11 Block Report Received
2025/12/03 21:58:21 Block Report Received
2025/12/03 21:58:31 Block Report Received
2025/12/03 21:58:41 Block Report Received
2025/12/03 21:58:51 Block Report Received
2025/12/03 21:59:01 Block Report Received
2025/12/03 21:59:11 Block Report Received
2025/12/03 21:59:21 Block Report Received
2025/12/03 21:59:31 Block Report Received
2025/12/03 21:59:41 Block Report Received
2025/12/03 21:59:51 Block Report Received
2025/12/03 22:00:01 Block Report Received
2025/12/03 22:00:11 Block Report Received
2025/12/03 22:00:21 Block Report Received
2025/12/03 22:00:31 Block Report Received
2025/12/03 22:00:41 Block Report Received
2025/12/03 22:00:51 Block Report Received
2025/12/03 22:01:01 Block Report Received
2025/12/03 22:01:11 Block Report Received
2025/12/03 22:01:21 Block Report Received
2025/12/03 22:01:31 Block Report Received
2025/12/03 22:01:41 Block Report Received
2025/12/03 22:01:51 Block Report Received
2025/12/03 22:02:01 Block Report Received
2025/12/03 22:02:11 Block Report Received
2025/12/03 22:02:21 Block Report Received
2025/12/03 22:02:31 Block Report Received
2025/12/03 22:02:41 Block Report Received
2025/12/03 22:02:51 Block Report Received
2025/12/03 22:03:01 Block Report Received
2025/12/03 22:03:11 Block Report Received
2025/12/03 22:03:21 Block Report Received
2025/12/03 22:03:31 Block Report Received
2025/12/03 22:03:41 Block Report Received
2025/12/03 22:03:51 Block Report Received
2025/12/03 22:04:01 Block Report Received
2025/12/03 22:04:11 Block Report Received
2025/12/03 22:04:21 Block Report Received
2025/12/03 22:04:31 Block Report Received
2025/12/03 22:04:41 Block Report Received
2025/12/03 22:04:51 Block Report Received
2025/12/03 22:05:01 Block Report Received
2025/12/03 22:05:11 Block Report Received
2025/12/03 22:05:21 Block Report Received
2025/12/03 22:05:31 Block Report Received
2025/12/03 22:05:41 Block Report Received
2025/12/03 22:05:51 Block Report Received
2025/12/03 22:06:01 Block Report Received
2025/12/03 22:06:11 Block Report Received
2025/12/03 22:06:21 Block Report Received
2025/12/03 22:06:31 Block Report Received
2025/12/03 22:06:41 Block Report Received
2025/12/03 22:06:51 Block Report Received
2025/12/03 22:07:01 Block Report Received
2025/12/03 22:07:11 Block Report Received
2025/12/03 22:07:21 Block Report Received
2025/12/03 22:07:31 Block Report Received
2025/12/03 22:07:41 Block Report Received
2025/12/03 22:07:51 Block Report Received
2025/12/03 22:08:01 Block Report Received
2025/12/03 22:08:11 Block Report Received
2025/12/03 22:08:21 Block Report Received
2025/12/03 22:08:31 Block Report Received
2025/12/03 22:08:41 Block Report Received
2025/12/03 22:08:51 Block Report Received
2025/12/03 22:09:01 Block Report Received
2025/12/03 22:09:11 Block Report Received
2025/12/03 22:09:21 Block Report Received
2025/12/03 22:09:31 Block Report Received
2025/12/03 22:09:41 Block Report Received
2025/12/03 22:09:51 Block Report Received
2025/12/03 22:10:01 Block Report Received
2025/12/03 22:10:11 Block Report Received
2025/12/03 22:10:21 Block Report Received
2025/12/03 22:10:31 Block Report Received
2025/12/03 22:10:41 Block Report Received
2025/12/03 22:10:51 Block Report Received
2025/12/03 22:11:01 Block Report Received
2025/12/03 22:11:11 Block Report Received
2025/12/03 22:11:21 Block Report Received
2025/12/03 22:11:31 Block Report Received
2025/12/03 22:11:41 Block Report Received
2025/12/03 22:11:51 Block Report Received
2025/12/03 22:12:01 Block Report Received
2025/12/03 22:12:11 Block Report Received
2025/12/03 22:12:21 Block Report Received
2025/12/03 22:12:31 Block Report Received
2025/12/03 22:12:41 Block Report Received
2025/12/03 22:12:51 Block Report Received
2025/12/03 22:13:01 Block Report Received
2025/12/03 22:13:11 Block Report Received
2025/12/03 22:13:21 Block Report Received
2025/12/03 22:13:31 Block Report Received
2025/12/03 22:13:41 Block Report Received
2025/12/03 22:13:51 Block Report Received
2025/12/03 22:14:01 Block Report Received
2025/12/03 22:14:11 Block Report Received
2025/12/03 22:14:21 Block Report Received
2025/12/03 22:14:31 Block Report Received
2025/12/03 22:14:41 Block Report Received
2025/12/03 22:14:51 Block Report Received
2025/12/03 22:15:01 Block Report Received
2025/12/03 22:15:11 Block Report Received
2025/12/03 22:15:21 Block Report Received
2025/12/03 22:15:31 Block Report Received
2025/12/03 22:15:41 Block Report Received
2025/12/03 22:15:51 Block Report Received
2025/12/03 22:16:01 Block Report Received
2025/12/03 22:16:11 Block Report Received
2025/12/03 22:16:21 Block Report Received
2025/12/03 22:16:31 Block Report Received
2025/12/03 22:16:41 Block Report Received
2025/12/03 22:16:51 Block Report Received
2025/12/03 22:17:01 Block Report Received
2025/12/03 22:17:11 Block Report Received
2025/12/03 22:17:21 Block Report Received
2025/12/03 22:17:31 Block Report Received
2025/12/03 22:17:41 Block Report Received
2025/12/03 22:17:51 Block Report Received
2025/12/03 22:18:01 Block Report Received
2025/12/03 22:18:11 Block Report Received
2025/12/03 22:18:21 Block Report Received
2025/12/03 22:18:31 Block Report Received
2025/12/03 22:18:41 Block Report Received
2025/12/03 22:18:51 Block Report Received
2025/12/03 22:19:01 Block Report Received
2025/12/03 22:19:11 Block Report Received
2025/12/03 22:19:21 Block Report Received
2025/12/03 22:19:31 Block Report Received
2025/12/03 22:19:41 Block Report Received
2025/12/03 22:19:51 Block Report Received
2025/12/03 22:20:01 Block Report Received
2025/12/03 22:20:11 Block Report Received
2025/12/03 22:20:21 Block Report Received
2025/12/03 22:20:31 Block Report Received
2025/12/03 22:20:41 Block Report Received
2025/12/03 22:20:51 Block Report Received
2025/12/03 22:21:01 Block Report Received
2025/12/03 22:21:11 Block Report Received
2025/12/03 22:21:21 Block Report Received
2025/12/03 22:21:31 Block Report Received
2025/12/03 22:21:41 Block Report Received
2025/12/03 22:21:51 Block Report Received
2025/12/03 22:22:01 Block Report Received
2025/12/03 22:22:11 Block Report Received
2025/12/03 22:22:21 Block Report Received
2025/12/03 22:22:31 Block Report Received
2025/12/03 22:22:41 Block Report Received
2025/12/03 22:22:51 Block Report Received
2025/12/03 22:23:01 Block Report Received
2025/12/03 22:23:11 Block Report Received
2025/12/03 22:23:21 Block Report Received
2025/12/03 22:23:31 Block Report Received
2025/12/03 22:23:41 Block Report Received
2025/12/03 22:23:51 Block Report Received
2025/12/03 22:24:01 Block Report Received
2025/12/03 22:24:11 Block Report Received
2025/12/03 22:24:21 Block Report Received
2025/12/03 22:24:31 Block Report Received
2025/12/03 22:24:41 Block Report Received
2025/12/03 22:24:51 Block Report Received
2025/12/03 22:25:01 Block Report Received
2025/12/03 22:25:11 Block Report Received
2025/12/03 22:25:21 Block Report Received
2025/12/03 22:25:31 Block Report Received
2025/12/03 22:25:41 Block Report Received
2025/12/03 22:25:51 Block Report Received
2025/12/03 22:26:01 Block Report Received
2025/12/03 22:26:11 Block Report Received
2025/12/03 22:26:21 Block Report Received
2025/12/03 22:26:31 Block Report Received
2025/12/03 22:26:41 Block Report Received
2025/12/03 22:26:51 Block Report Received
2025/12/03 22:27:01 Block Report Received
2025/12/03 22:27:11 Block Report Received
2025/12/03 22:27:21 Block Report Received
2025/12/03 22:27:31 Block Report Received
2025/12/03 22:27:41 Block Report Received
2025/12/03 22:27:51 Block Report Received
2025/12/03 22:28:01 Block Report Received
2025/12/03 22:28:11 Block Report Received
2025/12/03 22:28:21 Block Report Received
2025/12/03 22:28:31 Block Report Received
2025/12/03 22:28:41 Block Report Received
2025/12/03 22:28:51 Block Report Received
2025/12/03 22:29:01 Block Report Received
2025/12/03 22:29:11 Block Report Received
2025/12/03 22:29:21 Block Report Received
2025/12/03 22:29:31 Block Report Received
2025/12/03 22:29:41 Block Report Received
2025/12/03 22:29:51 Block Report Received
2025/12/03 22:30:01 Block Report Received
2025/12/03 22:30:11 Block Report Received
2025/12/03 22:30:21 Block Report Received
2025/12/03 22:30:31 Block Report Received
2025/12/03 22:30:41 Block Report Received
2025/12/03 22:30:51 Block Report Received
2025/12/03 22:31:01 Block Report Received
2025/12/03 22:31:11 Block Report Received
2025/12/03 22:31:21 Block Report Received
2025/12/03 22:31:31 Block Report Received
2025/12/03 22:31:41 Block Report Received
2025/12/03 22:31:51 Block Report Received
2025/12/03 22:32:01 Block Report Received
2025/12/03 22:32:11 Block Report Received
2025/12/03 22:32:21 Block Report Received
2025/12/03 22:32:31 Block Report Received
2025/12/03 22:32:41 Block Report Received
2025/12/03 22:32:51 Block Report Received
2025/12/03 22:33:01 Block Report Received
2025/12/03 22:33:11 Block Report Received
2025/12/03 22:33:21 Block Report Received
2025/12/03 22:33:31 Block Report Received
2025/12/03 22:33:41 Block Report Received
2025/12/03 22:33:51 Block Report Received
2025/12/03 22:34:01 Block Report Received
2025/12/03 22:34:11 Block Report Received
2025/12/03 22:34:21 Block Report Received
2025/12/03 22:34:31 Block Report Received
2025/12/03 22:34:41 Block Report Received
2025/12/03 22:34:51 Block Report Received
2025/12/03 22:35:01 Block Report Received
2025/12/03 22:35:11 Block Report Received
2025/12/03 22:35:21 Block Report Received
2025/12/03 22:35:31 Block Report Received
2025/12/03 22:35:41 Block Report Received
2025/12/03 22:35:51 Block Report Received
2025/12/03 22:36:01 Block Report Received
2025/12/03 22:36:11 Block Report Received
2025/12/03 22:36:21 Block Report Received
2025/12/03 22:36:31 Block Report Received
2025/12/03 22:36:41 Block Report Received
2025/12/03 22:36:51 Block Report Received
2025/12/03 22:37:01 Block Report Received
2025/12/03 22:37:11 Block Report Received
2025/12/03 22:37:21 Block Report Received
2025/12/03 22:37:31 Block Report Received
2025/12/03 22:37:41 Block Report Received
2025/12/03 22:37:51 Block Report Received
2025/12/03 22:38:01 Block Report Received
2025/12/03 22:38:11 Block Report Received
2025/12/03 22:38:21 Block Report Received
2025/12/03 22:38:31 Block Report Received
2025/12/03 22:38:41 Block Report Received
2025/12/03 22:38:51 Block Report Received
2025/12/03 22:39:01 Block Report Received
2025/12/03 22:39:11 Block Report Received
2025/12/03 22:39:21 Block Report Received
2025/12/03 22:39:31 Block Report Received
2025/12/03 22:39:41 Block Report Received
2025/12/03 22:39:51 Block Report Received
2025/12/03 22:40:01 Block Report Received
2025/12/03 22:40:11 Block Report Received
2025/12/03 22:40:21 Block Report Received
2025/12/03 22:40:31 Block Report Received
2025/12/03 22:40:41 Block Report Received
2025/12/03 22:40:51 Block Report Received
2025/12/03 22:41:01 Block Report Received
2025/12/03 22:41:11 Block Report Received
2025/12/03 22:41:21 Block Report Received
2025/12/03 22:41:31 Block Report Received
2025/12/03 22:41:41 Block Report Received
2025/12/03 22:41:51 Block Report Received
2025/12/03 22:42:01 Block Report Received
2025/12/03 22:42:11 Block Report Received
2025/12/03 22:42:21 Block Report Received
2025/12/03 22:42:31 Block Report Received
2025/12/03 22:42:41 Block Report Received
2025/12/03 22:42:51 Block Report Received
2025/12/03 22:43:01 Block Report Received
2025/12/03 22:43:11 Block Report Received
2025/12/03 22:43:21 Block Report Received
2025/12/03 22:43:31 Block Report Received
2025/12/03 22:43:41 Block Report Received
2025/12/03 22:43:51 Block Report Received
2025/12/03 22:44:01 Block Report Received
2025/12/03 22:44:11 Block Report Received
2025/12/03 22:44:21 Block Report Received
2025/12/03 22:44:31 Block Report Received
2025/12/03 22:44:41 Block Report Received
2025/12/03 22:44:51 Block Report Received
2025/12/03 22:45:01 Block Report Received
2025/12/03 22:45:11 Block Report Received
2025/12/03 22:45:21 Block Report Received
2025/12/03 22:45:31 Block Report Received
2025/12/03 22:45:41 Block Report Received
2025/12/03 22:45:51 Block Report Received
2025/12/03 22:46:01 Block Report Received
2025/12/03 22:46:11 Block Report Received
2025/12/03 22:46:21 Block Report Received
2025/12/03 22:46:31 Block Report Received
2025/12/03 22:46:41 Block Report Received
2025/12/03 22:46:51 Block Report Received
2025/12/03 22:47:01 Block Report Received
2025/12/03 22:47:11 Block Report Received
2025/12/03 22:47:21 Block Report Received
2025/12/03 22:47:31 Block Report Received
2025/12/03 22:47:41 Block Report Received
2025/12/03 22:47:51 Block Report Received
2025/12/03 22:48:01 Block Report Received
2025/12/03 22:48:11 Block Report Received
2025/12/03 22:48:21 Block Report Received
2025/12/03 22:48:31 Block Report Received
2025/12/03 22:48:41 Block Report Received
2025/12/03 22:48:51 Block Report Received
2025/12/03 22:49:01 Block Report Received
2025/12/03 22:49:11 Block Report Received
2025/12/03 22:49:21 Block Report Received
2025/12/03 22:49:31 Block Report Received
2025/12/03 22:49:41 Block Report Received
2025/12/03 22:49:51 Block Report Received
2025/12/03 22:50:01 Block Report Received
2025/12/03 22:50:11 Block Report Received
2025/12/03 22:50:21 Block Report Received
2025/12/03 22:50:31 Block Report Received
2025/12/03 22:50:41 Block Report Received
2025/12/03 22:50:51 Block Report Received
2025/12/03 22:51:01 Block Report Received
2025/12/03 22:51:11 Block Report Received
2025/12/03 22:51:21 Block Report Received
2025/12/03 22:51:31 Block Report Received
2025/12/03 22:51:41 Block Report Received
2025/12/03 22:51:51 Block Report Received
2025/12/03 22:52:01 Block Report Received
2025/12/03 22:52:11 Block Report Received
2025/12/03 22:52:21 Block Report Received
2025/12/03 22:52:32 Block Report Received
2025/12/03 22:52:47 Block Report Received
2025/12/03 22:52:52 Block Report Received
2025/12/03 22:53:05 Block Report Received
2025/12/03 22:53:12 Block Report Received
2025/12/03 22:53:22 Block Report Received
2025/12/03 22:53:32 Block Report Received
2025/12/03 22:53:44 Block Report Received
2025/12/03 22:53:51 Block Report Received
2025/12/03 22:54:05 Block Report Received
2025/12/03 22:54:12 Block Report Received
2025/12/03 22:54:21 Block Report Received
2025/12/03 22:54:31 Block Report Received
2025/12/03 22:54:42 Block Report Received
2025/12/03 22:54:52 Block Report Received
2025/12/03 22:55:02 Block Report Received
2025/12/03 22:55:12 Block Report Received
2025/12/03 22:55:21 Block Report Received
2025/12/03 22:55:31 Block Report Received
2025/12/03 22:55:42 Block Report Received
2025/12/03 22:55:54 Block Report Received
2025/12/03 22:56:01 Block Report Received
2025/12/03 22:56:11 Block Report Received
2025/12/03 22:56:21 Block Report Received
2025/12/03 22:56:31 Block Report Received
2025/12/03 22:56:41 Block Report Received
2025/12/03 22:56:51 Block Report Received
2025/12/03 22:57:01 Block Report Received
2025/12/03 22:57:11 Block Report Received
2025/12/03 22:57:21 Block Report Received
2025/12/03 22:57:31 Block Report Received
2025/12/03 22:57:41 Block Report Received
2025/12/03 22:57:51 Block Report Received
2025/12/03 22:58:01 Block Report Received
2025/12/03 22:58:11 Block Report Received
2025/12/03 22:58:21 Block Report Received
2025/12/03 22:58:31 Block Report Received
2025/12/03 22:58:41 Block Report Received
2025/12/03 22:58:51 Block Report Received
2025/12/03 22:59:01 Block Report Received
2025/12/03 22:59:11 Block Report Received
2025/12/03 22:59:21 Block Report Received
2025/12/03 22:59:31 Block Report Received
2025/12/03 22:59:41 Block Report Received
2025/12/03 22:59:51 Block Report Received
2025/12/03 23:00:01 Block Report Received
2025/12/03 23:00:11 Block Report Received
2025/12/03 23:00:21 Block Report Received
2025/12/03 23:00:31 Block Report Received
2025/12/03 23:00:41 Block Report Received
2025/12/03 23:00:51 Block Report Received
2025/12/03 23:01:01 Block Report Received
2025/12/03 23:01:11 Block Report Received
2025/12/03 23:01:21 Block Report Received
2025/12/03 23:01:31 Block Report Received
2025/12/03 23:01:41 Block Report Received
2025/12/03 23:01:51 Block Report Received
2025/12/03 23:02:01 Block Report Received
2025/12/03 23:02:11 Block Report Received
2025/12/03 23:02:21 Block Report Received
2025/12/03 23:02:31 Block Report Received
2025/12/03 23:02:41 Block Report Received
2025/12/03 23:02:51 Block Report Received
2025/12/03 23:03:01 Block Report Received
2025/12/03 23:03:11 Block Report Received
2025/12/03 23:03:21 Block Report Received
2025/12/03 23:03:31 Block Report Received
2025/12/03 23:03:41 Block Report Received
2025/12/03 23:03:51 Block Report Received
2025/12/03 23:04:01 Block Report Received
2025/12/03 23:04:11 Block Report Received
2025/12/03 23:04:21 Block Report Received
2025/12/03 23:04:31 Block Report Received
2025/12/03 23:04:41 Block Report Received
2025/12/03 23:04:51 Block Report Received
2025/12/03 23:05:01 Block Report Received
2025/12/03 23:05:11 Block Report Received
2025/12/03 23:05:21 Block Report Received
2025/12/03 23:05:31 Block Report Received
2025/12/03 23:05:41 Block Report Received
2025/12/03 23:05:51 Block Report Received
2025/12/03 23:06:01 Block Report Received
2025/12/03 23:06:11 Block Report Received
2025/12/03 23:06:21 Block Report Received
2025/12/03 23:06:31 Block Report Received
2025/12/03 23:06:41 Block Report Received
2025/12/03 23:06:51 Block Report Received
2025/12/03 23:07:01 Block Report Received
2025/12/03 23:07:11 Block Report Received
2025/12/03 23:07:21 Block Report Received
2025/12/03 23:07:31 Block Report Received
2025/12/03 23:07:41 Block Report Received
2025/12/03 23:07:51 Block Report Received
2025/12/03 23:08:01 Block Report Received
2025/12/03 23:08:11 Block Report Received
2025/12/03 23:08:21 Block Report Received
2025/12/03 23:08:31 Block Report Received
2025/12/03 23:08:41 Block Report Received
2025/12/03 23:08:51 Block Report Received
2025/12/03 23:09:01 Block Report Received
2025/12/03 23:09:11 Block Report Received
2025/12/03 23:09:21 Block Report Received
2025/12/03 23:09:31 Block Report Received
2025/12/03 23:09:41 Block Report Received
2025/12/03 23:09:51 Block Report Received
2025/12/03 23:10:01 Block Report Received
2025/12/03 23:10:11 Block Report Received
2025/12/03 23:10:21 Block Report Received
2025/12/03 23:10:31 Block Report Received
2025/12/03 23:10:41 Block Report Received
2025/12/03 23:10:51 Block Report Received
2025/12/03 23:11:01 Block Report Received
2025/12/03 23:11:11 Block Report Received
2025/12/03 23:11:21 Block Report Received
2025/12/03 23:11:31 Block Report Received
2025/12/03 23:11:41 Block Report Received
2025/12/03 23:11:51 Block Report Received
2025/12/03 23:12:01 Block Report Received
2025/12/03 23:12:11 Block Report Received
2025/12/03 23:12:21 Block Report Received
2025/12/03 23:12:31 Block Report Received
2025/12/03 23:12:41 Block Report Received
2025/12/03 23:12:51 Block Report Received
2025/12/03 23:13:01 Block Report Received
2025/12/03 23:13:11 Block Report Received
2025/12/03 23:13:21 Block Report Received
2025/12/03 23:13:31 Block Report Received
2025/12/03 23:13:41 Block Report Received
2025/12/03 23:13:51 Block Report Received
2025/12/03 23:14:01 Block Report Received
2025/12/03 23:14:11 Block Report Received
2025/12/03 23:14:21 Block Report Received
2025/12/03 23:14:31 Block Report Received
2025/12/03 23:14:41 Block Report Received
2025/12/03 23:14:51 Block Report Received
2025/12/03 23:15:01 Block Report Received
2025/12/03 23:15:11 Block Report Received
2025/12/03 23:15:21 Block Report Received
2025/12/03 23:15:31 Block Report Received
2025/12/03 23:15:41 Block Report Received
2025/12/03 23:15:51 Block Report Received
2025/12/03 23:16:01 Block Report Received
2025/12/03 23:16:11 Block Report Received
2025/12/03 23:16:21 Block Report Received
2025/12/03 23:16:31 Block Report Received
2025/12/03 23:16:41 Block Report Received
2025/12/03 23:16:51 Block Report Received
2025/12/03 23:17:01 Block Report Received
2025/12/03 23:17:11 Block Report Received
2025/12/03 23:17:21 Block Report Received
2025/12/03 23:17:31 Block Report Received
2025/12/03 23:17:41 Block Report Received
2025/12/03 23:17:51 Block Report Received
2025/12/03 23:18:01 Block Report Received
2025/12/03 23:18:11 Block Report Received
2025/12/03 23:18:21 Block Report Received
2025/12/03 23:18:31 Block Report Received
2025/12/03 23:18:41 Block Report Received
2025/12/03 23:18:51 Block Report Received
2025/12/03 23:19:01 Block Report Received
2025/12/03 23:19:11 Block Report Received
2025/12/03 23:19:21 Block Report Received
2025/12/03 23:19:31 Block Report Received
2025/12/03 23:19:41 Block Report Received
2025/12/03 23:19:51 Block Report Received
2025/12/03 23:20:01 Block Report Received
2025/12/03 23:20:11 Block Report Received
2025/12/03 23:20:21 Block Report Received
2025/12/03 23:20:31 Block Report Received
2025/12/03 23:20:41 Block Report Received
2025/12/03 23:20:51 Block Report Received
2025/12/03 23:21:01 Block Report Received
2025/12/03 23:21:11 Block Report Received
2025/12/03 23:21:21 Block Report Received
2025/12/03 23:21:31 Block Report Received
2025/12/03 23:21:41 Block Report Received
2025/12/03 23:21:51 Block Report Received
2025/12/03 23:22:01 Block Report Received
2025/12/03 23:22:11 Block Report Received
2025/12/03 23:22:21 Block Report Received
2025/12/03 23:22:31 Block Report Received
2025/12/03 23:22:41 Block Report Received
2025/12/03 23:22:51 Block Report Received
2025/12/03 23:23:01 Block Report Received
2025/12/03 23:23:11 Block Report Received
2025/12/03 23:23:21 Block Report Received
2025/12/03 23:23:31 Block Report Received
2025/12/03 23:23:41 Block Report Received
2025/12/03 23:23:51 Block Report Received
2025/12/03 23:24:01 Block Report Received
2025/12/03 23:24:11 Block Report Received
2025/12/03 23:24:21 Block Report Received
2025/12/03 23:24:31 Block Report Received
2025/12/03 23:24:41 Block Report Received
2025/12/03 23:24:51 Block Report Received
2025/12/03 23:25:01 Block Report Received
2025/12/03 23:25:11 Block Report Received
2025/12/03 23:25:21 Block Report Received
2025/12/03 23:25:31 Block Report Received
2025/12/03 23:25:41 Block Report Received
2025/12/03 23:25:51 Block Report Received
2025/12/03 23:26:01 Block Report Received
2025/12/03 23:26:11 Block Report Received
2025/12/03 23:26:21 Block Report Received
2025/12/03 23:26:31 Block Report Received
2025/12/03 23:26:41 Block Report Received
2025/12/03 23:26:51 Block Report Received
2025/12/03 23:27:01 Block Report Received
2025/12/03 23:27:11 Block Report Received
2025/12/03 23:27:21 Block Report Received
2025/12/03 23:27:31 Block Report Received
2025/12/03 23:27:41 Block Report Received
2025/12/03 23:27:51 Block Report Received
2025/12/03 23:28:01 Block Report Received
2025/12/03 23:28:11 Block Report Received
2025/12/03 23:28:21 Block Report Received
2025/12/03 23:28:31 Block Report Received
2025/12/03 23:28:41 Block Report Received
2025/12/03 23:28:51 Block Report Received
2025/12/03 23:29:01 Block Report Received
2025/12/03 23:29:11 Block Report Received
2025/12/03 23:29:21 Block Report Received
2025/12/03 23:29:31 Block Report Received
2025/12/03 23:29:41 Block Report Received
2025/12/03 23:29:51 Block Report Received
2025/12/03 23:30:01 Block Report Received
2025/12/03 23:30:11 Block Report Received
2025/12/03 23:30:21 Block Report Received
2025/12/03 23:30:31 Block Report Received
2025/12/03 23:30:41 Block Report Received
2025/12/03 23:30:51 Block Report Received
2025/12/03 23:31:01 Block Report Received
2025/12/03 23:31:11 Block Report Received
2025/12/03 23:31:21 Block Report Received
2025/12/03 23:31:31 Block Report Received
2025/12/03 23:31:41 Block Report Received
2025/12/03 23:31:51 Block Report Received
2025/12/03 23:32:01 Block Report Received
2025/12/03 23:32:11 Block Report Received
2025/12/03 23:32:21 Block Report Received
2025/12/03 23:32:31 Block Report Received
2025/12/03 23:32:41 Block Report Received
2025/12/03 23:32:51 Block Report Received
2025/12/03 23:33:01 Block Report Received
2025/12/03 23:33:11 Block Report Received
2025/12/03 23:33:21 Block Report Received
2025/12/03 23:33:31 Block Report Received
2025/12/03 23:33:41 Block Report Received
2025/12/03 23:33:51 Block Report Received
2025/12/03 23:34:01 Block Report Received
2025/12/03 23:34:11 Block Report Received
2025/12/03 23:34:21 Block Report Received
2025/12/03 23:34:31 Block Report Received
2025/12/03 23:34:41 Block Report Received
2025/12/03 23:34:51 Block Report Received
2025/12/03 23:35:01 Block Report Received
2025/12/03 23:35:11 Block Report Received
2025/12/03 23:35:21 Block Report Received
2025/12/03 23:35:31 Block Report Received
2025/12/03 23:35:41 Block Report Received
2025/12/03 23:35:51 Block Report Received
2025/12/03 23:36:01 Block Report Received
2025/12/03 23:36:11 Block Report Received
2025/12/03 23:36:21 Block Report Received
2025/12/03 23:36:31 Block Report Received
2025/12/03 23:36:41 Block Report Received
2025/12/03 23:36:51 Block Report Received
2025/12/03 23:37:01 Block Report Received
2025/12/03 23:37:11 Block Report Received
2025/12/03 23:37:21 Block Report Received
2025/12/03 23:37:31 Block Report Received
2025/12/03 23:37:41 Block Report Received
2025/12/03 23:37:51 Block Report Received
2025/12/03 23:38:01 Block Report Received
2025/12/03 23:38:11 Block Report Received
2025/12/03 23:38:21 Block Report Received
2025/12/03 23:38:31 Block Report Received
2025/12/03 23:38:41 Block Report Received
2025/12/03 23:38:51 Block Report Received
2025/12/03 23:39:01 Block Report Received
2025/12/03 23:39:11 Block Report Received
2025/12/03 23:39:21 Block Report Received
2025/12/03 23:39:31 Block Report Received
2025/12/03 23:39:41 Block Report Received
2025/12/03 23:39:51 Block Report Received
2025/12/03 23:40:01 Block Report Received
2025/12/03 23:40:11 Block Report Received
2025/12/03 23:40:21 Block Report Received
2025/12/03 23:40:31 Block Report Received
2025/12/03 23:40:41 Block Report Received
2025/12/03 23:40:51 Block Report Received
2025/12/03 23:41:01 Block Report Received
2025/12/03 23:41:11 Block Report Received
2025/12/03 23:41:21 Block Report Received
2025/12/03 23:41:31 Block Report Received
2025/12/03 23:41:41 Block Report Received
2025/12/03 23:41:51 Block Report Received
2025/12/03 23:42:01 Block Report Received
2025/12/03 23:42:11 Block Report Received
2025/12/03 23:42:21 Block Report Received
2025/12/03 23:42:31 Block Report Received
2025/12/03 23:42:41 Block Report Received
2025/12/03 23:42:51 Block Report Received
2025/12/03 23:43:01 Block Report Received
2025/12/03 23:43:11 Block Report Received
2025/12/03 23:43:21 Block Report Received
2025/12/03 23:43:31 Block Report Received
2025/12/03 23:43:41 Block Report Received
2025/12/03 23:43:51 Block Report Received
2025/12/03 23:44:01 Block Report Received
2025/12/03 23:44:11 Block Report Received
2025/12/03 23:44:21 Block Report Received
2025/12/03 23:44:31 Block Report Received
2025/12/03 23:44:41 Block Report Received
2025/12/03 23:44:51 Block Report Received
2025/12/03 23:45:01 Block Report Received
2025/12/03 23:45:11 Block Report Received
2025/12/03 23:45:21 Block Report Received
2025/12/03 23:45:31 Block Report Received
2025/12/03 23:45:41 Block Report Received
2025/12/03 23:45:51 Block Report Received
2025/12/03 23:46:01 Block Report Received
2025/12/03 23:46:11 Block Report Received
2025/12/03 23:46:21 Block Report Received
2025/12/03 23:46:31 Block Report Received
2025/12/03 23:46:41 Block Report Received
2025/12/03 23:46:51 Block Report Received
2025/12/03 23:47:01 Block Report Received
2025/12/03 23:47:11 Block Report Received
2025/12/03 23:47:21 Block Report Received
2025/12/03 23:47:31 Block Report Received
2025/12/03 23:47:41 Block Report Received
2025/12/03 23:47:51 Block Report Received
2025/12/03 23:48:01 Block Report Received
2025/12/03 23:48:11 Block Report Received
2025/12/03 23:48:21 Block Report Received
2025/12/03 23:48:31 Block Report Received
2025/12/03 23:48:41 Block Report Received
2025/12/03 23:48:51 Block Report Received
2025/12/03 23:49:01 Block Report Received
2025/12/03 23:49:11 Block Report Received
2025/12/03 23:49:21 Block Report Received
2025/12/03 23:49:31 Block Report Received
2025/12/03 23:49:41 Block Report Received
2025/12/03 23:49:51 Block Report Received
2025/12/03 23:50:01 Block Report Received
2025/12/03 23:50:11 Block Report Received
2025/12/03 23:50:21 Block Report Received
2025/12/03 23:50:31 Block Report Received
2025/12/03 23:50:41 Block Report Received
2025/12/03 23:50:51 Block Report Received
2025/12/03 23:51:01 Block Report Received
2025/12/03 23:51:11 Block Report Received
2025/12/03 23:51:21 Block Report Received
2025/12/03 23:51:31 Block Report Received
2025/12/03 23:51:41 Block Report Received
2025/12/03 23:51:51 Block Report Received
2025/12/03 23:52:01 Block Report Received
2025/12/03 23:52:11 Block Report Received
2025/12/03 23:52:21 Block Report Received
2025/12/03 23:52:31 Block Report Received
2025/12/03 23:52:41 Block Report Received
2025/12/03 23:52:51 Block Report Received
2025/12/03 23:53:01 Block Report Received
2025/12/03 23:53:11 Block Report Received
2025/12/03 23:53:21 Block Report Received
2025/12/03 23:53:31 Block Report Received
2025/12/03 23:53:41 Block Report Received
2025/12/03 23:53:51 Block Report Received
2025/12/03 23:54:01 Block Report Received
2025/12/03 23:54:11 Block Report Received
2025/12/03 23:54:21 Block Report Received
2025/12/03 23:54:31 Block Report Received
2025/12/03 23:54:41 Block Report Received
2025/12/03 23:54:51 Block Report Received
2025/12/03 23:55:01 Block Report Received
2025/12/03 23:55:11 Block Report Received
2025/12/03 23:55:21 Block Report Received
2025/12/03 23:55:31 Block Report Received
2025/12/03 23:55:41 Block Report Received
2025/12/03 23:55:51 Block Report Received
2025/12/03 23:56:01 Block Report Received
2025/12/03 23:56:11 Block Report Received
2025/12/03 23:56:21 Block Report Received
2025/12/03 23:56:31 Block Report Received
2025/12/03 23:56:41 Block Report Received
2025/12/03 23:56:51 Block Report Received
2025/12/03 23:57:01 Block Report Received
2025/12/03 23:57:11 Block Report Received
2025/12/03 23:57:21 Block Report Received
2025/12/03 23:57:31 Block Report Received
2025/12/03 23:57:41 Block Report Received
2025/12/03 23:57:51 Block Report Received
2025/12/03 23:58:01 Block Report Received
2025/12/03 23:58:11 Block Report Received
2025/12/03 23:58:21 Block Report Received
2025/12/03 23:58:31 Block Report Received
2025/12/03 23:58:41 Block Report Received
2025/12/03 23:58:51 Block Report Received
2025/12/03 23:59:01 Block Report Received
2025/12/03 23:59:11 Block Report Received
2025/12/03 23:59:21 Block Report Received
2025/12/03 23:59:31 Block Report Received
2025/12/03 23:59:41 Block Report Received
2025/12/03 23:59:51 Block Report Received
2025/12/04 00:00:01 Block Report Received
2025/12/04 00:00:11 Block Report Received
2025/12/04 00:00:21 Block Report Received
2025/12/04 00:00:31 Block Report Received
2025/12/04 00:00:41 Block Report Received
2025/12/04 00:00:51 Block Report Received
2025/12/04 00:01:01 Block Report Received
2025/12/04 00:01:11 Block Report Received
2025/12/04 00:01:21 Block Report Received
2025/12/04 00:01:31 Block Report Received
2025/12/04 00:01:41 Block Report Received
2025/12/04 00:01:51 Block Report Received
2025/12/04 00:02:01 Block Report Received
2025/12/04 00:02:11 Block Report Received
2025/12/04 00:02:21 Block Report Received
2025/12/04 00:02:31 Block Report Received
2025/12/04 00:02:41 Block Report Received
2025/12/04 00:02:51 Block Report Received
2025/12/04 00:03:01 Block Report Received
2025/12/04 00:03:11 Block Report Received
2025/12/04 00:03:21 Block Report Received
2025/12/04 00:03:31 Block Report Received
2025/12/04 00:03:41 Block Report Received
2025/12/04 00:03:51 Block Report Received
2025/12/04 00:04:01 Block Report Received
2025/12/04 00:04:11 Block Report Received
2025/12/04 00:04:21 Block Report Received
2025/12/04 00:04:31 Block Report Received
2025/12/04 00:04:41 Block Report Received
2025/12/04 00:04:51 Block Report Received
2025/12/04 00:05:01 Block Report Received
2025/12/04 00:05:11 Block Report Received
2025/12/04 00:05:21 Block Report Received
2025/12/04 00:05:31 Block Report Received
2025/12/04 00:05:41 Block Report Received
2025/12/04 00:05:51 Block Report Received
2025/12/04 00:06:01 Block Report Received
2025/12/04 00:06:11 Block Report Received
2025/12/04 00:06:21 Block Report Received
2025/12/04 00:06:31 Block Report Received
2025/12/04 00:06:41 Block Report Received
2025/12/04 00:06:51 Block Report Received
2025/12/04 00:07:01 Block Report Received
2025/12/04 00:07:11 Block Report Received
2025/12/04 00:07:21 Block Report Received
2025/12/04 00:07:31 Block Report Received
2025/12/04 00:07:41 Block Report Received
2025/12/04 00:07:51 Block Report Received
2025/12/04 00:08:01 Block Report Received
2025/12/04 00:08:11 Block Report Received
2025/12/04 00:08:21 Block Report Received
2025/12/04 00:08:31 Block Report Received
2025/12/04 00:08:41 Block Report Received
2025/12/04 00:08:51 Block Report Received
2025/12/04 00:09:01 Block Report Received
2025/12/04 00:09:11 Block Report Received
2025/12/04 00:09:21 Block Report Received
2025/12/04 00:09:31 Block Report Received
2025/12/04 00:09:41 Block Report Received
2025/12/04 00:09:51 Block Report Received
2025/12/04 00:10:01 Block Report Received
2025/12/04 00:10:11 Block Report Received
2025/12/04 00:10:21 Block Report Received
2025/12/04 00:10:31 Block Report Received
2025/12/04 00:10:41 Block Report Received
2025/12/04 00:10:51 Block Report Received
2025/12/04 00:11:01 Block Report Received
2025/12/04 00:11:11 Block Report Received
2025/12/04 00:11:21 Block Report Received
2025/12/04 00:11:31 Block Report Received
2025/12/04 00:11:41 Block Report Received
2025/12/04 00:11:51 Block Report Received
2025/12/04 00:12:01 Block Report Received
2025/12/04 00:12:11 Block Report Received
2025/12/04 00:12:21 Block Report Received
2025/12/04 00:12:31 Block Report Received
2025/12/04 00:12:41 Block Report Received
2025/12/04 00:12:51 Block Report Received
2025/12/04 00:13:01 Block Report Received
2025/12/04 00:13:11 Block Report Received
2025/12/04 00:13:21 Block Report Received
2025/12/04 00:13:31 Block Report Received
2025/12/04 00:13:41 Block Report Received
2025/12/04 00:13:51 Block Report Received
2025/12/04 00:14:01 Block Report Received
2025/12/04 00:14:11 Block Report Received
2025/12/04 00:14:21 Block Report Received
2025/12/04 00:14:31 Block Report Received
2025/12/04 00:14:41 Block Report Received
2025/12/04 00:14:51 Block Report Received
2025/12/04 00:15:01 Block Report Received
2025/12/04 00:15:11 Block Report Received
2025/12/04 00:15:21 Block Report Received
2025/12/04 00:15:31 Block Report Received
2025/12/04 00:15:41 Block Report Received
2025/12/04 00:15:51 Block Report Received
2025/12/04 00:16:01 Block Report Received
2025/12/04 00:16:11 Block Report Received
2025/12/04 00:16:21 Block Report Received
2025/12/04 00:16:31 Block Report Received
2025/12/04 00:16:41 Block Report Received
2025/12/04 00:16:51 Block Report Received
2025/12/04 00:17:01 Block Report Received
2025/12/04 00:17:11 Block Report Received
2025/12/04 00:17:21 Block Report Received
2025/12/04 00:17:31 Block Report Received
2025/12/04 00:17:41 Block Report Received
2025/12/04 00:17:51 Block Report Received
2025/12/04 00:18:01 Block Report Received
2025/12/04 00:18:11 Block Report Received
2025/12/04 00:18:21 Block Report Received
2025/12/04 00:18:31 Block Report Received
2025/12/04 00:18:41 Block Report Received
2025/12/04 00:18:51 Block Report Received
2025/12/04 00:19:01 Block Report Received
2025/12/04 00:19:11 Block Report Received
2025/12/04 00:19:21 Block Report Received
2025/12/04 00:19:31 Block Report Received
2025/12/04 00:19:41 Block Report Received
2025/12/04 00:19:51 Block Report Received
2025/12/04 00:20:01 Block Report Received
2025/12/04 00:20:11 Block Report Received
2025/12/04 00:20:21 Block Report Received
2025/12/04 00:20:31 Block Report Received
2025/12/04 00:20:41 Block Report Received
2025/12/04 00:20:51 Block Report Received
2025/12/04 00:21:01 Block Report Received
2025/12/04 00:21:11 Block Report Received
2025/12/04 00:21:21 Block Report Received
2025/12/04 00:21:31 Block Report Received
2025/12/04 00:21:41 Block Report Received
2025/12/04 00:21:51 Block Report Received
2025/12/04 00:22:01 Block Report Received
2025/12/04 00:22:11 Block Report Received
2025/12/04 00:22:21 Block Report Received
2025/12/04 00:22:31 Block Report Received
2025/12/04 00:22:41 Block Report Received
2025/12/04 00:22:51 Block Report Received
2025/12/04 00:23:01 Block Report Received
2025/12/04 00:23:11 Block Report Received
2025/12/04 00:23:21 Block Report Received
2025/12/04 00:23:31 Block Report Received
2025/12/04 00:23:41 Block Report Received
2025/12/04 00:23:51 Block Report Received
2025/12/04 00:24:01 Block Report Received
2025/12/04 00:24:11 Block Report Received
2025/12/04 00:24:21 Block Report Received
2025/12/04 00:24:31 Block Report Received
2025/12/04 00:24:41 Block Report Received
2025/12/04 00:24:51 Block Report Received
2025/12/04 00:25:01 Block Report Received
2025/12/04 00:25:11 Block Report Received
2025/12/04 00:25:21 Block Report Received
2025/12/04 00:25:31 Block Report Received
2025/12/04 00:25:41 Block Report Received
2025/12/04 00:25:51 Block Report Received
2025/12/04 00:26:01 Block Report Received
2025/12/04 00:26:11 Block Report Received
2025/12/04 00:26:21 Block Report Received
2025/12/04 00:26:31 Block Report Received
2025/12/04 00:26:41 Block Report Received
2025/12/04 00:26:51 Block Report Received
2025/12/04 00:27:01 Block Report Received
2025/12/04 00:27:11 Block Report Received
2025/12/04 00:27:21 Block Report Received
2025/12/04 00:27:31 Block Report Received
2025/12/04 00:27:41 Block Report Received
2025/12/04 00:27:51 Block Report Received
2025/12/04 00:28:01 Block Report Received
2025/12/04 00:28:11 Block Report Received
2025/12/04 00:28:21 Block Report Received
2025/12/04 00:28:31 Block Report Received
2025/12/04 00:28:41 Block Report Received
2025/12/04 00:28:51 Block Report Received
2025/12/04 00:29:01 Block Report Received
2025/12/04 00:29:11 Block Report Received
2025/12/04 00:29:21 Block Report Received
2025/12/04 00:29:31 Block Report Received
2025/12/04 00:29:41 Block Report Received
2025/12/04 00:29:51 Block Report Received
2025/12/04 00:30:01 Block Report Received
2025/12/04 00:30:11 Block Report Received
2025/12/04 00:30:21 Block Report Received
2025/12/04 00:30:31 Block Report Received
2025/12/04 00:30:41 Block Report Received
2025/12/04 00:30:51 Block Report Received
2025/12/04 00:31:01 Block Report Received
2025/12/04 00:31:11 Block Report Received
2025/12/04 00:31:21 Block Report Received
2025/12/04 00:31:31 Block Report Received
2025/12/04 00:31:41 Block Report Received
2025/12/04 00:31:51 Block Report Received
2025/12/04 00:32:01 Block Report Received
2025/12/04 00:32:11 Block Report Received
2025/12/04 00:32:21 Block Report Received
2025/12/04 00:32:31 Block Report Received
2025/12/04 00:32:41 Block Report Received
2025/12/04 00:32:51 Block Report Received
2025/12/04 00:33:01 Block Report Received
2025/12/04 00:33:11 Block Report Received
2025/12/04 00:33:21 Block Report Received
2025/12/04 00:33:31 Block Report Received
2025/12/04 00:33:41 Block Report Received
2025/12/04 00:33:51 Block Report Received
2025/12/04 00:34:01 Block Report Received
2025/12/04 00:34:11 Block Report Received
2025/12/04 00:34:21 Block Report Received
2025/12/04 00:34:31 Block Report Received
2025/12/04 00:34:41 Block Report Received
2025/12/04 00:34:51 Block Report Received
2025/12/04 00:35:01 Block Report Received
2025/12/04 00:35:11 Block Report Received
2025/12/04 00:35:21 Block Report Received
2025/12/04 00:35:31 Block Report Received
2025/12/04 00:35:41 Block Report Received
2025/12/04 00:35:51 Block Report Received
2025/12/04 00:36:01 Block Report Received
2025/12/04 00:36:11 Block Report Received
2025/12/04 00:36:21 Block Report Received
2025/12/04 00:36:31 Block Report Received
2025/12/04 00:36:41 Block Report Received
2025/12/04 00:36:51 Block Report Received
2025/12/04 00:37:01 Block Report Received
2025/12/04 00:37:11 Block Report Received
2025/12/04 00:37:21 Block Report Received
2025/12/04 00:37:31 Block Report Received
2025/12/04 00:37:41 Block Report Received
2025/12/04 00:37:51 Block Report Received
2025/12/04 00:38:01 Block Report Received
2025/12/04 00:38:11 Block Report Received
2025/12/04 00:38:21 Block Report Received
2025/12/04 00:38:31 Block Report Received
2025/12/04 00:38:41 Block Report Received
2025/12/04 00:38:51 Block Report Received
2025/12/04 00:39:01 Block Report Received
2025/12/04 00:39:11 Block Report Received
2025/12/04 00:39:21 Block Report Received
2025/12/04 00:39:31 Block Report Received
2025/12/04 00:39:41 Block Report Received
2025/12/04 00:39:51 Block Report Received
2025/12/04 00:40:01 Block Report Received
2025/12/04 00:40:11 Block Report Received
2025/12/04 00:40:21 Block Report Received
2025/12/04 00:40:31 Block Report Received
2025/12/04 00:40:41 Block Report Received
2025/12/04 00:40:51 Block Report Received
2025/12/04 00:41:01 Block Report Received
2025/12/04 00:41:11 Block Report Received
2025/12/04 00:41:21 Block Report Received
2025/12/04 00:41:31 Block Report Received
2025/12/04 00:41:41 Block Report Received
2025/12/04 00:41:51 Block Report Received
2025/12/04 00:42:01 Block Report Received
2025/12/04 00:42:11 Block Report Received
2025/12/04 00:42:21 Block Report Received
2025/12/04 00:42:31 Block Report Received
2025/12/04 00:42:41 Block Report Received
2025/12/04 00:42:51 Block Report Received
2025/12/04 00:43:01 Block Report Received
2025/12/04 00:43:11 Block Report Received
2025/12/04 00:43:21 Block Report Received
2025/12/04 00:43:31 Block Report Received
2025/12/04 00:43:41 Block Report Received
2025/12/04 00:43:51 Block Report Received
2025/12/04 00:44:01 Block Report Received
2025/12/04 00:44:11 Block Report Received
2025/12/04 00:44:21 Block Report Received
2025/12/04 00:44:31 Block Report Received
2025/12/04 00:44:41 Block Report Received
2025/12/04 00:44:51 Block Report Received
2025/12/04 00:45:01 Block Report Received
2025/12/04 00:45:11 Block Report Received
2025/12/04 00:45:21 Block Report Received
2025/12/04 00:45:31 Block Report Received
2025/12/04 00:45:41 Block Report Received
2025/12/04 00:45:51 Block Report Received
2025/12/04 00:46:01 Block Report Received
2025/12/04 00:46:11 Block Report Received
2025/12/04 00:46:21 Block Report Received
2025/12/04 00:46:31 Block Report Received
2025/12/04 00:46:41 Block Report Received
2025/12/04 00:46:51 Block Report Received
2025/12/04 00:47:01 Block Report Received
2025/12/04 00:47:11 Block Report Received
2025/12/04 00:47:21 Block Report Received
2025/12/04 00:47:31 Block Report Received
2025/12/04 00:47:41 Block Report Received
2025/12/04 00:47:51 Block Report Received
2025/12/04 00:48:01 Block Report Received
2025/12/04 00:48:11 Block Report Received
2025/12/04 00:48:21 Block Report Received
2025/12/04 00:48:31 Block Report Received
2025/12/04 00:48:41 Block Report Received
2025/12/04 00:48:51 Block Report Received
2025/12/04 00:49:01 Block Report Received
2025/12/04 00:49:11 Block Report Received
2025/12/04 00:49:21 Block Report Received
2025/12/04 00:49:31 Block Report Received
2025/12/04 00:49:41 Block Report Received
2025/12/04 00:49:51 Block Report Received
2025/12/04 00:50:01 Block Report Received
2025/12/04 00:50:11 Block Report Received
2025/12/04 00:50:21 Block Report Received
2025/12/04 00:50:31 Block Report Received
2025/12/04 00:50:41 Block Report Received
2025/12/04 00:50:51 Block Report Received
2025/12/04 00:51:01 Block Report Received
2025/12/04 00:51:11 Block Report Received
2025/12/04 00:51:21 Block Report Received
2025/12/04 00:51:31 Block Report Received
2025/12/04 00:51:41 Block Report Received
2025/12/04 00:51:51 Block Report Received
2025/12/04 00:52:01 Block Report Received
2025/12/04 00:52:11 Block Report Received
2025/12/04 00:52:21 Block Report Received
2025/12/04 00:52:31 Block Report Received
2025/12/04 00:52:41 Block Report Received
2025/12/04 00:52:51 Block Report Received
2025/12/04 00:53:01 Block Report Received
2025/12/04 00:53:11 Block Report Received
2025/12/04 00:53:21 Block Report Received
2025/12/04 00:53:31 Block Report Received
2025/12/04 00:53:41 Block Report Received
2025/12/04 00:53:51 Block Report Received
2025/12/04 00:54:01 Block Report Received
2025/12/04 00:54:11 Block Report Received
2025/12/04 00:54:21 Block Report Received
2025/12/04 00:54:31 Block Report Received
2025/12/04 00:54:41 Block Report Received
2025/12/04 00:54:51 Block Report Received
2025/12/04 00:55:01 Block Report Received
2025/12/04 00:55:11 Block Report Received
2025/12/04 00:55:21 Block Report Received
2025/12/04 00:55:31 Block Report Received
2025/12/04 00:55:41 Block Report Received
2025/12/04 00:55:51 Block Report Received
2025/12/04 00:56:01 Block Report Received
2025/12/04 00:56:11 Block Report Received
2025/12/04 00:56:21 Block Report Received
2025/12/04 00:56:31 Block Report Received
2025/12/04 00:56:41 Block Report Received
2025/12/04 00:56:51 Block Report Received
2025/12/04 00:57:01 Block Report Received
2025/12/04 00:57:11 Block Report Received
2025/12/04 00:57:21 Block Report Received
2025/12/04 00:57:31 Block Report Received
2025/12/04 00:57:41 Block Report Received
2025/12/04 00:57:51 Block Report Received
2025/12/04 00:58:01 Block Report Received
2025/12/04 00:58:11 Block Report Received
2025/12/04 00:58:21 Block Report Received
2025/12/04 00:58:31 Block Report Received
2025/12/04 00:58:41 Block Report Received
2025/12/04 00:58:51 Block Report Received
2025/12/04 00:59:01 Block Report Received
2025/12/04 00:59:11 Block Report Received
2025/12/04 00:59:21 Block Report Received
2025/12/04 00:59:31 Block Report Received
2025/12/04 00:59:41 Block Report Received
2025/12/04 00:59:51 Block Report Received
2025/12/04 01:00:01 Block Report Received
2025/12/04 01:00:11 Block Report Received
2025/12/04 01:00:21 Block Report Received
2025/12/04 01:00:31 Block Report Received
2025/12/04 01:00:41 Block Report Received
2025/12/04 01:00:51 Block Report Received
2025/12/04 01:01:01 Block Report Received
2025/12/04 01:01:11 Block Report Received
2025/12/04 01:01:21 Block Report Received
2025/12/04 01:01:31 Block Report Received
2025/12/04 01:01:41 Block Report Received
2025/12/04 01:01:51 Block Report Received
2025/12/04 01:02:01 Block Report Received
2025/12/04 01:02:11 Block Report Received
2025/12/04 01:02:21 Block Report Received
2025/12/04 01:02:31 Block Report Received
2025/12/04 01:02:41 Block Report Received
2025/12/04 01:02:51 Block Report Received
2025/12/04 01:03:01 Block Report Received
2025/12/04 01:03:11 Block Report Received
2025/12/04 01:03:21 Block Report Received
2025/12/04 01:03:31 Block Report Received
2025/12/04 01:03:41 Block Report Received
2025/12/04 01:03:51 Block Report Received
2025/12/04 01:04:01 Block Report Received
2025/12/04 01:04:11 Block Report Received
2025/12/04 01:04:21 Block Report Received
2025/12/04 01:04:31 Block Report Received
2025/12/04 01:04:41 Block Report Received
2025/12/04 01:04:51 Block Report Received
2025/12/04 01:05:01 Block Report Received
2025/12/04 01:05:11 Block Report Received
2025/12/04 01:05:21 Block Report Received
2025/12/04 01:05:31 Block Report Received
2025/12/04 01:05:41 Block Report Received
2025/12/04 01:05:51 Block Report Received
2025/12/04 01:06:01 Block Report Received
2025/12/04 01:06:11 Block Report Received
2025/12/04 01:06:21 Block Report Received
2025/12/04 01:06:31 Block Report Received
2025/12/04 01:06:41 Block Report Received
2025/12/04 01:06:51 Block Report Received
2025/12/04 01:07:01 Block Report Received
2025/12/04 01:07:11 Block Report Received
2025/12/04 01:07:21 Block Report Received
2025/12/04 01:07:31 Block Report Received
2025/12/04 01:07:41 Block Report Received
2025/12/04 01:07:51 Block Report Received
2025/12/04 01:08:01 Block Report Received
2025/12/04 01:08:11 Block Report Received
2025/12/04 01:08:21 Block Report Received
2025/12/04 01:08:31 Block Report Received
2025/12/04 01:08:41 Block Report Received
2025/12/04 01:08:51 Block Report Received
2025/12/04 01:09:01 Block Report Received
2025/12/04 01:09:11 Block Report Received
2025/12/04 01:09:21 Block Report Received
2025/12/04 01:09:31 Block Report Received
2025/12/04 01:09:41 Block Report Received
2025/12/04 01:09:51 Block Report Received
2025/12/04 01:10:01 Block Report Received
2025/12/04 01:10:11 Block Report Received
2025/12/04 01:10:21 Block Report Received
2025/12/04 01:10:31 Block Report Received
2025/12/04 01:10:41 Block Report Received
2025/12/04 01:10:51 Block Report Received
2025/12/04 01:11:01 Block Report Received
2025/12/04 01:11:11 Block Report Received
2025/12/04 01:11:21 Block Report Received
2025/12/04 01:11:31 Block Report Received
2025/12/04 01:11:41 Block Report Received
2025/12/04 01:11:51 Block Report Received
2025/12/04 01:12:01 Block Report Received
2025/12/04 01:12:11 Block Report Received
2025/12/04 01:12:21 Block Report Received
2025/12/04 01:12:31 Block Report Received
2025/12/04 01:12:41 Block Report Received
2025/12/04 01:12:51 Block Report Received
2025/12/04 01:13:01 Block Report Received
2025/12/04 01:13:11 Block Report Received
2025/12/04 01:13:21 Block Report Received
2025/12/04 01:13:31 Block Report Received
2025/12/04 01:13:41 Block Report Received
2025/12/04 01:13:51 Block Report Received
2025/12/04 01:14:01 Block Report Received
2025/12/04 01:14:11 Block Report Received
2025/12/04 01:14:21 Block Report Received
2025/12/04 01:14:31 Block Report Received
2025/12/04 01:14:41 Block Report Received
2025/12/04 01:14:51 Block Report Received
2025/12/04 01:15:01 Block Report Received
2025/12/04 01:15:11 Block Report Received
2025/12/04 01:15:21 Block Report Received
2025/12/04 01:15:31 Block Report Received
2025/12/04 01:15:41 Block Report Received
2025/12/04 01:15:51 Block Report Received
2025/12/04 01:16:01 Block Report Received
2025/12/04 01:16:11 Block Report Received
2025/12/04 01:16:21 Block Report Received
2025/12/04 01:16:31 Block Report Received
2025/12/04 01:16:41 Block Report Received
2025/12/04 01:16:51 Block Report Received
2025/12/04 01:17:01 Block Report Received
2025/12/04 01:17:11 Block Report Received
2025/12/04 01:17:21 Block Report Received
2025/12/04 01:17:31 Block Report Received
2025/12/04 01:17:41 Block Report Received
2025/12/04 01:17:51 Block Report Received
2025/12/04 01:18:01 Block Report Received
2025/12/04 01:18:11 Block Report Received
2025/12/04 01:18:21 Block Report Received
2025/12/04 01:18:31 Block Report Received
2025/12/04 01:18:41 Block Report Received
2025/12/04 01:18:51 Block Report Received
2025/12/04 01:19:01 Block Report Received
2025/12/04 01:19:11 Block Report Received
2025/12/04 01:19:21 Block Report Received
2025/12/04 01:19:31 Block Report Received
2025/12/04 01:19:41 Block Report Received
2025/12/04 01:19:51 Block Report Received
2025/12/04 01:20:01 Block Report Received
2025/12/04 01:20:11 Block Report Received
2025/12/04 01:20:21 Block Report Received
2025/12/04 01:20:31 Block Report Received
2025/12/04 01:20:41 Block Report Received
2025/12/04 01:20:51 Block Report Received
2025/12/04 01:21:01 Block Report Received
2025/12/04 01:21:11 Block Report Received
2025/12/04 01:21:21 Block Report Received
2025/12/04 01:21:31 Block Report Received
2025/12/04 01:21:41 Block Report Received
2025/12/04 01:21:51 Block Report Received
2025/12/04 01:22:01 Block Report Received
2025/12/04 01:22:11 Block Report Received
2025/12/04 01:22:21 Block Report Received
2025/12/04 01:22:31 Block Report Received
2025/12/04 01:22:41 Block Report Received
2025/12/04 01:22:51 Block Report Received
2025/12/04 01:23:01 Block Report Received
2025/12/04 01:23:11 Block Report Received
2025/12/04 01:23:21 Block Report Received
2025/12/04 01:23:31 Block Report Received
2025/12/04 01:23:41 Block Report Received
2025/12/04 01:23:51 Block Report Received
2025/12/04 01:24:01 Block Report Received
2025/12/04 01:24:11 Block Report Received
2025/12/04 01:24:21 Block Report Received
2025/12/04 01:24:31 Block Report Received
2025/12/04 01:24:41 Block Report Received
2025/12/04 01:24:51 Block Report Received
2025/12/04 01:25:01 Block Report Received
2025/12/04 01:25:11 Block Report Received
2025/12/04 01:25:21 Block Report Received
2025/12/04 01:25:31 Block Report Received
2025/12/04 01:25:41 Block Report Received
2025/12/04 01:25:51 Block Report Received
2025/12/04 01:26:01 Block Report Received
2025/12/04 01:26:11 Block Report Received
2025/12/04 01:26:21 Block Report Received
2025/12/04 01:26:31 Block Report Received
2025/12/04 01:26:41 Block Report Received
2025/12/04 01:26:51 Block Report Received
2025/12/04 01:27:01 Block Report Received
2025/12/04 01:27:11 Block Report Received
2025/12/04 01:27:21 Block Report Received
2025/12/04 01:27:31 Block Report Received
2025/12/04 01:27:41 Block Report Received
2025/12/04 01:27:51 Block Report Received
2025/12/04 01:28:01 Block Report Received
2025/12/04 01:28:11 Block Report Received
2025/12/04 01:28:21 Block Report Received
2025/12/04 01:28:31 Block Report Received
2025/12/04 01:28:41 Block Report Received
2025/12/04 01:28:51 Block Report Received
2025/12/04 01:29:01 Block Report Received
2025/12/04 01:29:11 Block Report Received
2025/12/04 01:29:21 Block Report Received
2025/12/04 01:29:31 Block Report Received
2025/12/04 01:29:41 Block Report Received
2025/12/04 01:29:51 Block Report Received
2025/12/04 01:30:01 Block Report Received
2025/12/04 01:30:11 Block Report Received
2025/12/04 01:30:21 Block Report Received
2025/12/04 01:30:31 Block Report Received
2025/12/04 01:30:41 Block Report Received
2025/12/04 01:30:51 Block Report Received
2025/12/04 01:31:01 Block Report Received
2025/12/04 01:31:11 Block Report Received
2025/12/04 01:31:21 Block Report Received
2025/12/04 01:31:31 Block Report Received
2025/12/04 01:31:41 Block Report Received
2025/12/04 01:31:51 Block Report Received
2025/12/04 01:32:01 Block Report Received
2025/12/04 01:32:11 Block Report Received
2025/12/04 01:32:21 Block Report Received
2025/12/04 01:32:31 Block Report Received
2025/12/04 01:32:41 Block Report Received
2025/12/04 01:32:51 Block Report Received
2025/12/04 01:33:01 Block Report Received
2025/12/04 01:33:11 Block Report Received
2025/12/04 01:33:21 Block Report Received
2025/12/04 01:33:31 Block Report Received
2025/12/04 01:33:41 Block Report Received
2025/12/04 01:33:51 Block Report Received
2025/12/04 01:34:01 Block Report Received
2025/12/04 01:34:11 Block Report Received
2025/12/04 01:34:21 Block Report Received
2025/12/04 01:34:31 Block Report Received
2025/12/04 01:34:41 Block Report Received
2025/12/04 01:34:51 Block Report Received
2025/12/04 01:35:01 Block Report Received
2025/12/04 01:35:11 Block Report Received
2025/12/04 01:35:21 Block Report Received
2025/12/04 01:35:31 Block Report Received
2025/12/04 01:35:41 Block Report Received
2025/12/04 01:35:51 Block Report Received
2025/12/04 01:36:01 Block Report Received
2025/12/04 01:36:11 Block Report Received
2025/12/04 01:36:21 Block Report Received
2025/12/04 01:36:31 Block Report Received
2025/12/04 01:36:41 Block Report Received
2025/12/04 01:36:51 Block Report Received
2025/12/04 01:37:01 Block Report Received
2025/12/04 01:37:11 Block Report Received
2025/12/04 01:37:21 Block Report Received
2025/12/04 01:37:31 Block Report Received
2025/12/04 01:37:41 Block Report Received
2025/12/04 01:37:51 Block Report Received
2025/12/04 01:38:01 Block Report Received
2025/12/04 01:38:11 Block Report Received
2025/12/04 01:38:21 Block Report Received
2025/12/04 01:38:31 Block Report Received
2025/12/04 01:38:41 Block Report Received
2025/12/04 01:38:51 Block Report Received
2025/12/04 01:39:01 Block Report Received
2025/12/04 01:39:11 Block Report Received
2025/12/04 01:39:21 Block Report Received
2025/12/04 01:39:31 Block Report Received
2025/12/04 01:39:41 Block Report Received
2025/12/04 01:39:51 Block Report Received
2025/12/04 01:40:01 Block Report Received
2025/12/04 01:40:11 Block Report Received
2025/12/04 01:40:21 Block Report Received
2025/12/04 01:40:31 Block Report Received
2025/12/04 01:40:41 Block Report Received
2025/12/04 01:40:51 Block Report Received
2025/12/04 01:41:01 Block Report Received
2025/12/04 01:41:11 Block Report Received
2025/12/04 01:41:21 Block Report Received
2025/12/04 01:41:31 Block Report Received
2025/12/04 01:41:41 Block Report Received
2025/12/04 01:41:51 Block Report Received
2025/12/04 01:42:01 Block Report Received
2025/12/04 01:42:11 Block Report Received
2025/12/04 01:42:21 Block Report Received
2025/12/04 01:42:31 Block Report Received
2025/12/04 01:42:41 Block Report Received
2025/12/04 01:42:51 Block Report Received
2025/12/04 01:43:01 Block Report Received
2025/12/04 01:43:11 Block Report Received
2025/12/04 01:43:21 Block Report Received
2025/12/04 01:43:31 Block Report Received
2025/12/04 01:43:41 Block Report Received
2025/12/04 01:43:51 Block Report Received
2025/12/04 01:44:01 Block Report Received
2025/12/04 01:44:11 Block Report Received
2025/12/04 01:44:21 Block Report Received
2025/12/04 01:44:31 Block Report Received
2025/12/04 01:44:41 Block Report Received
2025/12/04 01:44:51 Block Report Received
2025/12/04 01:45:01 Block Report Received
2025/12/04 01:45:11 Block Report Received
2025/12/04 01:45:21 Block Report Received
2025/12/04 01:45:31 Block Report Received
2025/12/04 01:45:41 Block Report Received
2025/12/04 01:45:51 Block Report Received
2025/12/04 01:46:01 Block Report Received
2025/12/04 01:46:11 Block Report Received
2025/12/04 01:46:21 Block Report Received
2025/12/04 01:46:31 Block Report Received
2025/12/04 01:46:41 Block Report Received
2025/12/04 01:46:51 Block Report Received
2025/12/04 01:47:01 Block Report Received
2025/12/04 01:47:11 Block Report Received
2025/12/04 01:47:21 Block Report Received
2025/12/04 01:47:31 Block Report Received
2025/12/04 01:47:41 Block Report Received
2025/12/04 01:47:51 Block Report Received
2025/12/04 01:48:01 Block Report Received
2025/12/04 01:48:11 Block Report Received
2025/12/04 01:48:21 Block Report Received
2025/12/04 01:48:31 Block Report Received
2025/12/04 01:48:41 Block Report Received
2025/12/04 01:48:51 Block Report Received
2025/12/04 01:49:01 Block Report Received
2025/12/04 01:49:11 Block Report Received
2025/12/04 01:49:21 Block Report Received
2025/12/04 01:49:31 Block Report Received
2025/12/04 01:49:41 Block Report Received
2025/12/04 01:49:51 Block Report Received
2025/12/04 01:50:01 Block Report Received
2025/12/04 01:50:11 Block Report Received
2025/12/04 01:50:21 Block Report Received
2025/12/04 01:50:31 Block Report Received
2025/12/04 01:50:41 Block Report Received
2025/12/04 01:50:51 Block Report Received
2025/12/04 01:51:01 Block Report Received
2025/12/04 01:51:11 Block Report Received
2025/12/04 01:51:21 Block Report Received
2025/12/04 01:51:31 Block Report Received
2025/12/04 01:51:41 Block Report Received
2025/12/04 01:51:51 Block Report Received
2025/12/04 01:52:01 Block Report Received
2025/12/04 01:52:11 Block Report Received
2025/12/04 01:52:21 Block Report Received
2025/12/04 01:52:31 Block Report Received
2025/12/04 01:52:41 Block Report Received
2025/12/04 01:52:51 Block Report Received
2025/12/04 01:53:01 Block Report Received
2025/12/04 01:53:11 Block Report Received
2025/12/04 01:53:21 Block Report Received
2025/12/04 01:53:31 Block Report Received
2025/12/04 01:53:41 Block Report Received
2025/12/04 01:53:51 Block Report Received
2025/12/04 01:54:01 Block Report Received
2025/12/04 01:54:11 Block Report Received
2025/12/04 01:54:21 Block Report Received
2025/12/04 01:54:31 Block Report Received
2025/12/04 01:54:41 Block Report Received
2025/12/04 01:54:51 Block Report Received
2025/12/04 01:55:01 Block Report Received
2025/12/04 01:55:11 Block Report Received
2025/12/04 01:55:21 Block Report Received
2025/12/04 01:55:31 Block Report Received
2025/12/04 01:55:41 Block Report Received
2025/12/04 01:55:51 Block Report Received
2025/12/04 01:56:01 Block Report Received
2025/12/04 01:56:11 Block Report Received
2025/12/04 01:56:21 Block Report Received
2025/12/04 01:56:31 Block Report Received
2025/12/04 01:56:41 Block Report Received
2025/12/04 01:56:51 Block Report Received
2025/12/04 01:57:01 Block Report Received
2025/12/04 01:57:11 Block Report Received
2025/12/04 01:57:21 Block Report Received
2025/12/04 01:57:31 Block Report Received
2025/12/04 01:57:41 Block Report Received
2025/12/04 01:57:51 Block Report Received
2025/12/04 01:58:01 Block Report Received
2025/12/04 01:58:11 Block Report Received
2025/12/04 01:58:21 Block Report Received
2025/12/04 01:58:31 Block Report Received
2025/12/04 01:58:41 Block Report Received
2025/12/04 01:58:51 Block Report Received
2025/12/04 01:59:01 Block Report Received
2025/12/04 01:59:11 Block Report Received
2025/12/04 01:59:21 Block Report Received
2025/12/04 01:59:31 Block Report Received
2025/12/04 01:59:41 Block Report Received
2025/12/04 01:59:51 Block Report Received
2025/12/04 02:00:01 Block Report Received
2025/12/04 02:00:11 Block Report Received
2025/12/04 02:00:21 Block Report Received
2025/12/04 02:00:31 Block Report Received
2025/12/04 02:00:41 Block Report Received
2025/12/04 02:00:51 Block Report Received
2025/12/04 02:01:01 Block Report Received
2025/12/04 02:01:11 Block Report Received
2025/12/04 02:01:21 Block Report Received
2025/12/04 02:01:31 Block Report Received
2025/12/04 02:01:41 Block Report Received
2025/12/04 02:01:51 Block Report Received
2025/12/04 02:02:01 Block Report Received
2025/12/04 02:02:11 Block Report Received
2025/12/04 02:02:21 Block Report Received
2025/12/04 02:02:31 Block Report Received
2025/12/04 02:02:41 Block Report Received
2025/12/04 02:02:51 Block Report Received
2025/12/04 02:03:01 Block Report Received
2025/12/04 02:03:11 Block Report Received
2025/12/04 02:03:21 Block Report Received
2025/12/04 02:03:31 Block Report Received
2025/12/04 02:03:41 Block Report Received
2025/12/04 02:03:51 Block Report Received
2025/12/04 02:04:01 Block Report Received
2025/12/04 02:04:11 Block Report Received
2025/12/04 02:04:21 Block Report Received
2025/12/04 02:04:31 Block Report Received
2025/12/04 02:04:41 Block Report Received
2025/12/04 02:04:51 Block Report Received
2025/12/04 02:05:01 Block Report Received
2025/12/04 02:05:11 Block Report Received
2025/12/04 02:05:21 Block Report Received
2025/12/04 02:05:31 Block Report Received
2025/12/04 02:05:41 Block Report Received
2025/12/04 02:05:51 Block Report Received
2025/12/04 02:06:01 Block Report Received
2025/12/04 02:06:11 Block Report Received
2025/12/04 02:06:21 Block Report Received
2025/12/04 02:06:31 Block Report Received
2025/12/04 02:06:41 Block Report Received
2025/12/04 02:06:51 Block Report Received
2025/12/04 02:07:01 Block Report Received
2025/12/04 02:07:11 Block Report Received
2025/12/04 02:07:21 Block Report Received
2025/12/04 02:07:31 Block Report Received
2025/12/04 02:07:41 Block Report Received
2025/12/04 02:07:51 Block Report Received
2025/12/04 02:08:01 Block Report Received
2025/12/04 02:08:11 Block Report Received
2025/12/04 02:08:21 Block Report Received
2025/12/04 02:08:31 Block Report Received
2025/12/04 02:08:41 Block Report Received
2025/12/04 02:08:51 Block Report Received
2025/12/04 02:09:01 Block Report Received
2025/12/04 02:09:11 Block Report Received
2025/12/04 02:09:21 Block Report Received
2025/12/04 02:09:31 Block Report Received
2025/12/04 02:09:41 Block Report Received
2025/12/04 02:09:51 Block Report Received
2025/12/04 02:10:01 Block Report Received
2025/12/04 02:10:11 Block Report Received
2025/12/04 02:10:21 Block Report Received
2025/12/04 02:10:31 Block Report Received
2025/12/04 02:10:41 Block Report Received
2025/12/04 02:10:51 Block Report Received
2025/12/04 02:11:01 Block Report Received
2025/12/04 02:11:11 Block Report Received
2025/12/04 02:11:21 Block Report Received
2025/12/04 02:11:31 Block Report Received
2025/12/04 02:11:41 Block Report Received
2025/12/04 02:11:51 Block Report Received
2025/12/04 02:12:01 Block Report Received
2025/12/04 02:12:11 Block Report Received
2025/12/04 02:12:21 Block Report Received
2025/12/04 02:12:31 Block Report Received
2025/12/04 02:12:41 Block Report Received
2025/12/04 02:12:51 Block Report Received
2025/12/04 02:13:01 Block Report Received
2025/12/04 02:13:11 Block Report Received
2025/12/04 02:13:21 Block Report Received
2025/12/04 02:13:31 Block Report Received
2025/12/04 02:13:41 Block Report Received
2025/12/04 02:13:51 Block Report Received
2025/12/04 02:14:01 Block Report Received
2025/12/04 02:14:11 Block Report Received
2025/12/04 02:14:21 Block Report Received
2025/12/04 02:14:31 Block Report Received
2025/12/04 02:14:41 Block Report Received
2025/12/04 02:14:51 Block Report Received
2025/12/04 02:15:01 Block Report Received
2025/12/04 02:15:11 Block Report Received
2025/12/04 02:15:21 Block Report Received
2025/12/04 02:15:31 Block Report Received
2025/12/04 02:15:41 Block Report Received
2025/12/04 02:15:51 Block Report Received
2025/12/04 02:16:01 Block Report Received
2025/12/04 02:16:11 Block Report Received
2025/12/04 02:16:21 Block Report Received
2025/12/04 02:16:31 Block Report Received
2025/12/04 02:16:41 Block Report Received
2025/12/04 02:16:51 Block Report Received
2025/12/04 02:17:01 Block Report Received
2025/12/04 02:17:11 Block Report Received
2025/12/04 02:17:21 Block Report Received
2025/12/04 02:17:31 Block Report Received
2025/12/04 02:17:41 Block Report Received
2025/12/04 02:17:51 Block Report Received
2025/12/04 02:18:01 Block Report Received
2025/12/04 02:18:11 Block Report Received
2025/12/04 02:18:21 Block Report Received
2025/12/04 02:18:31 Block Report Received
2025/12/04 02:18:41 Block Report Received
2025/12/04 02:18:51 Block Report Received
2025/12/04 02:19:01 Block Report Received
2025/12/04 02:19:11 Block Report Received
2025/12/04 02:19:21 Block Report Received
2025/12/04 02:19:31 Block Report Received
2025/12/04 02:19:41 Block Report Received
2025/12/04 02:19:51 Block Report Received
2025/12/04 02:20:01 Block Report Received
2025/12/04 02:20:11 Block Report Received
2025/12/04 02:20:21 Block Report Received
2025/12/04 02:20:31 Block Report Received
2025/12/04 02:20:41 Block Report Received
2025/12/04 02:20:51 Block Report Received
2025/12/04 02:21:01 Block Report Received
2025/12/04 02:21:11 Block Report Received
2025/12/04 02:21:21 Block Report Received
2025/12/04 02:21:31 Block Report Received
2025/12/04 02:21:41 Block Report Received
2025/12/04 02:21:51 Block Report Received
2025/12/04 02:22:01 Block Report Received
2025/12/04 02:22:11 Block Report Received
2025/12/04 02:22:21 Block Report Received
2025/12/04 02:22:31 Block Report Received
2025/12/04 02:22:41 Block Report Received
2025/12/04 02:22:51 Block Report Received
2025/12/04 02:23:01 Block Report Received
2025/12/04 02:23:11 Block Report Received
2025/12/04 02:23:21 Block Report Received
2025/12/04 02:23:31 Block Report Received
2025/12/04 02:23:41 Block Report Received
2025/12/04 02:23:51 Block Report Received
2025/12/04 02:24:01 Block Report Received
2025/12/04 02:24:11 Block Report Received
2025/12/04 02:24:21 Block Report Received
2025/12/04 02:24:31 Block Report Received
2025/12/04 02:24:41 Block Report Received
2025/12/04 02:24:51 Block Report Received
2025/12/04 02:25:01 Block Report Received
2025/12/04 02:25:11 Block Report Received
2025/12/04 02:25:21 Block Report Received
2025/12/04 02:25:31 Block Report Received
2025/12/04 02:25:41 Block Report Received
2025/12/04 02:25:51 Block Report Received
2025/12/04 02:26:01 Block Report Received
2025/12/04 02:26:11 Block Report Received
2025/12/04 02:26:21 Block Report Received
2025/12/04 02:26:31 Block Report Received
2025/12/04 02:26:41 Block Report Received
2025/12/04 02:26:51 Block Report Received
2025/12/04 02:27:01 Block Report Received
2025/12/04 02:27:11 Block Report Received
2025/12/04 02:27:21 Block Report Received
2025/12/04 02:27:31 Block Report Received
2025/12/04 02:27:41 Block Report Received
2025/12/04 02:27:51 Block Report Received
2025/12/04 02:28:01 Block Report Received
2025/12/04 02:28:11 Block Report Received
2025/12/04 02:28:21 Block Report Received
2025/12/04 02:28:31 Block Report Received
2025/12/04 02:28:41 Block Report Received
2025/12/04 02:28:51 Block Report Received
2025/12/04 02:29:01 Block Report Received
2025/12/04 02:29:11 Block Report Received
2025/12/04 02:29:21 Block Report Received
2025/12/04 02:29:31 Block Report Received
2025/12/04 02:29:41 Block Report Received
2025/12/04 02:29:51 Block Report Received
2025/12/04 02:30:01 Block Report Received
2025/12/04 02:30:11 Block Report Received
2025/12/04 02:30:21 Block Report Received
2025/12/04 02:30:31 Block Report Received
2025/12/04 02:30:41 Block Report Received
2025/12/04 02:30:51 Block Report Received
2025/12/04 02:31:01 Block Report Received
2025/12/04 02:31:11 Block Report Received
2025/12/04 02:31:21 Block Report Received
2025/12/04 02:31:31 Block Report Received
2025/12/04 02:31:41 Block Report Received
2025/12/04 02:31:51 Block Report Received
2025/12/04 02:32:01 Block Report Received
2025/12/04 02:32:11 Block Report Received
2025/12/04 02:32:21 Block Report Received
2025/12/04 02:32:31 Block Report Received
2025/12/04 02:32:41 Block Report Received
2025/12/04 02:32:51 Block Report Received
2025/12/04 02:33:01 Block Report Received
2025/12/04 02:33:11 Block Report Received
2025/12/04 02:33:21 Block Report Received
2025/12/04 02:33:31 Block Report Received
2025/12/04 02:33:41 Block Report Received
2025/12/04 02:33:51 Block Report Received
2025/12/04 02:34:01 Block Report Received
2025/12/04 02:34:11 Block Report Received
2025/12/04 02:34:21 Block Report Received
2025/12/04 02:34:31 Block Report Received
2025/12/04 02:34:41 Block Report Received
2025/12/04 02:34:51 Block Report Received
2025/12/04 02:35:01 Block Report Received
2025/12/04 02:35:11 Block Report Received
2025/12/04 02:35:21 Block Report Received
2025/12/04 02:35:31 Block Report Received
2025/12/04 02:35:41 Block Report Received
2025/12/04 02:35:51 Block Report Received
2025/12/04 02:36:01 Block Report Received
2025/12/04 02:36:11 Block Report Received
2025/12/04 02:36:21 Block Report Received
2025/12/04 02:36:31 Block Report Received
2025/12/04 02:36:41 Block Report Received
2025/12/04 02:36:51 Block Report Received
2025/12/04 02:37:01 Block Report Received
2025/12/04 02:37:11 Block Report Received
2025/12/04 02:37:21 Block Report Received
2025/12/04 02:37:31 Block Report Received
2025/12/04 02:37:41 Block Report Received
2025/12/04 02:37:51 Block Report Received
2025/12/04 02:38:01 Block Report Received
2025/12/04 02:38:11 Block Report Received
2025/12/04 02:38:21 Block Report Received
2025/12/04 02:38:31 Block Report Received
2025/12/04 02:38:41 Block Report Received
2025/12/04 02:38:51 Block Report Received
2025/12/04 02:39:01 Block Report Received
2025/12/04 02:39:11 Block Report Received
2025/12/04 02:39:21 Block Report Received
2025/12/04 02:39:31 Block Report Received
2025/12/04 02:39:41 Block Report Received
2025/12/04 02:39:51 Block Report Received
2025/12/04 02:40:01 Block Report Received
2025/12/04 02:40:11 Block Report Received
2025/12/04 02:40:21 Block Report Received
2025/12/04 02:40:31 Block Report Received
2025/12/04 02:40:41 Block Report Received
2025/12/04 02:40:51 Block Report Received
2025/12/04 09:52:03 Block Report Received
2025/12/04 09:52:05 Block Report Received
2025/12/04 09:52:15 Block Report Received
2025/12/04 09:52:25 Block Report Received
2025/12/04 09:52:35 Block Report Received
2025/12/04 09:52:45 Block Report Received
2025/12/04 09:52:55 Block Report Received
2025/12/04 09:53:05 Block Report Received
2025/12/04 09:53:15 Block Report Received
2025/12/04 09:53:25 Block Report Received
2025/12/04 09:53:35 Block Report Received
2025/12/04 09:53:45 Block Report Received
2025/12/04 09:53:55 Block Report Received
2025/12/04 09:54:05 Block Report Received
2025/12/04 09:54:15 Block Report Received
2025/12/04 09:54:25 Block Report Received
2025/12/04 09:54:35 Block Report Received
2025/12/04 09:54:45 Block Report Received
2025/12/04 09:54:55 Block Report Received
2025/12/04 09:55:05 Block Report Received
2025/12/04 09:55:15 Block Report Received
2025/12/04 09:55:25 Block Report Received
2025/12/04 09:55:35 Block Report Received
2025/12/04 09:55:45 Block Report Received
2025/12/04 09:55:55 Block Report Received
2025/12/04 09:56:05 Block Report Received
2025/12/04 09:56:15 Block Report Received
2025/12/04 09:56:25 Block Report Received
2025/12/04 09:56:35 Block Report Received
2025/12/04 09:56:45 Block Report Received
2025/12/04 09:56:55 Block Report Received
2025/12/04 09:57:05 Block Report Received
2025/12/04 09:57:15 Block Report Received
2025/12/04 09:57:25 Block Report Received
2025/12/04 09:57:35 Block Report Received
2025/12/04 09:57:45 Block Report Received
2025/12/04 09:57:55 Block Report Received
2025/12/04 09:58:05 Block Report Received
2025/12/04 09:58:15 Block Report Received
2025/12/04 09:58:25 Block Report Received
2025/12/04 09:58:35 Block Report Received
2025/12/04 09:58:45 Block Report Received
2025/12/04 09:58:55 Block Report Received
2025/12/04 09:59:05 Block Report Received
2025/12/04 09:59:15 Block Report Received
2025/12/04 09:59:25 Block Report Received
2025/12/04 09:59:35 Block Report Received
2025/12/04 09:59:45 Block Report Received
2025/12/04 09:59:55 Block Report Received
2025/12/04 10:00:05 Block Report Received
2025/12/04 10:00:15 Block Report Received
2025/12/04 10:00:25 Block Report Received
2025/12/04 10:00:35 Block Report Received
2025/12/04 10:00:45 Block Report Received
2025/12/04 10:00:55 Block Report Received
2025/12/04 10:01:05 Block Report Received
2025/12/04 10:01:15 Block Report Received
2025/12/04 10:01:25 Block Report Received
2025/12/04 10:01:35 Block Report Received
2025/12/04 10:01:45 Block Report Received
2025/12/04 10:01:55 Block Report Received
2025/12/04 10:02:05 Block Report Received
2025/12/04 10:02:15 Block Report Received
2025/12/04 10:02:25 Block Report Received
2025/12/04 10:02:35 Block Report Received
2025/12/04 10:02:45 Block Report Received
2025/12/04 10:02:55 Block Report Received
2025/12/04 10:03:05 Block Report Received
2025/12/04 10:03:15 Block Report Received
2025/12/04 10:03:25 Block Report Received
2025/12/04 10:03:35 Block Report Received
2025/12/04 10:03:45 Block Report Received
2025/12/04 10:03:55 Block Report Received
2025/12/04 10:04:05 Block Report Received
2025/12/04 10:04:15 Block Report Received
2025/12/04 10:04:25 Block Report Received
2025/12/04 10:04:35 Block Report Received
2025/12/04 10:04:45 Block Report Received
2025/12/04 10:04:55 Block Report Received
2025/12/04 10:05:05 Block Report Received
2025/12/04 10:05:15 Block Report Received
2025/12/04 10:05:25 Block Report Received
2025/12/04 10:05:35 Block Report Received
2025/12/04 10:05:45 Block Report Received
2025/12/04 10:05:55 Block Report Received
2025/12/04 10:06:05 Block Report Received
2025/12/04 10:06:15 Block Report Received
2025/12/04 10:06:25 Block Report Received
2025/12/04 10:06:35 Block Report Received
2025/12/04 10:06:45 Block Report Received
2025/12/04 10:06:55 Block Report Received
2025/12/04 10:07:05 Block Report Received
2025/12/04 10:07:15 Block Report Received
2025/12/04 10:07:25 Block Report Received
2025/12/04 10:07:35 Block Report Received
2025/12/04 10:07:45 Block Report Received
2025/12/04 10:07:55 Block Report Received
2025/12/04 10:08:05 Block Report Received
2025/12/04 10:08:15 Block Report Received
2025/12/04 10:08:25 Block Report Received
2025/12/04 10:08:35 Block Report Received
2025/12/04 10:08:45 Block Report Received
2025/12/04 10:08:55 Block Report Received
2025/12/04 10:09:05 Block Report Received
2025/12/04 10:09:15 Block Report Received
2025/12/04 10:09:25 Block Report Received
2025/12/04 10:09:35 Block Report Received
2025/12/04 10:09:45 Block Report Received
2025/12/04 10:09:55 Block Report Received
2025/12/04 10:10:05 Block Report Received
2025/12/04 10:10:15 Block Report Received
2025/12/04 10:10:25 Block Report Received
2025/12/04 10:10:35 Block Report Received
2025/12/04 10:10:45 Block Report Received
2025/12/04 10:10:55 Block Report Received
2025/12/04 10:11:05 Block Report Received
2025/12/04 10:11:15 Block Report Received
2025/12/04 10:11:25 Block Report Received
2025/12/04 10:11:35 Block Report Received
2025/12/04 10:11:45 Block Report Received
2025/12/04 10:11:55 Block Report Received
2025/12/04 10:12:05 Block Report Received
2025/12/04 10:12:15 Block Report Received
2025/12/04 10:12:25 Block Report Received
2025/12/04 10:12:35 Block Report Received
2025/12/04 10:12:45 Block Report Received
2025/12/04 10:12:55 Block Report Received
2025/12/04 10:13:05 Block Report Received
2025/12/04 10:13:15 Block Report Received
2025/12/04 10:13:25 Block Report Received
2025/12/04 10:13:35 Block Report Received
2025/12/04 10:13:45 Block Report Received
2025/12/04 10:13:55 Block Report Received
2025/12/04 10:14:05 Block Report Received
2025/12/04 10:14:15 Block Report Received
2025/12/04 10:14:25 Block Report Received
2025/12/04 10:14:35 Block Report Received
2025/12/04 10:14:45 Block Report Received
2025/12/04 10:14:55 Block Report Received
2025/12/04 10:15:05 Block Report Received
2025/12/04 10:15:15 Block Report Received
2025/12/04 10:15:25 Block Report Received
2025/12/04 10:15:35 Block Report Received
2025/12/04 10:15:45 Block Report Received
2025/12/04 10:15:55 Block Report Received
2025/12/04 10:16:05 Block Report Received
2025/12/04 10:16:15 Block Report Received
2025/12/04 10:16:25 Block Report Received
2025/12/04 10:16:35 Block Report Received
2025/12/04 10:16:45 Block Report Received
2025/12/04 10:16:55 Block Report Received
2025/12/04 10:17:05 Block Report Received
2025/12/04 10:17:16 Block Report Received
2025/12/04 10:17:25 Block Report Received
2025/12/04 10:17:35 Block Report Received
2025/12/04 10:17:45 Block Report Received
2025/12/04 10:17:55 Block Report Received
2025/12/04 10:18:05 Block Report Received
2025/12/04 10:18:15 Block Report Received
2025/12/04 10:18:25 Block Report Received
2025/12/04 10:18:35 Block Report Received
2025/12/04 10:18:45 Block Report Received
2025/12/04 10:18:55 Block Report Received
2025/12/04 10:19:06 Block Report Received
2025/12/04 10:19:15 Block Report Received
2025/12/04 10:19:25 Block Report Received
2025/12/04 10:19:35 Block Report Received
2025/12/04 10:19:45 Block Report Received
2025/12/04 10:19:55 Block Report Received
2025/12/04 10:20:05 Block Report Received
2025/12/04 10:20:15 Block Report Received
2025/12/04 10:20:25 Block Report Received
2025/12/04 10:20:35 Block Report Received
2025/12/04 10:20:45 Block Report Received
2025/12/04 10:20:55 Block Report Received
2025/12/04 10:21:05 Block Report Received
2025/12/04 10:21:15 Block Report Received
2025/12/04 10:21:25 Block Report Received
2025/12/04 10:21:35 Block Report Received
2025/12/04 10:21:45 Block Report Received
2025/12/04 10:21:56 Block Report Received
2025/12/04 10:22:05 Block Report Received
2025/12/04 10:22:15 Block Report Received
2025/12/04 10:22:25 Block Report Received
2025/12/04 10:22:35 Block Report Received
2025/12/04 10:22:45 Block Report Received
2025/12/04 10:22:55 Block Report Received
2025/12/04 10:23:05 Block Report Received
2025/12/04 10:23:15 Block Report Received
2025/12/04 10:23:25 Block Report Received
2025/12/04 10:23:35 Block Report Received
2025/12/04 10:23:45 Block Report Received
2025/12/04 10:23:55 Block Report Received
2025/12/04 10:24:05 Block Report Received
2025/12/04 10:24:15 Block Report Received
2025/12/04 10:24:25 Block Report Received
2025/12/04 10:24:35 Block Report Received
2025/12/04 10:24:45 Block Report Received
2025/12/04 10:24:55 Block Report Received
2025/12/04 10:25:05 Block Report Received
2025/12/04 10:25:15 Block Report Received
2025/12/04 10:25:25 Block Report Received
2025/12/04 10:25:35 Block Report Received
2025/12/04 10:25:45 Block Report Received
2025/12/04 10:25:55 Block Report Received
2025/12/04 10:26:05 Block Report Received
2025/12/04 10:26:15 Block Report Received
2025/12/04 10:26:25 Block Report Received
2025/12/04 10:26:35 Block Report Received
2025/12/04 10:26:45 Block Report Received
2025/12/04 10:26:55 Block Report Received
2025/12/04 10:27:05 Block Report Received
2025/12/04 10:27:15 Block Report Received
2025/12/04 10:27:25 Block Report Received
2025/12/04 10:27:35 Block Report Received
2025/12/04 10:27:45 Block Report Received
2025/12/04 10:27:55 Block Report Received
2025/12/04 10:28:05 Block Report Received
2025/12/04 10:28:15 Block Report Received
2025/12/04 10:28:25 Block Report Received
2025/12/04 10:28:35 Block Report Received
2025/12/04 10:28:45 Block Report Received
2025/12/04 10:28:55 Block Report Received
2025/12/04 10:29:05 Block Report Received
2025/12/04 10:29:15 Block Report Received
2025/12/04 10:29:25 Block Report Received
2025/12/04 10:29:35 Block Report Received
2025/12/04 10:29:45 Block Report Received
2025/12/04 10:29:55 Block Report Received
2025/12/04 10:30:05 Block Report Received
2025/12/04 10:30:15 Block Report Received
2025/12/04 10:30:25 Block Report Received
2025/12/04 10:30:35 Block Report Received
2025/12/04 10:30:45 Block Report Received
2025/12/04 10:30:55 Block Report Received
2025/12/04 10:31:05 Block Report Received
2025/12/04 10:31:15 Block Report Received
2025/12/04 10:31:25 Block Report Received
2025/12/04 10:31:35 Block Report Received
2025/12/04 10:31:45 Block Report Received
2025/12/04 10:31:55 Block Report Received
2025/12/04 10:32:05 Block Report Received
2025/12/04 10:32:15 Block Report Received
2025/12/04 10:32:25 Block Report Received
2025/12/04 10:32:35 Block Report Received
2025/12/04 10:32:45 Block Report Received
2025/12/04 10:32:55 Block Report Received
2025/12/04 10:33:05 Block Report Received
2025/12/04 10:33:15 Block Report Received
2025/12/04 10:33:25 Block Report Received
2025/12/04 10:33:35 Block Report Received
2025/12/04 10:33:45 Block Report Received
2025/12/04 10:33:55 Block Report Received
2025/12/04 10:34:05 Block Report Received
2025/12/04 10:34:15 Block Report Received
2025/12/04 10:34:25 Block Report Received
2025/12/04 10:34:35 Block Report Received
2025/12/04 10:34:45 Block Report Received
2025/12/04 10:34:55 Block Report Received
2025/12/04 10:35:05 Block Report Received
2025/12/04 10:35:15 Block Report Received
2025/12/04 10:35:25 Block Report Received
2025/12/04 10:35:35 Block Report Received
2025/12/04 10:35:45 Block Report Received
2025/12/04 10:35:55 Block Report Received
2025/12/04 10:36:05 Block Report Received
2025/12/04 10:36:15 Block Report Received
2025/12/04 10:36:25 Block Report Received
2025/12/04 10:36:35 Block Report Received
2025/12/04 10:36:45 Block Report Received
2025/12/04 10:36:55 Block Report Received
2025/12/04 10:37:05 Block Report Received
2025/12/04 10:37:15 Block Report Received
2025/12/04 10:37:25 Block Report Received
2025/12/04 10:37:35 Block Report Received
2025/12/04 10:37:45 Block Report Received
2025/12/04 10:37:55 Block Report Received
2025/12/04 10:38:05 Block Report Received
2025/12/04 10:38:15 Block Report Received
2025/12/04 10:38:25 Block Report Received
2025/12/04 10:38:35 Block Report Received
2025/12/04 10:38:45 Block Report Received
2025/12/04 10:38:55 Block Report Received
2025/12/04 10:39:05 Block Report Received
2025/12/04 10:39:15 Block Report Received
2025/12/04 10:39:25 Block Report Received
2025/12/04 10:39:35 Block Report Received
2025/12/04 10:39:45 Block Report Received
2025/12/04 10:39:55 Block Report Received
2025/12/04 10:40:05 Block Report Received
2025/12/04 10:40:15 Block Report Received
2025/12/04 10:40:25 Block Report Received
2025/12/04 10:40:35 Block Report Received
2025/12/04 10:40:45 Block Report Received
2025/12/04 10:40:55 Block Report Received
2025/12/04 10:41:06 Block Report Received
2025/12/04 10:41:19 Block Report Received
2025/12/04 10:41:29 Block Report Received
2025/12/04 10:41:39 Block Report Received
2025/12/04 10:41:46 Block Report Received
2025/12/04 10:41:56 Block Report Received
2025/12/04 10:42:05 Block Report Received
2025/12/04 10:42:15 Block Report Received
2025/12/04 10:42:25 Block Report Received
2025/12/04 10:42:35 Block Report Received
2025/12/04 10:42:45 Block Report Received
2025/12/04 10:42:55 Block Report Received
2025/12/04 10:43:05 Block Report Received
2025/12/04 10:43:15 Block Report Received
2025/12/04 10:43:25 Block Report Received
2025/12/04 10:43:35 Block Report Received
2025/12/04 10:43:45 Block Report Received
2025/12/04 10:43:55 Block Report Received
2025/12/04 10:44:05 Block Report Received
2025/12/04 10:44:15 Block Report Received
2025/12/04 10:44:25 Block Report Received
2025/12/04 10:44:35 Block Report Received
2025/12/04 10:44:45 Block Report Received
2025/12/04 10:44:55 Block Report Received
2025/12/04 10:45:05 Block Report Received
2025/12/04 10:45:15 Block Report Received
2025/12/04 10:45:26 Block Report Received
2025/12/04 10:45:35 Block Report Received
2025/12/04 10:45:45 Block Report Received
2025/12/04 10:45:55 Block Report Received
2025/12/04 10:46:05 Block Report Received
2025/12/04 10:46:15 Block Report Received
2025/12/04 10:46:25 Block Report Received
2025/12/04 10:46:35 Block Report Received
2025/12/04 10:46:45 Block Report Received
2025/12/04 10:46:55 Block Report Received
2025/12/04 10:47:05 Block Report Received
2025/12/04 10:47:15 Block Report Received
2025/12/04 10:47:25 Block Report Received
2025/12/04 10:47:35 Block Report Received
2025/12/04 10:47:45 Block Report Received
2025/12/04 10:47:55 Block Report Received
2025/12/04 10:48:05 Block Report Received
2025/12/04 10:48:15 Block Report Received
2025/12/04 10:48:25 Block Report Received
2025/12/04 10:48:35 Block Report Received
2025/12/04 10:48:45 Block Report Received
2025/12/04 10:48:55 Block Report Received
2025/12/04 10:49:05 Block Report Received
2025/12/04 10:49:15 Block Report Received
2025/12/04 10:49:25 Block Report Received
2025/12/04 10:49:35 Block Report Received
2025/12/04 10:49:45 Block Report Received
2025/12/04 10:49:55 Block Report Received
2025/12/04 10:50:05 Block Report Received
2025/12/04 10:50:15 Block Report Received
2025/12/04 10:50:25 Block Report Received
2025/12/04 10:50:35 Block Report Received
2025/12/04 10:50:45 Block Report Received
2025/12/04 10:50:55 Block Report Received
2025/12/04 10:51:05 Block Report Received
2025/12/04 10:51:15 Block Report Received
2025/12/04 10:51:25 Block Report Received
2025/12/04 10:51:35 Block Report Received
2025/12/04 10:51:45 Block Report Received
2025/12/04 10:51:56 Block Report Received
2025/12/04 10:52:06 Block Report Received
2025/12/04 10:52:15 Block Report Received
2025/12/04 10:52:25 Block Report Received
2025/12/04 10:52:35 Block Report Received
2025/12/04 10:52:45 Block Report Received
2025/12/04 10:52:55 Block Report Received
2025/12/04 10:53:05 Block Report Received
2025/12/04 10:53:15 Block Report Received
2025/12/04 10:53:25 Block Report Received
2025/12/04 10:53:35 Block Report Received
2025/12/04 10:53:45 Block Report Received
2025/12/04 10:53:55 Block Report Received
2025/12/04 10:54:06 Block Report Received
2025/12/04 10:54:15 Block Report Received
2025/12/04 10:54:25 Block Report Received
2025/12/04 10:54:35 Block Report Received
2025/12/04 10:54:45 Block Report Received
2025/12/04 10:54:55 Block Report Received
2025/12/04 10:55:05 Block Report Received
2025/12/04 10:55:15 Block Report Received
2025/12/04 10:55:25 Block Report Received
2025/12/04 10:55:35 Block Report Received
2025/12/04 10:55:45 Block Report Received
2025/12/04 10:55:55 Block Report Received
2025/12/04 10:56:05 Block Report Received
2025/12/04 10:56:15 Block Report Received
2025/12/04 10:56:25 Block Report Received
2025/12/04 10:56:35 Block Report Received
2025/12/04 10:56:45 Block Report Received
2025/12/04 10:56:55 Block Report Received
2025/12/04 10:57:06 Block Report Received
2025/12/04 10:57:15 Block Report Received
2025/12/04 10:57:25 Block Report Received
2025/12/04 10:57:35 Block Report Received
2025/12/04 10:57:45 Block Report Received
2025/12/04 10:57:55 Block Report Received
2025/12/04 10:58:05 Block Report Received
2025/12/04 10:58:15 Block Report Received
2025/12/04 10:58:25 Block Report Received
2025/12/04 10:58:35 Block Report Received
2025/12/04 10:58:45 Block Report Received
2025/12/04 10:58:55 Block Report Received
2025/12/04 10:59:05 Block Report Received
2025/12/04 10:59:15 Block Report Received
2025/12/04 10:59:25 Block Report Received
2025/12/04 10:59:35 Block Report Received
2025/12/04 10:59:45 Block Report Received
2025/12/04 10:59:55 Block Report Received
2025/12/04 11:00:05 Block Report Received
2025/12/04 11:00:15 Block Report Received
2025/12/04 11:00:25 Block Report Received
2025/12/04 11:00:35 Block Report Received
2025/12/04 11:00:45 Block Report Received
2025/12/04 11:00:55 Block Report Received
2025/12/04 11:01:06 Block Report Received
2025/12/04 11:01:16 Block Report Received
2025/12/04 11:01:25 Block Report Received
2025/12/04 11:01:35 Block Report Received
2025/12/04 11:01:45 Block Report Received
2025/12/04 11:01:56 Block Report Received
2025/12/04 11:02:06 Block Report Received
2025/12/04 11:02:15 Block Report Received
2025/12/04 11:02:25 Block Report Received
2025/12/04 11:02:35 Block Report Received
2025/12/04 11:02:45 Block Report Received
2025/12/04 11:02:55 Block Report Received
2025/12/04 11:03:06 Block Report Received
2025/12/04 11:03:16 Block Report Received
2025/12/04 11:03:28 Block Report Received
2025/12/04 11:03:36 Block Report Received
2025/12/04 11:03:48 Block Report Received
2025/12/04 11:03:56 Block Report Received
2025/12/04 11:04:07 Block Report Received
2025/12/04 11:04:16 Block Report Received
2025/12/04 11:04:28 Block Report Received
2025/12/04 11:04:36 Block Report Received
2025/12/04 11:04:47 Block Report Received
2025/12/04 11:04:56 Block Report Received
2025/12/04 11:05:06 Block Report Received
2025/12/04 11:05:15 Block Report Received
2025/12/04 11:05:25 Block Report Received
2025/12/04 11:05:35 Block Report Received
2025/12/04 11:05:45 Block Report Received
2025/12/04 11:05:55 Block Report Received
2025/12/04 11:06:05 Block Report Received
2025/12/04 11:06:15 Block Report Received
2025/12/04 11:06:25 Block Report Received
2025/12/04 11:06:35 Block Report Received
2025/12/04 11:06:45 Block Report Received
2025/12/04 11:06:55 Block Report Received
2025/12/04 11:07:05 Block Report Received
2025/12/04 11:07:15 Block Report Received
2025/12/04 11:07:25 Block Report Received
2025/12/04 11:07:35 Block Report Received
2025/12/04 11:07:45 Block Report Received
2025/12/04 11:07:55 Block Report Received
2025/12/04 11:08:05 Block Report Received
2025/12/04 11:08:15 Block Report Received
2025/12/04 11:08:25 Block Report Received
2025/12/04 11:08:35 Block Report Received
2025/12/04 11:08:45 Block Report Received
2025/12/04 11:08:55 Block Report Received
2025/12/04 11:09:05 Block Report Received
2025/12/04 11:09:15 Block Report Received
2025/12/04 11:09:25 Block Report Received
2025/12/04 11:09:35 Block Report Received
2025/12/04 11:09:45 Block Report Received
2025/12/04 11:09:55 Block Report Received
2025/12/04 11:10:05 Block Report Received
2025/12/04 11:10:15 Block Report Received
2025/12/04 11:10:25 Block Report Received
2025/12/04 11:10:35 Block Report Received
2025/12/04 11:10:45 Block Report Received
2025/12/04 11:10:55 Block Report Received
2025/12/04 11:11:05 Block Report Received
2025/12/04 11:11:15 Block Report Received
2025/12/04 11:11:25 Block Report Received
2025/12/04 11:11:35 Block Report Received
2025/12/04 11:11:45 Block Report Received
2025/12/04 11:11:55 Block Report Received
2025/12/04 11:12:05 Block Report Received
2025/12/04 11:12:15 Block Report Received
2025/12/04 11:12:25 Block Report Received
2025/12/04 11:12:35 Block Report Received
2025/12/04 11:12:45 Block Report Received
2025/12/04 11:12:55 Block Report Received
2025/12/04 11:13:05 Block Report Received
2025/12/04 11:13:15 Block Report Received
2025/12/04 11:13:25 Block Report Received
2025/12/04 11:13:35 Block Report Received
2025/12/04 11:13:45 Block Report Received
2025/12/04 11:13:55 Block Report Received
2025/12/04 11:14:05 Block Report Received
2025/12/04 11:14:15 Block Report Received
2025/12/04 11:14:25 Block Report Received
2025/12/04 11:14:35 Block Report Received
2025/12/04 11:14:45 Block Report Received
2025/12/04 11:14:55 Block Report Received
2025/12/04 11:15:05 Block Report Received
2025/12/04 11:15:15 Block Report Received
2025/12/04 11:15:25 Block Report Received
2025/12/04 11:15:35 Block Report Received
2025/12/04 11:15:45 Block Report Received
2025/12/04 11:15:55 Block Report Received
2025/12/04 11:16:05 Block Report Received
2025/12/04 11:16:15 Block Report Received
2025/12/04 11:16:25 Block Report Received
2025/12/04 11:16:35 Block Report Received
2025/12/04 11:16:45 Block Report Received
2025/12/04 11:16:55 Block Report Received
2025/12/04 11:17:05 Block Report Received
2025/12/04 11:17:15 Block Report Received
2025/12/04 11:17:25 Block Report Received
2025/12/04 11:17:35 Block Report Received
2025/12/04 11:17:45 Block Report Received
2025/12/04 11:17:55 Block Report Received
2025/12/04 11:18:05 Block Report Received
2025/12/04 11:18:15 Block Report Received
2025/12/04 11:18:25 Block Report Received
2025/12/04 11:18:35 Block Report Received
2025/12/04 11:18:45 Block Report Received
2025/12/04 11:18:55 Block Report Received
2025/12/04 11:19:05 Block Report Received
2025/12/04 11:19:15 Block Report Received
2025/12/04 11:19:25 Block Report Received
2025/12/04 11:19:35 Block Report Received
2025/12/04 11:19:45 Block Report Received
2025/12/04 11:19:55 Block Report Received
2025/12/04 11:20:05 Block Report Received
2025/12/04 11:20:15 Block Report Received
2025/12/04 11:20:25 Block Report Received
2025/12/04 11:20:35 Block Report Received
2025/12/04 11:20:45 Block Report Received
2025/12/04 11:20:55 Block Report Received
2025/12/04 11:21:05 Block Report Received
2025/12/04 11:21:15 Block Report Received
2025/12/04 11:21:25 Block Report Received
2025/12/04 11:21:35 Block Report Received
2025/12/04 11:21:45 Block Report Received
2025/12/04 11:21:55 Block Report Received
2025/12/04 11:22:05 Block Report Received
2025/12/04 11:22:15 Block Report Received
2025/12/04 11:22:25 Block Report Received
2025/12/04 11:22:35 Block Report Received
2025/12/04 11:22:45 Block Report Received
2025/12/04 11:22:55 Block Report Received
2025/12/04 11:23:05 Block Report Received
2025/12/04 11:23:15 Block Report Received
2025/12/04 11:23:25 Block Report Received
2025/12/04 11:23:35 Block Report Received
2025/12/04 11:23:45 Block Report Received
2025/12/04 11:23:55 Block Report Received
2025/12/04 11:24:05 Block Report Received
2025/12/04 11:24:15 Block Report Received
2025/12/04 11:24:25 Block Report Received
2025/12/04 11:24:35 Block Report Received
2025/12/04 11:24:45 Block Report Received
2025/12/04 11:24:55 Block Report Received
2025/12/04 11:25:05 Block Report Received
2025/12/04 11:25:15 Block Report Received
2025/12/04 11:25:25 Block Report Received
2025/12/04 11:25:35 Block Report Received
2025/12/04 11:25:45 Block Report Received
2025/12/04 11:25:55 Block Report Received
2025/12/04 11:26:05 Block Report Received
2025/12/04 11:26:15 Block Report Received
2025/12/04 11:26:25 Block Report Received
2025/12/04 11:26:35 Block Report Received
2025/12/04 11:26:45 Block Report Received
2025/12/04 11:26:55 Block Report Received
2025/12/04 11:27:05 Block Report Received
2025/12/04 11:27:15 Block Report Received
2025/12/04 11:27:25 Block Report Received
2025/12/04 11:27:35 Block Report Received
2025/12/04 11:27:45 Block Report Received
2025/12/04 11:27:55 Block Report Received
2025/12/04 11:28:05 Block Report Received
2025/12/04 11:28:15 Block Report Received
2025/12/04 11:28:25 Block Report Received
2025/12/04 11:28:35 Block Report Received
2025/12/04 11:28:45 Block Report Received
2025/12/04 11:28:55 Block Report Received
2025/12/04 11:29:05 Block Report Received
2025/12/04 11:29:15 Block Report Received
2025/12/04 11:29:25 Block Report Received
2025/12/04 11:29:35 Block Report Received
2025/12/04 11:29:45 Block Report Received
2025/12/04 11:29:55 Block Report Received
2025/12/04 11:30:05 Block Report Received
2025/12/04 11:30:15 Block Report Received
2025/12/04 11:30:25 Block Report Received
2025/12/04 11:30:35 Block Report Received
2025/12/04 11:30:45 Block Report Received
2025/12/04 11:30:55 Block Report Received
2025/12/04 11:31:05 Block Report Received
2025/12/04 11:31:15 Block Report Received
2025/12/04 11:31:25 Block Report Received
2025/12/04 11:31:35 Block Report Received
2025/12/04 11:31:45 Block Report Received
2025/12/04 11:31:55 Block Report Received
2025/12/04 11:32:05 Block Report Received
2025/12/04 11:32:15 Block Report Received
2025/12/04 11:32:25 Block Report Received
2025/12/04 11:32:35 Block Report Received
2025/12/04 11:32:45 Block Report Received
2025/12/04 11:32:55 Block Report Received
2025/12/04 11:33:05 Block Report Received
2025/12/04 11:33:15 Block Report Received
2025/12/04 11:33:25 Block Report Received
2025/12/04 11:33:35 Block Report Received
2025/12/04 11:33:45 Block Report Received
2025/12/04 11:33:55 Block Report Received
2025/12/04 11:34:05 Block Report Received
2025/12/04 11:34:15 Block Report Received
2025/12/04 11:34:25 Block Report Received
2025/12/04 11:34:35 Block Report Received
2025/12/04 11:34:45 Block Report Received
2025/12/04 11:34:55 Block Report Received
2025/12/04 11:35:05 Block Report Received
2025/12/04 11:35:15 Block Report Received
2025/12/04 11:35:25 Block Report Received
2025/12/04 11:35:35 Block Report Received
2025/12/04 11:35:45 Block Report Received
2025/12/04 11:35:55 Block Report Received
2025/12/04 11:36:06 Block Report Received
2025/12/04 11:36:16 Block Report Received
2025/12/04 11:36:25 Block Report Received
2025/12/04 11:36:35 Block Report Received
2025/12/04 11:36:46 Block Report Received
2025/12/04 11:36:55 Block Report Received
2025/12/04 11:37:05 Block Report Received
2025/12/04 11:37:15 Block Report Received
2025/12/04 11:37:25 Block Report Received
2025/12/04 11:37:35 Block Report Received
2025/12/04 11:37:45 Block Report Received
2025/12/04 11:37:55 Block Report Received
2025/12/04 11:38:05 Block Report Received
2025/12/04 11:38:15 Block Report Received
2025/12/04 11:38:25 Block Report Received
2025/12/04 11:38:35 Block Report Received
2025/12/04 11:38:45 Block Report Received
2025/12/04 11:38:55 Block Report Received
2025/12/04 11:39:05 Block Report Received
2025/12/04 11:39:15 Block Report Received
2025/12/04 11:39:25 Block Report Received
2025/12/04 11:39:35 Block Report Received
2025/12/04 11:39:46 Block Report Received
2025/12/04 11:39:55 Block Report Received
2025/12/04 11:40:06 Block Report Received
2025/12/04 11:40:15 Block Report Received
2025/12/04 11:40:25 Block Report Received
2025/12/04 11:40:35 Block Report Received
2025/12/04 11:40:45 Block Report Received
2025/12/04 11:40:55 Block Report Received
2025/12/04 11:41:05 Block Report Received
2025/12/04 11:41:15 Block Report Received
2025/12/04 11:41:25 Block Report Received
2025/12/04 11:41:35 Block Report Received
2025/12/04 11:41:45 Block Report Received
2025/12/04 11:41:56 Block Report Received
2025/12/04 11:42:06 Block Report Received
2025/12/04 11:42:15 Block Report Received
2025/12/04 11:42:25 Block Report Received
2025/12/04 11:42:35 Block Report Received
2025/12/04 11:42:45 Block Report Received
2025/12/04 12:13:53 Block Report Received
2025/12/04 12:14:03 Block Report Received
2025/12/04 12:14:13 Block Report Received
2025/12/04 12:14:23 Block Report Received
2025/12/04 12:14:33 Block Report Received
2025/12/04 12:14:43 Block Report Received
2025/12/04 12:14:53 Block Report Received
2025/12/04 12:15:03 Block Report Received
2025/12/04 12:15:13 Block Report Received
2025/12/04 12:15:23 Block Report Received
2025/12/04 12:15:33 Block Report Received
2025/12/04 12:15:43 Block Report Received
2025/12/04 12:15:53 Block Report Received
2025/12/04 12:16:03 Block Report Received
2025/12/04 12:16:13 Block Report Received
2025/12/04 12:16:23 Block Report Received
2025/12/04 12:16:33 Block Report Received
2025/12/04 12:16:43 Block Report Received
2025/12/04 12:16:53 Block Report Received
2025/12/04 12:17:03 Block Report Received
2025/12/04 12:17:13 Block Report Received
2025/12/04 12:17:23 Block Report Received
2025/12/04 12:17:33 Block Report Received
2025/12/04 12:17:43 Block Report Received
2025/12/04 12:17:53 Block Report Received
2025/12/04 12:18:03 Block Report Received
2025/12/04 12:18:13 Block Report Received
2025/12/04 12:18:23 Block Report Received
2025/12/04 12:18:33 Block Report Received
2025/12/04 12:18:43 Block Report Received
2025/12/04 12:18:53 Block Report Received
2025/12/04 12:19:03 Block Report Received
2025/12/04 12:19:13 Block Report Received
2025/12/04 12:19:23 Block Report Received
2025/12/04 12:19:33 Block Report Received
2025/12/04 12:19:43 Block Report Received
2025/12/04 12:19:53 Block Report Received
2025/12/04 12:20:03 Block Report Received
2025/12/04 12:20:13 Block Report Received
2025/12/04 12:20:23 Block Report Received
2025/12/04 12:20:33 Block Report Received
2025/12/04 12:20:43 Block Report Received
2025/12/04 12:20:53 Block Report Received
2025/12/04 12:21:03 Block Report Received
2025/12/04 12:21:13 Block Report Received
2025/12/04 12:21:23 Block Report Received
2025/12/04 12:21:33 Block Report Received
2025/12/04 12:21:43 Block Report Received
2025/12/04 12:21:53 Block Report Received
2025/12/04 12:22:03 Block Report Received
2025/12/04 12:22:13 Block Report Received
2025/12/04 12:22:23 Block Report Received
2025/12/04 12:22:33 Block Report Received
2025/12/04 12:22:43 Block Report Received
2025/12/04 12:22:53 Block Report Received
2025/12/04 12:23:03 Block Report Received
2025/12/04 12:23:13 Block Report Received
2025/12/04 12:23:23 Block Report Received
2025/12/04 12:23:33 Block Report Received
2025/12/04 12:23:43 Block Report Received
2025/12/04 12:23:53 Block Report Received
2025/12/04 12:24:03 Block Report Received
2025/12/04 12:24:13 Block Report Received
2025/12/04 12:24:23 Block Report Received
2025/12/04 12:24:33 Block Report Received
2025/12/04 12:24:43 Block Report Received
2025/12/04 12:24:53 Block Report Received
2025/12/04 12:25:03 Block Report Received
2025/12/04 12:25:13 Block Report Received
2025/12/04 12:25:23 Block Report Received
2025/12/04 12:25:33 Block Report Received
2025/12/04 12:25:43 Block Report Received
2025/12/04 12:25:53 Block Report Received
2025/12/04 12:26:03 Block Report Received
2025/12/04 12:26:13 Block Report Received
2025/12/04 12:26:23 Block Report Received
2025/12/04 12:26:33 Block Report Received
2025/12/04 12:26:43 Block Report Received
2025/12/04 12:26:53 Block Report Received
2025/12/04 12:27:03 Block Report Received
2025/12/04 12:27:13 Block Report Received
2025/12/04 12:27:23 Block Report Received
2025/12/04 12:27:33 Block Report Received
2025/12/04 12:27:43 Block Report Received
2025/12/04 12:27:53 Block Report Received
2025/12/04 12:28:03 Block Report Received
2025/12/04 12:28:13 Block Report Received
2025/12/04 12:28:23 Block Report Received
2025/12/04 12:28:33 Block Report Received
2025/12/04 12:28:43 Block Report Received
2025/12/04 12:28:53 Block Report Received
2025/12/04 12:29:03 Block Report Received
2025/12/04 12:29:13 Block Report Received
2025/12/04 12:29:23 Block Report Received
2025/12/04 12:29:33 Block Report Received
2025/12/04 12:29:43 Block Report Received
2025/12/04 12:29:53 Block Report Received
2025/12/04 12:30:03 Block Report Received
2025/12/04 12:30:13 Block Report Received
2025/12/04 12:30:23 Block Report Received
2025/12/04 12:30:33 Block Report Received
2025/12/04 12:30:43 Block Report Received
2025/12/04 12:30:53 Block Report Received
2025/12/04 12:31:03 Block Report Received
2025/12/04 12:31:13 Block Report Received
2025/12/04 12:31:23 Block Report Received
2025/12/04 12:31:33 Block Report Received
2025/12/04 12:31:43 Block Report Received
2025/12/04 12:31:53 Block Report Received
2025/12/04 12:32:03 Block Report Received
2025/12/04 12:32:13 Block Report Received
2025/12/04 12:32:23 Block Report Received
2025/12/04 12:32:33 Block Report Received
2025/12/04 12:32:43 Block Report Received
2025/12/04 12:32:53 Block Report Received
2025/12/04 12:33:03 Block Report Received
2025/12/04 12:33:13 Block Report Received
2025/12/04 12:33:23 Block Report Received
2025/12/04 12:33:33 Block Report Received
2025/12/04 12:33:43 Block Report Received
2025/12/04 12:33:53 Block Report Received
2025/12/04 12:34:03 Block Report Received
2025/12/04 12:34:13 Block Report Received
2025/12/04 12:34:23 Block Report Received
2025/12/04 12:34:33 Block Report Received
2025/12/04 12:34:43 Block Report Received
2025/12/04 12:34:53 Block Report Received
2025/12/04 12:35:03 Block Report Received
2025/12/04 12:35:13 Block Report Received
2025/12/04 12:35:23 Block Report Received
2025/12/04 12:35:33 Block Report Received
2025/12/04 12:35:43 Block Report Received
2025/12/04 12:35:53 Block Report Received
2025/12/04 12:36:03 Block Report Received
2025/12/04 12:36:13 Block Report Received
2025/12/04 12:36:23 Block Report Received
2025/12/04 12:36:33 Block Report Received
2025/12/04 12:36:43 Block Report Received
2025/12/04 12:36:53 Block Report Received
2025/12/04 12:37:03 Block Report Received
2025/12/04 12:37:13 Block Report Received
2025/12/04 12:37:23 Block Report Received
2025/12/04 12:37:33 Block Report Received
2025/12/04 12:37:43 Block Report Received
2025/12/04 12:37:53 Block Report Received
2025/12/04 12:38:03 Block Report Received
2025/12/04 12:38:13 Block Report Received
2025/12/04 12:38:23 Block Report Received
2025/12/04 12:38:33 Block Report Received
2025/12/04 12:38:43 Block Report Received
2025/12/04 12:38:53 Block Report Received
2025/12/04 12:39:03 Block Report Received
2025/12/04 12:39:13 Block Report Received
2025/12/04 12:39:23 Block Report Received
2025/12/04 12:39:33 Block Report Received
2025/12/04 12:39:43 Block Report Received
2025/12/04 12:39:53 Block Report Received
2025/12/04 12:40:03 Block Report Received
2025/12/04 12:40:13 Block Report Received
2025/12/04 12:40:23 Block Report Received
2025/12/04 12:40:33 Block Report Received
2025/12/04 12:40:43 Block Report Received
2025/12/04 12:40:53 Block Report Received
2025/12/04 12:41:03 Block Report Received
2025/12/04 12:41:13 Block Report Received
2025/12/04 12:41:23 Block Report Received
2025/12/04 12:41:33 Block Report Received
2025/12/04 12:41:43 Block Report Received
2025/12/04 12:41:53 Block Report Received
2025/12/04 12:42:03 Block Report Received
2025/12/04 12:42:13 Block Report Received
2025/12/04 12:42:23 Block Report Received
2025/12/04 12:42:33 Block Report Received
2025/12/04 12:42:43 Block Report Received
2025/12/04 12:42:53 Block Report Received
2025/12/04 12:43:03 Block Report Received
2025/12/04 12:43:13 Block Report Received
2025/12/04 12:43:23 Block Report Received
2025/12/04 12:43:33 Block Report Received
2025/12/04 12:43:43 Block Report Received
2025/12/04 12:43:53 Block Report Received
2025/12/04 12:44:03 Block Report Received
2025/12/04 12:44:13 Block Report Received
2025/12/04 12:44:23 Block Report Received
2025/12/04 12:44:33 Block Report Received
2025/12/04 12:44:43 Block Report Received
2025/12/04 12:44:53 Block Report Received
2025/12/04 12:45:03 Block Report Received
2025/12/04 12:45:13 Block Report Received
2025/12/04 12:45:23 Block Report Received
2025/12/04 12:45:33 Block Report Received
2025/12/04 12:45:43 Block Report Received
2025/12/04 12:45:53 Block Report Received
2025/12/04 12:46:03 Block Report Received
2025/12/04 12:46:13 Block Report Received
2025/12/04 12:46:23 Block Report Received
2025/12/04 12:46:33 Block Report Received
2025/12/04 12:46:43 Block Report Received
2025/12/04 12:46:53 Block Report Received
2025/12/04 12:47:03 Block Report Received
2025/12/04 12:47:13 Block Report Received
2025/12/04 12:47:23 Block Report Received
2025/12/04 12:47:33 Block Report Received
2025/12/04 12:47:43 Block Report Received
2025/12/04 12:47:53 Block Report Received
2025/12/04 12:48:03 Block Report Received
2025/12/04 12:48:13 Block Report Received
2025/12/04 12:48:23 Block Report Received
2025/12/04 12:48:33 Block Report Received
2025/12/04 12:48:43 Block Report Received
2025/12/04 12:48:53 Block Report Received
2025/12/04 12:49:03 Block Report Received
2025/12/04 12:49:13 Block Report Received
2025/12/04 12:49:23 Block Report Received
2025/12/04 12:49:33 Block Report Received
2025/12/04 12:49:43 Block Report Received
2025/12/04 12:49:53 Block Report Received
2025/12/04 12:50:03 Block Report Received
2025/12/04 12:50:13 Block Report Received
2025/12/04 12:50:23 Block Report Received
2025/12/04 12:50:33 Block Report Received
2025/12/04 12:50:43 Block Report Received
2025/12/04 12:50:53 Block Report Received
2025/12/04 12:51:03 Block Report Received
2025/12/04 12:51:13 Block Report Received
2025/12/04 12:51:23 Block Report Received
2025/12/04 12:51:33 Block Report Received
2025/12/04 12:51:43 Block Report Received
2025/12/04 12:51:53 Block Report Received
2025/12/04 12:52:03 Block Report Received
2025/12/04 12:52:13 Block Report Received
2025/12/04 12:52:23 Block Report Received
2025/12/04 12:52:33 Block Report Received
2025/12/04 12:52:43 Block Report Received
2025/12/04 12:52:53 Block Report Received
2025/12/04 12:53:03 Block Report Received
2025/12/04 12:53:13 Block Report Received
2025/12/04 12:53:23 Block Report Received
2025/12/04 12:53:33 Block Report Received
2025/12/04 12:53:43 Block Report Received
2025/12/04 12:53:53 Block Report Received
2025/12/04 12:54:03 Block Report Received
2025/12/04 12:54:13 Block Report Received
2025/12/04 12:54:23 Block Report Received
2025/12/04 12:54:33 Block Report Received
2025/12/04 12:54:43 Block Report Received
2025/12/04 12:54:53 Block Report Received
2025/12/04 12:55:03 Block Report Received
2025/12/04 12:55:13 Block Report Received
2025/12/04 12:55:23 Block Report Received
2025/12/04 12:55:33 Block Report Received
2025/12/04 12:55:43 Block Report Received
2025/12/04 12:55:53 Block Report Received
2025/12/04 12:56:03 Block Report Received
2025/12/04 12:56:13 Block Report Received
2025/12/04 12:56:23 Block Report Received
2025/12/04 12:56:33 Block Report Received
2025/12/04 12:56:43 Block Report Received
2025/12/04 12:56:53 Block Report Received
2025/12/04 12:57:03 Block Report Received
2025/12/04 12:57:13 Block Report Received
2025/12/04 12:57:23 Block Report Received
2025/12/04 12:57:33 Block Report Received
2025/12/04 12:57:43 Block Report Received
2025/12/04 12:57:53 Block Report Received
2025/12/04 12:58:03 Block Report Received
2025/12/04 12:58:13 Block Report Received
2025/12/04 12:58:23 Block Report Received
2025/12/04 12:58:33 Block Report Received
2025/12/04 12:58:43 Block Report Received
2025/12/04 12:58:53 Block Report Received
2025/12/04 12:59:03 Block Report Received
2025/12/04 12:59:13 Block Report Received
2025/12/04 12:59:23 Block Report Received
2025/12/04 12:59:33 Block Report Received
2025/12/04 12:59:43 Block Report Received
2025/12/04 12:59:53 Block Report Received
2025/12/04 13:00:03 Block Report Received
2025/12/04 13:00:13 Block Report Received
2025/12/04 13:00:23 Block Report Received
2025/12/04 13:00:33 Block Report Received
2025/12/04 13:00:43 Block Report Received
2025/12/04 13:00:53 Block Report Received
2025/12/04 13:01:03 Block Report Received
2025/12/04 13:01:13 Block Report Received
2025/12/04 13:01:23 Block Report Received
2025/12/04 13:01:33 Block Report Received
2025/12/04 13:01:43 Block Report Received
2025/12/04 13:01:53 Block Report Received
2025/12/04 13:02:03 Block Report Received
2025/12/04 13:02:13 Block Report Received
2025/12/04 13:02:23 Block Report Received
2025/12/04 13:02:33 Block Report Received
2025/12/04 13:02:43 Block Report Received
2025/12/04 13:02:53 Block Report Received
2025/12/04 13:03:03 Block Report Received
2025/12/04 13:03:13 Block Report Received
2025/12/04 13:03:23 Block Report Received
2025/12/04 13:03:33 Block Report Received
2025/12/04 13:03:43 Block Report Received
2025/12/04 13:03:53 Block Report Received
2025/12/04 13:04:03 Block Report Received
2025/12/04 13:04:13 Block Report Received
2025/12/04 13:04:23 Block Report Received
2025/12/04 13:04:33 Block Report Received
2025/12/04 13:04:43 Block Report Received
2025/12/04 13:04:53 Block Report Received
2025/12/04 13:05:03 Block Report Received
2025/12/04 13:05:13 Block Report Received
2025/12/04 13:05:23 Block Report Received
2025/12/04 13:05:33 Block Report Received
2025/12/04 13:05:43 Block Report Received
2025/12/04 13:05:53 Block Report Received
2025/12/04 13:06:03 Block Report Received
2025/12/04 13:06:13 Block Report Received
2025/12/04 13:06:23 Block Report Received
2025/12/04 13:06:33 Block Report Received
2025/12/04 13:06:43 Block Report Received
2025/12/04 13:06:53 Block Report Received
2025/12/04 13:07:03 Block Report Received
2025/12/04 13:07:13 Block Report Received
2025/12/04 13:07:23 Block Report Received
2025/12/04 13:07:33 Block Report Received
2025/12/04 13:07:43 Block Report Received
2025/12/04 13:07:53 Block Report Received
2025/12/04 13:08:03 Block Report Received
2025/12/04 13:08:13 Block Report Received
2025/12/04 13:08:23 Block Report Received
2025/12/04 13:08:33 Block Report Received
2025/12/04 13:08:43 Block Report Received
2025/12/04 13:08:53 Block Report Received
2025/12/04 13:09:03 Block Report Received
2025/12/04 13:09:13 Block Report Received
2025/12/04 13:09:23 Block Report Received
2025/12/04 13:09:33 Block Report Received
2025/12/04 13:09:43 Block Report Received
2025/12/04 13:09:53 Block Report Received
2025/12/04 13:10:03 Block Report Received
2025/12/04 13:10:13 Block Report Received
2025/12/04 13:10:23 Block Report Received
2025/12/04 13:10:33 Block Report Received
2025/12/04 13:10:43 Block Report Received
2025/12/04 13:10:53 Block Report Received
2025/12/04 13:11:03 Block Report Received
2025/12/04 13:11:13 Block Report Received
2025/12/04 13:11:23 Block Report Received
2025/12/04 13:11:33 Block Report Received
2025/12/04 13:11:43 Block Report Received
2025/12/04 13:11:53 Block Report Received
2025/12/04 13:12:03 Block Report Received
2025/12/04 13:12:13 Block Report Received
2025/12/04 13:12:23 Block Report Received
2025/12/04 13:12:33 Block Report Received
2025/12/04 13:12:43 Block Report Received
2025/12/04 13:12:53 Block Report Received
2025/12/04 13:13:03 Block Report Received
2025/12/04 13:13:13 Block Report Received
2025/12/04 13:13:23 Block Report Received
2025/12/04 13:13:33 Block Report Received
2025/12/04 13:13:43 Block Report Received
2025/12/04 13:13:53 Block Report Received
2025/12/04 13:14:03 Block Report Received
2025/12/04 13:14:13 Block Report Received
2025/12/04 13:14:23 Block Report Received
2025/12/04 13:14:33 Block Report Received
2025/12/04 13:14:43 Block Report Received
2025/12/04 13:14:53 Block Report Received
2025/12/04 13:15:03 Block Report Received
2025/12/04 13:15:13 Block Report Received
2025/12/04 13:15:23 Block Report Received
2025/12/04 13:15:33 Block Report Received
2025/12/04 13:15:43 Block Report Received
2025/12/04 13:15:53 Block Report Received
2025/12/04 13:16:03 Block Report Received
2025/12/04 13:16:13 Block Report Received
2025/12/04 13:16:23 Block Report Received
2025/12/04 13:16:33 Block Report Received
2025/12/04 13:16:43 Block Report Received
2025/12/04 13:16:53 Block Report Received
2025/12/04 13:17:03 Block Report Received
2025/12/04 13:17:13 Block Report Received
2025/12/04 13:17:23 Block Report Received
2025/12/04 13:17:33 Block Report Received
2025/12/04 13:17:43 Block Report Received
2025/12/04 13:17:53 Block Report Received
2025/12/04 13:18:03 Block Report Received
2025/12/04 13:18:13 Block Report Received
2025/12/04 13:18:23 Block Report Received
2025/12/04 13:18:33 Block Report Received
2025/12/04 13:18:43 Block Report Received
2025/12/04 13:18:53 Block Report Received
2025/12/04 13:19:03 Block Report Received
2025/12/04 13:19:13 Block Report Received
2025/12/04 13:19:23 Block Report Received
2025/12/04 13:19:33 Block Report Received
2025/12/04 13:19:43 Block Report Received
2025/12/04 13:19:53 Block Report Received
2025/12/04 13:20:03 Block Report Received
2025/12/04 13:20:13 Block Report Received
2025/12/04 13:20:23 Block Report Received
2025/12/04 13:20:33 Block Report Received
2025/12/04 13:20:43 Block Report Received
2025/12/04 13:20:53 Block Report Received
2025/12/04 13:21:03 Block Report Received
2025/12/04 13:21:13 Block Report Received
2025/12/04 13:21:23 Block Report Received
2025/12/04 13:21:33 Block Report Received
2025/12/04 13:21:43 Block Report Received
2025/12/04 13:21:53 Block Report Received
2025/12/04 13:22:03 Block Report Received
2025/12/04 13:22:13 Block Report Received
2025/12/04 13:22:23 Block Report Received
2025/12/04 13:22:33 Block Report Received
2025/12/04 13:22:43 Block Report Received
2025/12/04 13:22:53 Block Report Received
2025/12/04 13:23:03 Block Report Received
2025/12/04 13:23:13 Block Report Received
2025/12/04 13:23:23 Block Report Received
2025/12/04 13:23:33 Block Report Received
2025/12/04 13:23:43 Block Report Received
2025/12/04 13:23:53 Block Report Received
2025/12/04 13:24:03 Block Report Received
2025/12/04 13:24:13 Block Report Received
2025/12/04 13:24:32 ⚠️  Connection to NameNode lost: rpc error: code = DeadlineExceeded desc = context deadline exceeded
2025/12/04 13:24:32 🔄 Attempting to reconnect...
2025/12/04 13:24:34 ⚠️  Failed to send block report: rpc error: code = Canceled desc = grpc: the client connection is closing
2025/12/04 13:25:29 ⚠️  Primary NameNode localhost:8080 unavailable, trying alternates...
2025/12/04 13:25:29 ✅ Connected to NameNode at localhost:8081
2025/12/04 13:25:29 ✅ Reconnected to NameNode at localhost:8081
2025/12/04 15:03:08 🧩 DataNode bdb4c250-48cd-47c4-8a03-cf6da2316ebc registration status: Registered
2025/12/04 15:03:08 🔄 Block report restarted
2025/12/04 15:03:18 Block Report Received
2025/12/04 15:03:28 Block Report Received
2025/12/04 15:03:39 Block Report Received
2025/12/04 15:03:48 Block Report Received
2025/12/04 15:03:58 Block Report Received
2025/12/04 15:04:08 Block Report Received
2025/12/04 15:04:18 Block Report Received
2025/12/04 15:04:28 Block Report Received
2025/12/04 15:04:38 Block Report Received
2025/12/04 15:04:48 Block Report Received
2025/12/04 15:04:58 Block Report Received
2025/12/04 15:05:08 Block Report Received
2025/12/04 15:05:18 Block Report Received
2025/12/04 15:05:28 Block Report Received
2025/12/04 15:05:38 Block Report Received
2025/12/04 15:05:48 Block Report Received
2025/12/04 15:05:58 Block Report Received
2025/12/04 15:06:08 Block Report Received
2025/12/04 15:06:18 Block Report Received
2025/12/04 15:06:28 Block Report Received
2025/12/04 15:06:38 Block Report Received
2025/12/04 15:06:48 Block Report Received
2025/12/04 15:06:58 Block Report Received
2025/12/04 15:07:08 Block Report Received
2025/12/04 15:07:18 Block Report Received
2025/12/04 15:07:28 Block Report Received
2025/12/04 15:07:38 Block Report Received
2025/12/04 15:07:48 Block Report Received
2025/12/04 15:07:58 Block Report Received
2025/12/04 15:08:08 Block Report Received
2025/12/04 15:08:18 Block Report Received
2025/12/04 15:08:28 Block Report Received
2025/12/04 15:08:38 Block Report Received
2025/12/04 15:08:48 Block Report Received
2025/12/04 15:08:58 Block Report Received
2025/12/04 15:09:08 Block Report Received
2025/12/04 15:09:18 Block Report Received
2025/12/04 15:09:28 Block Report Received
2025/12/04 15:09:38 Block Report Received
2025/12/04 15:09:48 Block Report Received
2025/12/04 15:09:58 Block Report Received
2025/12/04 15:10:08 Block Report Received
2025/12/04 15:10:18 Block Report Received
2025/12/04 15:10:28 Block Report Received
2025/12/04 15:10:38 Block Report Received
2025/12/04 15:10:48 Block Report Received
2025/12/04 15:10:58 Block Report Received
2025/12/04 15:11:08 Block Report Received
2025/12/04 15:11:18 Block Report Received
2025/12/04 15:11:28 Block Report Received
2025/12/04 15:11:38 Block Report Received
2025/12/04 15:11:48 Block Report Received
2025/12/04 15:11:58 Block Report Received
2025/12/04 15:12:08 Block Report Received
2025/12/04 15:12:18 Block Report Received
2025/12/04 15:12:28 Block Report Received
2025/12/04 15:12:38 Block Report Received
2025/12/04 15:12:48 Block Report Received
2025/12/04 15:12:58 Block Report Received
2025/12/04 15:13:08 Block Report Received
2025/12/04 15:13:18 Block Report Received
2025/12/04 15:13:28 Block Report Received
2025/12/04 15:13:38 Block Report Received
2025/12/04 15:13:48 Block Report Received
2025/12/04 15:13:58 Block Report Received
2025/12/04 15:14:08 Block Report Received
2025/12/04 15:14:18 Block Report Received
2025/12/04 15:14:28 Block Report Received
2025/12/04 15:14:38 Block Report Received
2025/12/04 15:14:48 Block Report Received
2025/12/04 15:14:58 Block Report Received
2025/12/04 15:15:08 Block Report Received
2025/12/04 15:15:18 Block Report Received
2025/12/04 15:15:28 Block Report Received
2025/12/04 15:15:38 Block Report Received
2025/12/04 15:15:48 Block Report Received
2025/12/04 15:15:58 Block Report Received
2025/12/04 15:16:08 Block Report Received
2025/12/04 15:16:18 Block Report Received
2025/12/04 15:16:28 Block Report Received
2025/12/04 15:16:38 Block Report Received
2025/12/04 15:16:48 Block Report Received
2025/12/04 15:16:58 Block Report Received
2025/12/04 15:17:08 Block Report Received
2025/12/04 15:17:18 Block Report Received
2025/12/04 15:17:28 Block Report Received
2025/12/04 15:17:38 Block Report Received
2025/12/04 15:17:48 Block Report Received
2025/12/04 15:17:58 Block Report Received
2025/12/04 15:18:08 Block Report Received
2025/12/04 15:18:18 Block Report Received
2025/12/04 15:18:28 Block Report Received
2025/12/04 15:18:38 Block Report Received
2025/12/04 15:18:48 Block Report Received
2025/12/04 15:18:58 Block Report Received
2025/12/04 15:19:08 Block Report Received
2025/12/04 15:19:18 Block Report Received
2025/12/04 15:19:28 Block Report Received
2025/12/04 15:19:38 Block Report Received
2025/12/04 15:19:48 Block Report Received
2025/12/04 15:19:58 Block Report Received
2025/12/04 15:20:08 Block Report Received
2025/12/04 15:20:18 Block Report Received
2025/12/04 15:20:28 Block Report Received
2025/12/04 15:20:38 Block Report Received
2025/12/04 15:20:48 Block Report Received
2025/12/04 15:20:58 Block Report Received
2025/12/04 15:21:08 Block Report Received
2025/12/04 15:21:18 Block Report Received
2025/12/04 15:21:28 Block Report Received
2025/12/04 15:21:38 Block Report Received
2025/12/04 15:21:48 Block Report Received
2025/12/04 15:21:58 Block Report Received
2025/12/04 15:22:08 Block Report Received
2025/12/04 15:22:18 Block Report Received
2025/12/04 15:22:28 Block Report Received
2025/12/04 15:22:38 Block Report Received
2025/12/04 15:22:48 Block Report Received
2025/12/04 15:22:58 Block Report Received
2025/12/04 15:23:08 Block Report Received
2025/12/04 15:23:18 Block Report Received
2025/12/04 15:23:28 Block Report Received
2025/12/04 15:23:38 Block Report Received
2025/12/04 15:23:48 Block Report Received
2025/12/04 15:23:58 Block Report Received
2025/12/04 15:24:08 Block Report Received
2025/12/04 15:24:18 Block Report Received
2025/12/04 15:24:28 Block Report Received
2025/12/04 15:24:38 Block Report Received
2025/12/04 15:24:48 Block Report Received
2025/12/04 15:24:58 Block Report Received
2025/12/04 15:25:08 Block Report Received
2025/12/04 15:25:18 Block Report Received
2025/12/04 15:25:28 Block Report Received
2025/12/04 15:25:38 Block Report Received
2025/12/04 15:25:48 Block Report Received
2025/12/04 15:25:58 Block Report Received
2025/12/04 15:26:08 Block Report Received
2025/12/04 15:26:18 Block Report Received
2025/12/04 15:26:28 Block Report Received
2025/12/04 15:26:38 Block Report Received
2025/12/04 15:26:48 Block Report Received
2025/12/04 15:26:58 Block Report Received
2025/12/04 15:27:08 Block Report Received
2025/12/04 15:27:18 Block Report Received
2025/12/04 15:27:28 Block Report Received
2025/12/04 15:27:38 Block Report Received
2025/12/04 15:27:48 Block Report Received
2025/12/04 15:27:58 Block Report Received
2025/12/04 15:28:08 Block Report Received
2025/12/04 15:28:18 Block Report Received
2025/12/04 15:28:28 Block Report Received
2025/12/04 15:28:38 Block Report Received
2025/12/04 15:28:48 Block Report Received
2025/12/04 15:28:58 Block Report Received
2025/12/04 15:29:08 Block Report Received
2025/12/04 15:29:18 Block Report Received
2025/12/04 15:29:28 Block Report Received
2025/12/04 15:29:38 Block Report Received
2025/12/04 15:29:48 Block Report Received
2025/12/04 15:29:58 Block Report Received
2025/12/04 15:30:08 Block Report Received
2025/12/04 15:30:18 Block Report Received
2025/12/04 15:30:28 Block Report Received
2025/12/04 15:30:38 Block Report Received
2025/12/04 15:30:48 Block Report Received
2025/12/04 15:30:58 Block Report Received
2025/12/04 15:31:08 Block Report Received
2025/12/04 15:31:18 Block Report Received
2025/12/04 15:31:28 Block Report Received
2025/12/04 15:31:38 Block Report Received
2025/12/04 15:31:48 Block Report Received
2025/12/04 15:31:58 Block Report Received
2025/12/04 15:32:08 Block Report Received
2025/12/04 15:32:18 Block Report Received
2025/12/04 15:32:28 Block Report Received
2025/12/04 15:32:38 Block Report Received
2025/12/04 15:32:48 Block Report Received
2025/12/04 15:32:58 Block Report Received
2025/12/04 15:33:08 Block Report Received
2025/12/04 15:33:18 Block Report Received
2025/12/04 15:33:28 Block Report Received
2025/12/04 15:33:38 Block Report Received
2025/12/04 15:33:48 Block Report Received
2025/12/04 15:33:58 Block Report Received
2025/12/04 15:34:08 Block Report Received
2025/12/04 15:34:18 Block Report Received
2025/12/04 15:34:28 Block Report Received
2025/12/04 15:34:38 Block Report Received
2025/12/04 15:34:48 Block Report Received
2025/12/04 15:34:58 Block Report Received
2025/12/04 15:35:08 Block Report Received
2025/12/04 15:35:18 Block Report Received
2025/12/04 15:35:28 Block Report Received
2025/12/04 15:35:38 Block Report Received
2025/12/04 15:35:48 Block Report Received
2025/12/04 15:35:58 Block Report Received
2025/12/04 15:36:08 Block Report Received
2025/12/04 15:36:18 Block Report Received
2025/12/04 15:36:28 Block Report Received
2025/12/04 15:36:38 Block Report Received
2025/12/04 16:13:36 Block Report Received
2025/12/04 16:13:42 Block Report Received
2025/12/04 16:13:52 Block Report Received
2025/12/04 16:14:02 Block Report Received
2025/12/04 16:14:12 Block Report Received
2025/12/04 16:14:22 Block Report Received
2025/12/04 16:14:32 Block Report Received
2025/12/04 16:14:42 Block Report Received
2025/12/04 16:14:52 Block Report Received
2025/12/04 16:15:02 Block Report Received
2025/12/04 16:15:12 Block Report Received
2025/12/04 16:15:22 Block Report Received
2025/12/04 16:15:32 Block Report Received
2025/12/04 16:15:42 Block Report Received
2025/12/04 16:15:52 Block Report Received
2025/12/04 16:16:02 Block Report Received
2025/12/04 16:16:12 Block Report Received
2025/12/04 16:16:22 Block Report Received
2025/12/04 16:16:32 Block Report Received
2025/12/04 16:16:42 Block Report Received
2025/12/04 16:16:52 Block Report Received
2025/12/04 16:17:02 Block Report Received
2025/12/04 16:17:12 Block Report Received
2025/12/04 16:17:22 Block Report Received
2025/12/04 16:17:32 Block Report Received
2025/12/04 16:17:42 Block Report Received
2025/12/04 16:17:52 Block Report Received
2025/12/04 16:18:02 Block Report Received
2025/12/04 16:18:12 Block Report Received
2025/12/04 16:18:22 Block Report Received
2025/12/04 16:18:32 Block Report Received
2025/12/04 16:18:42 Block Report Received
2025/12/04 16:18:52 Block Report Received
2025/12/04 16:19:02 Block Report Received
2025/12/04 16:19:12 Block Report Received
2025/12/04 16:19:22 Block Report Received
2025/12/04 16:19:32 Block Report Received
2025/12/04 16:19:42 Block Report Received
2025/12/04 16:19:52 Block Report Received
2025/12/04 16:20:02 Block Report Received
2025/12/04 16:20:12 Block Report Received
2025/12/04 16:20:22 Block Report Received
2025/12/04 16:20:32 Block Report Received
2025/12/04 16:20:42 Block Report Received
2025/12/04 16:20:52 Block Report Received
2025/12/04 16:21:02 Block Report Received
2025/12/04 16:21:12 Block Report Received
2025/12/04 16:21:22 Block Report Received
2025/12/04 16:21:32 Block Report Received
2025/12/04 16:21:42 Block Report Received
2025/12/04 16:21:52 Block Report Received
2025/12/04 16:22:02 Block Report Received
2025/12/04 16:22:12 Block Report Received
2025/12/04 16:22:22 Block Report Received
2025/12/04 16:22:32 Block Report Received
2025/12/04 16:22:42 Block Report Received
2025/12/04 16:22:52 Block Report Received
2025/12/04 16:23:02 Block Report Received
2025/12/04 16:23:12 Block Report Received
2025/12/04 16:23:22 Block Report Received
2025/12/04 16:23:32 Block Report Received
2025/12/04 16:23:42 Block Report Received
2025/12/04 16:23:52 Block Report Received
2025/12/04 16:24:02 Block Report Received
2025/12/04 16:24:12 Block Report Received
2025/12/04 16:24:22 Block Report Received
2025/12/04 16:24:32 Block Report Received
2025/12/04 16:24:42 Block Report Received
2025/12/04 16:24:52 Block Report Received
2025/12/04 16:25:02 Block Report Received
2025/12/04 16:25:12 Block Report Received
2025/12/04 16:25:22 Block Report Received
2025/12/04 16:25:32 Block Report Received
2025/12/04 16:25:42 Block Report Received
2025/12/04 16:25:52 Block Report Received
2025/12/04 16:26:02 Block Report Received
2025/12/04 16:26:12 Block Report Received
2025/12/04 16:26:22 Block Report Received
2025/12/04 16:26:32 Block Report Received
2025/12/04 16:26:42 Block Report Received
2025/12/04 16:26:52 Block Report Received
2025/12/04 16:27:02 Block Report Received
2025/12/04 16:27:12 Block Report Received
2025/12/04 16:27:22 Block Report Received
2025/12/04 16:27:32 Block Report Received
2025/12/04 16:27:42 Block Report Received
2025/12/04 16:27:52 Block Report Received
2025/12/04 16:28:02 Block Report Received
2025/12/04 16:28:12 Block Report Received
2025/12/04 16:28:22 Block Report Received
2025/12/04 16:28:32 Block Report Received
2025/12/04 16:28:42 Block Report Received
2025/12/04 16:28:52 Block Report Received
2025/12/04 16:29:02 Block Report Received
2025/12/04 16:29:12 Block Report Received
2025/12/04 16:29:22 Block Report Received
2025/12/04 16:29:32 Block Report Received
2025/12/04 16:29:42 Block Report Received
2025/12/04 16:29:52 Block Report Received
2025/12/04 16:48:04 Block Report Received
2025/12/04 16:48:11 Block Report Received
2025/12/04 16:48:22 Block Report Received
2025/12/04 16:48:32 Block Report Received
2025/12/04 16:48:42 Block Report Received
2025/12/04 16:48:52 Block Report Received
2025/12/04 16:49:01 Block Report Received
2025/12/04 16:49:11 Block Report Received
2025/12/04 16:49:21 Block Report Received
2025/12/04 16:49:31 Block Report Received
2025/12/04 16:49:41 Block Report Received
2025/12/04 16:49:51 Block Report Received
2025/12/04 16:50:01 Block Report Received
2025/12/04 16:50:11 Block Report Received
2025/12/04 16:50:21 Block Report Received
2025/12/04 16:50:31 Block Report Received
2025/12/04 16:50:41 Block Report Received
2025/12/04 16:50:51 Block Report Received
2025/12/04 16:51:01 Block Report Received
2025/12/04 16:51:11 Block Report Received
2025/12/04 16:51:21 Block Report Received
2025/12/04 16:51:31 Block Report Received
2025/12/04 16:51:41 Block Report Received
2025/12/04 16:51:51 Block Report Received
2025/12/04 16:52:01 Block Report Received
2025/12/04 16:52:11 Block Report Received
2025/12/04 16:52:21 Block Report Received
2025/12/04 16:52:31 Block Report Received
2025/12/04 16:52:41 Block Report Received
2025/12/04 16:52:51 Block Report Received
2025/12/04 16:53:01 Block Report Received
2025/12/04 16:53:11 Block Report Received
2025/12/04 16:53:21 Block Report Received
2025/12/04 16:53:31 Block Report Received
2025/12/04 16:53:41 Block Report Received
2025/12/04 16:53:51 Block Report Received
2025/12/04 16:54:01 Block Report Received
2025/12/04 16:54:11 Block Report Received
2025/12/04 16:54:21 Block Report Received
2025/12/04 16:54:31 Block Report Received
2025/12/04 16:54:41 Block Report Received
2025/12/04 16:54:51 Block Report Received
2025/12/04 16:55:01 Block Report Received
2025/12/04 16:55:11 Block Report Received
2025/12/04 16:55:21 Block Report Received
2025/12/04 16:55:31 Block Report Received
2025/12/04 16:55:41 Block Report Received
2025/12/04 16:55:51 Block Report Received
2025/12/04 16:56:01 Block Report Received
2025/12/04 16:56:11 Block Report Received
2025/12/04 16:56:21 Block Report Received
2025/12/04 16:56:31 Block Report Received
2025/12/04 16:56:41 Block Report Received
2025/12/04 16:56:51 Block Report Received
2025/12/04 16:57:01 Block Report Received
2025/12/04 16:57:11 Block Report Received
2025/12/04 16:57:21 Block Report Received
2025/12/04 16:57:31 Block Report Received
2025/12/04 16:57:41 Block Report Received
2025/12/04 16:57:51 Block Report Received
2025/12/04 16:58:01 Block Report Received
2025/12/04 16:58:11 Block Report Received
2025/12/04 16:58:21 Block Report Received
2025/12/04 16:58:31 Block Report Received
2025/12/04 16:58:41 Block Report Received
2025/12/04 16:58:51 Block Report Received
2025/12/04 16:59:01 Block Report Received
2025/12/04 16:59:11 Block Report Received
2025/12/04 16:59:21 Block Report Received
2025/12/04 16:59:31 Block Report Received
2025/12/04 16:59:41 Block Report Received
2025/12/04 16:59:51 Block Report Received
2025/12/04 17:00:01 Block Report Received
2025/12/04 17:00:11 Block Report Received
2025/12/04 17:00:21 Block Report Received
2025/12/04 17:00:31 Block Report Received
2025/12/04 17:00:41 Block Report Received
2025/12/04 17:00:51 Block Report Received
2025/12/04 17:01:01 Block Report Received
2025/12/04 17:01:11 Block Report Received
2025/12/04 17:01:21 Block Report Received
2025/12/04 17:01:31 Block Report Received
2025/12/04 17:01:41 Block Report Received
2025/12/04 17:01:51 Block Report Received
2025/12/04 17:02:01 Block Report Received
2025/12/04 17:02:11 Block Report Received
2025/12/04 17:02:21 Block Report Received
2025/12/04 17:02:31 Block Report Received
2025/12/04 17:02:41 Block Report Received
2025/12/04 17:02:51 Block Report Received
2025/12/04 17:03:01 Block Report Received
2025/12/04 17:03:11 Block Report Received
2025/12/04 17:03:21 Block Report Received
2025/12/04 17:03:31 Block Report Received
2025/12/04 17:03:41 Block Report Received
2025/12/05 12:32:28 Block Report Received
2025/12/05 12:32:31 Block Report Received
2025/12/05 12:32:39 Block Report Received
2025/12/05 12:32:49 Block Report Received
2025/12/05 12:32:59 Block Report Received
2025/12/05 12:33:09 Block Report Received
2025/12/05 12:33:19 Block Report Received
2025/12/05 12:33:29 Block Report Received
2025/12/05 12:33:39 Block Report Received
2025/12/15 09:35:56 Block Report Received
2025/12/15 09:36:06 Block Report Received
2025/12/15 09:36:16 Block Report Received
2025/12/15 09:36:26 Block Report Received
2025/12/15 09:36:36 Block Report Received
2025/12/15 09:36:46 Block Report Received
2025/12/15 09:36:56 Block Report Received
2025/12/15 09:37:06 Block Report Received
2025/12/15 09:37:16 Block Report Received
2025/12/15 09:37:26 Block Report Received
2025/12/15 09:37:36 Block Report Received
2025/12/15 09:37:46 Block Report Received
2025/12/15 09:37:56 Block Report Received
2025/12/15 09:38:06 Block Report Received
2025/12/15 09:38:16 Block Report Received
2025/12/15 09:38:26 Block Report Received
2025/12/15 09:38:36 Block Report Received
2025/12/15 09:38:46 Block Report Received
2025/12/15 09:38:56 Block Report Received
2025/12/15 09:39:06 Block Report Received
2025/12/15 09:39:19 Block Report Received
2025/12/15 09:39:27 Block Report Received
2025/12/15 09:39:36 Block Report Received
2025/12/15 09:39:51 Block Report Received
2025/12/15 09:39:56 Block Report Received
2025/12/15 09:40:06 Block Report Received
2025/12/15 09:40:16 Block Report Received
2025/12/15 09:40:26 Block Report Received
2025/12/15 09:40:36 Block Report Received
2025/12/15 09:40:46 Block Report Received
2025/12/15 09:40:56 Block Report Received
2025/12/15 09:41:06 Block Report Received
2025/12/15 09:41:16 Block Report Received
2025/12/15 09:41:26 Block Report Received
2025/12/15 09:41:36 Block Report Received
2025/12/15 09:41:46 Block Report Received
2025/12/15 09:41:56 Block Report Received
2025/12/15 09:42:06 Block Report Received
2025/12/15 09:42:16 Block Report Received
2025/12/15 09:42:26 Block Report Received
2025/12/15 09:42:36 Block Report Received
2025/12/15 09:42:46 Block Report Received
2025/12/15 09:42:56 Block Report Received
2025/12/15 09:43:06 Block Report Received
2025/12/15 09:43:16 Block Report Received
2025/12/15 09:43:26 Block Report Received
2025/12/15 09:43:36 Block Report Received
2025/12/15 09:43:46 Block Report Received
2025/12/15 09:43:56 Block Report Received
2025/12/15 09:44:06 Block Report Received
2025/12/15 09:44:16 Block Report Received
2025/12/15 09:44:26 Block Report Received
2025/12/15 09:44:36 Block Report Received
2025/12/15 09:44:46 Block Report Received
2025/12/15 09:44:56 Block Report Received
2025/12/15 09:45:06 Block Report Received
2025/12/15 09:45:16 Block Report Received
2025/12/15 09:45:26 Block Report Received
2025/12/15 09:45:36 Block Report Received
2025/12/15 09:45:46 Block Report Received
2025/12/15 09:45:56 Block Report Received
2025/12/15 09:46:06 Block Report Received
2025/12/15 09:46:16 Block Report Received
2025/12/15 09:46:26 Block Report Received
2025/12/15 09:46:36 Block Report Received
2025/12/15 09:46:46 Block Report Received
2025/12/15 09:46:56 Block Report Received
2025/12/15 09:47:06 Block Report Received
2025/12/15 09:47:16 Block Report Received
2025/12/15 09:47:26 Block Report Received
2025/12/15 09:47:36 Block Report Received
2025/12/15 09:47:46 Block Report Received
2025/12/15 09:47:56 Block Report Received
2025/12/15 09:48:06 Block Report Received
2025/12/15 09:48:16 Block Report Received
2025/12/15 09:48:26 Block Report Received
2025/12/15 09:48:36 Block Report Received
2025/12/15 09:48:46 Block Report Received
2025/12/15 09:48:56 Block Report Received
2025/12/15 09:49:06 Block Report Received
2025/12/15 09:49:16 Block Report Received
2025/12/15 09:49:26 Block Report Received
2025/12/15 09:49:36 Block Report Received
2025/12/15 09:49:46 Block Report Received
2025/12/15 09:49:56 Block Report Received
2025/12/15 09:50:06 Block Report Received
2025/12/15 09:50:16 Block Report Received
2025/12/15 09:50:26 Block Report Received
2025/12/15 09:50:36 Block Report Received
2025/12/15 09:50:46 Block Report Received
2025/12/15 09:50:56 Block Report Received
2025/12/15 09:51:06 Block Report Received
2025/12/15 09:51:16 Block Report Received
2025/12/15 09:51:26 Block Report Received
2025/12/15 09:51:36 Block Report Received
2025/12/15 09:51:46 Block Report Received
2025/12/15 09:51:56 Block Report Received
2025/12/15 09:52:06 Block Report Received
2025/12/15 09:52:16 Block Report Received
2025/12/15 09:52:26 Block Report Received
2025/12/15 09:52:36 Block Report Received
2025/12/15 09:52:46 Block Report Received
2025/12/15 09:52:56 Block Report Received
2025/12/15 09:53:06 Block Report Received
2025/12/15 09:53:16 Block Report Received
2025/12/15 09:53:26 Block Report Received
2025/12/15 09:53:36 Block Report Received
2025/12/15 09:53:46 Block Report Received
2025/12/15 09:53:56 Block Report Received
2025/12/15 09:54:06 Block Report Received
2025/12/15 09:54:16 Block Report Received
2025/12/15 09:54:26 Block Report Received
2025/12/15 09:54:36 Block Report Received
2025/12/15 09:54:46 Block Report Received
2025/12/15 09:54:56 Block Report Received
2025/12/15 09:55:06 Block Report Received
2025/12/15 09:55:16 Block Report Received
2025/12/15 09:55:26 Block Report Received
2025/12/15 09:55:36 Block Report Received
2025/12/15 09:55:46 Block Report Received
2025/12/15 09:55:56 Block Report Received
2025/12/15 09:56:06 Block Report Received
2025/12/15 09:56:16 Block Report Received
2025/12/15 09:56:26 Block Report Received
2025/12/15 09:56:36 Block Report Received
2025/12/15 09:56:46 Block Report Received
2025/12/15 09:56:56 Block Report Received
2025/12/15 09:57:06 Block Report Received
2025/12/15 09:57:16 Block Report Received
2025/12/15 09:57:26 Block Report Received
2025/12/15 09:57:36 Block Report Received
2025/12/15 09:57:46 Block Report Received
2025/12/15 09:57:56 Block Report Received
2025/12/15 09:58:06 Block Report Received
2025/12/15 09:58:16 Block Report Received
2025/12/15 09:58:26 Block Report Received
2025/12/15 09:58:36 Block Report Received
2025/12/15 09:58:46 Block Report Received
2025/12/15 09:58:56 Block Report Received
2025/12/15 09:59:06 Block Report Received
2025/12/15 09:59:16 Block Report Received
2025/12/15 09:59:26 Block Report Received
2025/12/15 09:59:36 Block Report Received
2025/12/15 09:59:46 Block Report Received
2025/12/15 09:59:56 Block Report Received
2025/12/15 10:00:06 Block Report Received
2025/12/15 10:00:16 Block Report Received
2025/12/15 10:00:26 Block Report Received
2025/12/15 10:00:36 Block Report Received
2025/12/15 10:00:46 Block Report Received
2025/12/15 10:00:56 Block Report Received
2025/12/15 10:01:06 Block Report Received
2025/12/15 10:01:16 Block Report Received
2025/12/15 10:01:26 Block Report Received
2025/12/15 10:01:36 Block Report Received
2025/12/15 10:01:46 Block Report Received
2025/12/15 10:01:56 Block Report Received
2025/12/15 10:02:06 Block Report Received
2025/12/15 10:02:16 Block Report Received
2025/12/15 10:02:26 Block Report Received
2025/12/15 10:02:36 Block Report Received
2025/12/15 10:02:46 Block Report Received
2025/12/15 10:02:56 Block Report Received
2025/12/15 10:03:06 Block Report Received
2025/12/15 10:03:16 Block Report Received
2025/12/15 10:03:26 Block Report Received
2025/12/15 10:03:36 Block Report Received
2025/12/15 10:03:46 Block Report Received
2025/12/15 10:03:56 Block Report Received
2025/12/15 10:04:06 Block Report Received
2025/12/15 10:04:16 Block Report Received
2025/12/15 10:04:26 Block Report Received
2025/12/15 10:04:36 Block Report Received
2025/12/15 10:04:46 Block Report Received
2025/12/15 10:04:56 Block Report Received
2025/12/15 10:05:06 Block Report Received
2025/12/15 10:05:16 Block Report Received
2025/12/15 10:05:26 Block Report Received
2025/12/15 10:05:36 Block Report Received
2025/12/15 10:05:46 Block Report Received
2025/12/15 10:05:56 Block Report Received
2025/12/15 10:06:06 Block Report Received
2025/12/15 10:06:16 Block Report Received
2025/12/15 10:06:26 Block Report Received
2025/12/15 10:06:36 Block Report Received
2025/12/15 10:06:46 Block Report Received
2025/12/15 10:06:56 Block Report Received
2025/12/15 10:07:06 Block Report Received
2025/12/15 10:07:16 Block Report Received
2025/12/15 10:07:26 Block Report Received
2025/12/15 10:07:36 Block Report Received
2025/12/15 10:07:46 Block Report Received
2025/12/15 10:07:56 Block Report Received
2025/12/15 10:08:06 Block Report Received
2025/12/15 10:08:16 Block Report Received
2025/12/15 10:08:26 Block Report Received
2025/12/15 10:08:36 Block Report Received
2025/12/15 10:08:46 Block Report Received
2025/12/15 10:08:56 Block Report Received
2025/12/15 10:09:06 Block Report Received
2025/12/15 10:09:16 Block Report Received
2025/12/15 10:09:26 Block Report Received
2025/12/15 10:09:36 Block Report Received
2025/12/15 10:09:46 Block Report Received
2025/12/15 10:09:56 Block Report Received
2025/12/15 10:10:06 Block Report Received
2025/12/15 10:10:16 Block Report Received
2025/12/15 10:10:26 Block Report Received
2025/12/15 10:10:36 Block Report Received
2025/12/15 10:10:46 Block Report Received
2025/12/15 10:10:56 Block Report Received
