2025/12/03 14:38:44 Loaded existing DataNode ID: 1d5244f2-0fde-4dd4-829b-825a33596b37
2025/12/03 14:38:44 ✅ DataNode 1d5244f2-0fde-4dd4-829b-825a33596b37 initialized at datanode-files/port_8005/1d5244f2-0fde-4dd4-829b-825a33596b37, found 6342 blocks
2025/12/03 14:38:44 ✅ Connected to primary NameNode at localhost:8080
2025/12/03 14:38:44 🔗 DataNode connected to NameNode at localhost:8080
2025/12/03 14:38:44 🧩 DataNode 1d5244f2-0fde-4dd4-829b-825a33596b37 registration status: Registered
2025/12/03 14:38:44 🔄 Auto-reconnect monitoring started
2025/12/03 14:38:44 Datanode with id = 1d5244f2-0fde-4dd4-829b-825a33596b37 is listening on port :8005
2025/12/03 14:38:54 ⚠️  Failed to send block report: rpc error: code = Unavailable desc = error reading from server: EOF
2025/12/03 14:39:04 ⚠️  Connection to NameNode lost: rpc error: code = Unavailable desc = connection error: desc = "transport: Error while dialing: dial tcp 127.0.0.1:8080: connect: connection refused"
2025/12/03 14:39:04 🔄 Attempting to reconnect...
2025/12/03 14:39:08 ⚠️  Primary NameNode localhost:8080 unavailable, trying alternates...
2025/12/03 14:39:08 ✅ Connected to NameNode at localhost:8081
2025/12/03 14:39:08 ✅ Reconnected to NameNode at localhost:8081
2025/12/03 14:39:08 🧩 DataNode 1d5244f2-0fde-4dd4-829b-825a33596b37 registration status: Registered
2025/12/03 14:39:08 🔄 Block report restarted
2025/12/03 14:39:18 Block Report Received
2025/12/03 14:39:28 Block Report Received
2025/12/03 14:39:38 Block Report Received
2025/12/03 14:39:48 Block Report Received
2025/12/03 14:39:58 Block Report Received
2025/12/03 14:40:08 Block Report Received
2025/12/03 14:40:18 Block Report Received
2025/12/03 14:40:28 Block Report Received
2025/12/03 14:40:38 Block Report Received
2025/12/03 14:40:48 Block Report Received
2025/12/03 14:40:58 Block Report Received
2025/12/03 14:41:08 Block Report Received
2025/12/03 14:41:18 Block Report Received
2025/12/03 14:41:28 Block Report Received
2025/12/03 14:41:38 Block Report Received
2025/12/03 14:41:48 Block Report Received
2025/12/03 14:41:58 Block Report Received
2025/12/03 14:42:08 Block Report Received
2025/12/03 14:42:18 Block Report Received
2025/12/03 14:42:28 Block Report Received
2025/12/03 14:42:38 Block Report Received
2025/12/03 14:42:48 Block Report Received
2025/12/03 14:42:58 Block Report Received
2025/12/03 14:43:08 Block Report Received
2025/12/03 14:43:18 Block Report Received
2025/12/03 14:43:28 Block Report Received
2025/12/03 14:43:38 Block Report Received
2025/12/03 14:43:48 Block Report Received
2025/12/03 14:43:58 Block Report Received
2025/12/03 14:44:08 Block Report Received
2025/12/03 14:44:18 Block Report Received
2025/12/03 14:44:28 Block Report Received
2025/12/03 14:44:38 Block Report Received
2025/12/03 14:44:48 Block Report Received
2025/12/03 14:44:58 Block Report Received
2025/12/03 14:45:08 Block Report Received
2025/12/03 14:45:18 Block Report Received
2025/12/03 14:45:28 Block Report Received
2025/12/03 14:45:38 Block Report Received
2025/12/03 14:45:48 Block Report Received
2025/12/03 14:45:58 Block Report Received
2025/12/03 14:46:08 Block Report Received
2025/12/03 14:46:18 Block Report Received
2025/12/03 14:46:28 Block Report Received
2025/12/03 14:46:38 Block Report Received
2025/12/03 14:46:48 Block Report Received
2025/12/03 14:46:58 Block Report Received
2025/12/03 14:47:08 Block Report Received
2025/12/03 14:47:18 Block Report Received
2025/12/03 14:47:28 Block Report Received
2025/12/03 14:47:38 Block Report Received
2025/12/03 14:47:48 Block Report Received
2025/12/03 14:47:58 Block Report Received
2025/12/03 14:48:08 Block Report Received
2025/12/03 14:48:18 Block Report Received
2025/12/03 14:48:28 Block Report Received
2025/12/03 14:48:38 Block Report Received
2025/12/03 14:48:48 Block Report Received
2025/12/03 14:48:58 Block Report Received
2025/12/03 14:49:08 Block Report Received
2025/12/03 14:49:18 Block Report Received
2025/12/03 14:49:28 Block Report Received
2025/12/03 14:49:38 Block Report Received
2025/12/03 14:49:48 Block Report Received
2025/12/03 14:49:58 Block Report Received
2025/12/03 14:50:08 Block Report Received
2025/12/03 14:50:18 Block Report Received
2025/12/03 14:50:28 Block Report Received
2025/12/03 14:50:38 Block Report Received
2025/12/03 14:50:48 Block Report Received
2025/12/03 14:50:58 Block Report Received
2025/12/03 14:51:08 Block Report Received
2025/12/03 14:51:18 Block Report Received
2025/12/03 14:51:28 Block Report Received
2025/12/03 14:51:38 Block Report Received
2025/12/03 14:51:48 Block Report Received
2025/12/03 14:51:58 Block Report Received
2025/12/03 14:52:08 Block Report Received
2025/12/03 14:52:18 Block Report Received
2025/12/03 14:52:28 Block Report Received
2025/12/03 14:52:38 Block Report Received
2025/12/03 14:52:48 Block Report Received
2025/12/03 14:52:58 Block Report Received
2025/12/03 14:53:08 Block Report Received
2025/12/03 14:53:18 Block Report Received
2025/12/03 14:53:28 Block Report Received
2025/12/03 14:53:38 Block Report Received
2025/12/03 14:53:48 Block Report Received
2025/12/03 14:53:58 Block Report Received
2025/12/03 14:54:08 Block Report Received
2025/12/03 14:54:18 Block Report Received
2025/12/03 14:54:28 Block Report Received
2025/12/03 14:54:38 Block Report Received
2025/12/03 14:54:48 Block Report Received
2025/12/03 14:54:58 Block Report Received
2025/12/03 14:55:08 Block Report Received
2025/12/03 14:55:18 Block Report Received
2025/12/03 14:55:28 Block Report Received
2025/12/03 14:55:38 Block Report Received
2025/12/03 14:55:48 Block Report Received
2025/12/03 14:55:58 Block Report Received
2025/12/03 14:56:08 Block Report Received
2025/12/03 14:56:18 Block Report Received
2025/12/03 14:56:28 Block Report Received
2025/12/03 14:56:38 Block Report Received
2025/12/03 14:56:48 Block Report Received
2025/12/03 14:56:58 Block Report Received
2025/12/03 14:57:08 Block Report Received
2025/12/03 14:57:18 Block Report Received
2025/12/03 14:57:28 Block Report Received
2025/12/03 14:57:38 Block Report Received
2025/12/03 14:57:48 Block Report Received
2025/12/03 14:57:58 Block Report Received
2025/12/03 14:58:08 Block Report Received
2025/12/03 14:58:18 Block Report Received
2025/12/03 14:58:28 Block Report Received
2025/12/03 14:58:38 Block Report Received
2025/12/03 14:58:48 Block Report Received
2025/12/03 14:58:58 Block Report Received
2025/12/03 14:59:08 Block Report Received
2025/12/03 14:59:18 Block Report Received
2025/12/03 14:59:28 Block Report Received
2025/12/03 14:59:38 Block Report Received
2025/12/03 14:59:48 Block Report Received
2025/12/03 14:59:58 Block Report Received
2025/12/03 15:00:08 Block Report Received
2025/12/03 15:00:18 Block Report Received
2025/12/03 15:00:28 Block Report Received
2025/12/03 15:00:38 Block Report Received
2025/12/03 15:00:48 Block Report Received
2025/12/03 15:00:58 Block Report Received
2025/12/03 15:01:08 Block Report Received
2025/12/03 15:01:18 Block Report Received
2025/12/03 15:01:28 Block Report Received
2025/12/03 15:01:38 Block Report Received
2025/12/03 15:01:48 Block Report Received
2025/12/03 15:01:58 Block Report Received
2025/12/03 15:02:08 Block Report Received
2025/12/03 15:02:18 Block Report Received
2025/12/03 15:02:28 Block Report Received
2025/12/03 15:02:38 Block Report Received
2025/12/03 15:02:48 Block Report Received
2025/12/03 15:02:58 Block Report Received
2025/12/03 15:03:08 Block Report Received
2025/12/03 15:03:18 Block Report Received
2025/12/03 15:03:28 Block Report Received
2025/12/03 15:03:38 Block Report Received
2025/12/03 15:03:48 Block Report Received
2025/12/03 15:03:58 Block Report Received
2025/12/03 15:04:08 Block Report Received
2025/12/03 15:04:18 Block Report Received
2025/12/03 15:04:28 Block Report Received
2025/12/03 15:04:38 Block Report Received
2025/12/03 15:04:48 Block Report Received
2025/12/03 15:04:58 Block Report Received
2025/12/03 15:05:08 Block Report Received
2025/12/03 15:05:18 Block Report Received
2025/12/03 15:05:28 Block Report Received
2025/12/03 15:05:38 Block Report Received
2025/12/03 15:05:48 Block Report Received
2025/12/03 15:05:58 Block Report Received
2025/12/03 15:06:08 Block Report Received
2025/12/03 15:06:18 Block Report Received
2025/12/03 15:06:28 Block Report Received
2025/12/03 15:06:38 Block Report Received
2025/12/03 15:07:14 Block Report Received
2025/12/03 15:07:19 Block Report Received
2025/12/03 15:07:21 Block Report Received
2025/12/03 15:07:31 Block Report Received
2025/12/03 15:07:46 Block Report Received
2025/12/03 15:07:55 Block Report Received
2025/12/03 15:07:58 Block Report Received
2025/12/03 15:08:08 Block Report Received
2025/12/03 15:08:18 Block Report Received
2025/12/03 15:08:28 Block Report Received
2025/12/03 15:08:38 Block Report Received
2025/12/03 15:08:48 Block Report Received
2025/12/03 15:08:58 Block Report Received
2025/12/03 15:09:08 Block Report Received
2025/12/03 15:09:18 Block Report Received
2025/12/03 15:09:28 Block Report Received
2025/12/03 15:09:38 Block Report Received
2025/12/03 15:09:48 Block Report Received
2025/12/03 15:09:58 Block Report Received
2025/12/03 15:10:08 Block Report Received
2025/12/03 15:10:18 Block Report Received
2025/12/03 15:10:28 Block Report Received
2025/12/03 15:10:38 Block Report Received
2025/12/03 15:10:48 Block Report Received
2025/12/03 15:10:58 Block Report Received
2025/12/03 15:11:08 Block Report Received
2025/12/03 15:11:18 Block Report Received
2025/12/03 15:11:28 Block Report Received
2025/12/03 15:11:38 Block Report Received
2025/12/03 15:11:48 Block Report Received
2025/12/03 15:11:58 Block Report Received
2025/12/03 15:12:08 Block Report Received
2025/12/03 15:12:18 Block Report Received
2025/12/03 15:12:28 Block Report Received
2025/12/03 15:12:38 Block Report Received
2025/12/03 15:12:48 Block Report Received
2025/12/03 15:12:58 Block Report Received
2025/12/03 15:13:08 Block Report Received
2025/12/03 15:13:18 Block Report Received
2025/12/03 15:13:28 Block Report Received
2025/12/03 15:13:38 Block Report Received
2025/12/03 15:13:48 Block Report Received
2025/12/03 15:13:58 Block Report Received
2025/12/03 15:14:08 Block Report Received
2025/12/03 15:14:18 Block Report Received
2025/12/03 15:14:28 Block Report Received
2025/12/03 15:14:38 Block Report Received
2025/12/03 15:14:48 Block Report Received
2025/12/03 15:14:58 Block Report Received
2025/12/03 15:15:08 Block Report Received
2025/12/03 15:15:18 Block Report Received
2025/12/03 15:15:28 Block Report Received
2025/12/03 15:15:38 Block Report Received
2025/12/03 15:15:48 Block Report Received
2025/12/03 15:15:58 Block Report Received
2025/12/03 15:16:08 Block Report Received
2025/12/03 15:16:18 Block Report Received
2025/12/03 15:16:28 Block Report Received
2025/12/03 15:16:38 Block Report Received
2025/12/03 15:16:48 Block Report Received
2025/12/03 15:16:58 Block Report Received
2025/12/03 15:17:08 Block Report Received
2025/12/03 15:17:18 Block Report Received
2025/12/03 15:17:28 Block Report Received
2025/12/03 15:17:38 Block Report Received
2025/12/03 15:17:48 Block Report Received
2025/12/03 15:17:58 Block Report Received
2025/12/03 15:18:08 Block Report Received
2025/12/03 15:18:18 Block Report Received
2025/12/03 15:18:28 Block Report Received
2025/12/03 15:18:38 Block Report Received
2025/12/03 15:18:48 Block Report Received
2025/12/03 15:18:58 Block Report Received
2025/12/03 15:19:08 Block Report Received
2025/12/03 15:19:18 Block Report Received
2025/12/03 15:19:28 Block Report Received
2025/12/03 15:19:38 Block Report Received
2025/12/03 15:19:48 Block Report Received
2025/12/03 15:19:58 Block Report Received
2025/12/03 15:20:08 Block Report Received
2025/12/03 15:20:18 Block Report Received
2025/12/03 15:20:28 Block Report Received
2025/12/03 15:20:38 Block Report Received
2025/12/03 15:20:48 Block Report Received
2025/12/03 15:20:58 Block Report Received
2025/12/03 15:21:08 Block Report Received
2025/12/03 15:21:18 Block Report Received
2025/12/03 15:21:28 Block Report Received
2025/12/03 15:21:38 Block Report Received
2025/12/03 15:21:48 Block Report Received
2025/12/03 15:21:58 Block Report Received
2025/12/03 15:22:08 Block Report Received
2025/12/03 15:22:18 Block Report Received
2025/12/03 15:22:28 Block Report Received
2025/12/03 15:22:38 Block Report Received
2025/12/03 15:22:48 Block Report Received
2025/12/03 15:22:58 Block Report Received
2025/12/03 15:23:08 Block Report Received
2025/12/03 15:23:18 Block Report Received
2025/12/03 15:23:28 Block Report Received
2025/12/03 15:23:38 Block Report Received
2025/12/03 15:23:48 Block Report Received
2025/12/03 15:23:58 Block Report Received
2025/12/03 15:24:08 Block Report Received
2025/12/03 15:24:18 Block Report Received
2025/12/03 15:24:28 Block Report Received
2025/12/03 15:24:38 Block Report Received
2025/12/03 15:24:48 Block Report Received
2025/12/03 15:24:58 Block Report Received
2025/12/03 15:25:08 Block Report Received
2025/12/03 15:25:18 Block Report Received
2025/12/03 15:25:28 Block Report Received
2025/12/03 15:25:38 Block Report Received
2025/12/03 15:25:48 Block Report Received
2025/12/03 15:25:58 Block Report Received
2025/12/03 15:26:08 Block Report Received
2025/12/03 15:26:18 Block Report Received
2025/12/03 15:26:28 Block Report Received
2025/12/03 15:26:38 Block Report Received
2025/12/03 15:26:48 Block Report Received
2025/12/03 15:26:58 Block Report Received
2025/12/03 15:27:08 Block Report Received
2025/12/03 15:27:18 Block Report Received
2025/12/03 15:27:28 Block Report Received
2025/12/03 15:27:38 Block Report Received
2025/12/03 15:27:48 Block Report Received
2025/12/03 15:27:58 Block Report Received
2025/12/03 15:28:08 Block Report Received
2025/12/03 15:28:18 Block Report Received
2025/12/03 15:28:28 Block Report Received
2025/12/03 15:28:38 Block Report Received
2025/12/03 15:28:50 Block Report Received
2025/12/03 15:28:58 Block Report Received
2025/12/03 15:29:09 Block Report Received
2025/12/03 15:29:18 Block Report Received
2025/12/03 15:29:28 Block Report Received
2025/12/03 15:29:38 Block Report Received
2025/12/03 15:29:48 Block Report Received
2025/12/03 15:29:58 Block Report Received
2025/12/03 15:30:08 Block Report Received
2025/12/03 15:30:18 Block Report Received
2025/12/03 15:30:28 Block Report Received
2025/12/03 15:30:38 Block Report Received
2025/12/03 15:30:48 Block Report Received
2025/12/03 15:30:58 Block Report Received
2025/12/03 15:31:08 Block Report Received
2025/12/03 15:31:18 Block Report Received
2025/12/03 15:31:28 Block Report Received
2025/12/03 15:31:38 Block Report Received
2025/12/03 15:31:48 Block Report Received
2025/12/03 15:31:58 Block Report Received
2025/12/03 15:32:08 Block Report Received
2025/12/03 15:32:18 Block Report Received
2025/12/03 15:32:28 Block Report Received
2025/12/03 15:32:38 Block Report Received
2025/12/03 15:32:48 Block Report Received
2025/12/03 15:32:58 Block Report Received
2025/12/03 15:33:08 Block Report Received
2025/12/03 15:33:18 Block Report Received
2025/12/03 15:33:28 Block Report Received
2025/12/03 15:33:38 Block Report Received
2025/12/03 15:33:48 Block Report Received
2025/12/03 15:33:58 Block Report Received
2025/12/03 15:34:08 Block Report Received
2025/12/03 15:34:18 Block Report Received
2025/12/03 15:34:28 Block Report Received
2025/12/03 15:34:38 Block Report Received
2025/12/03 15:34:48 Block Report Received
2025/12/03 15:34:58 Block Report Received
2025/12/03 15:35:08 Block Report Received
2025/12/03 15:35:18 Block Report Received
2025/12/03 15:35:28 Block Report Received
2025/12/03 15:35:38 Block Report Received
2025/12/03 15:35:48 Block Report Received
2025/12/03 15:35:58 Block Report Received
2025/12/03 15:36:08 Block Report Received
2025/12/03 15:36:18 Block Report Received
2025/12/03 15:36:28 Block Report Received
2025/12/03 15:36:38 Block Report Received
2025/12/03 15:36:48 Block Report Received
2025/12/03 15:36:58 Block Report Received
2025/12/03 15:37:08 Block Report Received
2025/12/03 15:37:18 Block Report Received
2025/12/03 15:37:28 Block Report Received
2025/12/03 15:37:38 Block Report Received
2025/12/03 15:37:48 Block Report Received
2025/12/03 15:37:58 Block Report Received
2025/12/03 15:38:08 Block Report Received
2025/12/03 15:38:18 Block Report Received
2025/12/03 15:38:28 Block Report Received
2025/12/03 15:38:38 Block Report Received
2025/12/03 15:38:48 Block Report Received
2025/12/03 15:38:58 Block Report Received
2025/12/03 15:39:08 Block Report Received
2025/12/03 15:39:18 Block Report Received
2025/12/03 15:39:28 Block Report Received
2025/12/03 15:39:38 Block Report Received
2025/12/03 15:39:48 Block Report Received
2025/12/03 15:39:58 Block Report Received
2025/12/03 15:40:08 Block Report Received
2025/12/03 15:40:18 Block Report Received
2025/12/03 15:40:28 Block Report Received
2025/12/03 15:40:38 Block Report Received
2025/12/03 15:40:48 Block Report Received
2025/12/03 15:40:58 Block Report Received
2025/12/03 15:41:08 Block Report Received
2025/12/03 15:41:18 Block Report Received
2025/12/03 15:41:28 Block Report Received
2025/12/03 15:41:38 Block Report Received
2025/12/03 15:41:49 Block Report Received
2025/12/03 15:41:58 Block Report Received
2025/12/03 15:42:08 Block Report Received
2025/12/03 15:42:18 Block Report Received
2025/12/03 15:42:28 Block Report Received
2025/12/03 15:42:38 Block Report Received
2025/12/03 15:42:48 Block Report Received
2025/12/03 15:42:58 Block Report Received
2025/12/03 15:43:08 Block Report Received
2025/12/03 15:43:18 Block Report Received
2025/12/03 15:43:28 Block Report Received
2025/12/03 15:43:38 Block Report Received
2025/12/03 15:43:48 Block Report Received
2025/12/03 15:43:58 Block Report Received
2025/12/03 15:44:08 Block Report Received
2025/12/03 15:44:18 Block Report Received
2025/12/03 15:44:28 Block Report Received
2025/12/03 15:44:38 Block Report Received
2025/12/03 15:44:48 Block Report Received
2025/12/03 15:44:58 Block Report Received
2025/12/03 15:45:08 Block Report Received
2025/12/03 15:45:18 Block Report Received
2025/12/03 15:45:28 Block Report Received
2025/12/03 15:45:38 Block Report Received
2025/12/03 15:45:48 Block Report Received
2025/12/03 15:45:58 Block Report Received
2025/12/03 15:46:08 Block Report Received
2025/12/03 15:46:18 Block Report Received
2025/12/03 15:46:28 Block Report Received
2025/12/03 15:46:38 Block Report Received
2025/12/03 15:46:48 Block Report Received
2025/12/03 15:46:58 Block Report Received
2025/12/03 15:47:08 Block Report Received
2025/12/03 15:47:18 Block Report Received
2025/12/03 15:47:28 Block Report Received
2025/12/03 15:47:38 Block Report Received
2025/12/03 15:47:48 Block Report Received
2025/12/03 15:47:58 Block Report Received
2025/12/03 15:48:08 Block Report Received
2025/12/03 15:48:18 Block Report Received
2025/12/03 15:48:28 Block Report Received
2025/12/03 15:48:38 Block Report Received
2025/12/03 15:48:48 Block Report Received
2025/12/03 15:48:58 Block Report Received
2025/12/03 15:49:08 Block Report Received
2025/12/03 15:49:18 Block Report Received
2025/12/03 15:49:28 Block Report Received
2025/12/03 15:49:38 Block Report Received
2025/12/03 15:49:48 Block Report Received
2025/12/03 15:49:58 Block Report Received
2025/12/03 15:50:08 Block Report Received
2025/12/03 15:50:18 Block Report Received
2025/12/03 15:50:28 Block Report Received
2025/12/03 15:50:38 Block Report Received
2025/12/03 15:50:48 Block Report Received
2025/12/03 15:50:58 Block Report Received
2025/12/03 15:51:08 Block Report Received
2025/12/03 15:51:18 Block Report Received
2025/12/03 15:51:28 Block Report Received
2025/12/03 15:51:38 Block Report Received
2025/12/03 15:51:48 Block Report Received
2025/12/03 15:51:58 Block Report Received
2025/12/03 15:52:08 Block Report Received
2025/12/03 15:52:18 Block Report Received
2025/12/03 15:52:28 Block Report Received
2025/12/03 15:52:38 Block Report Received
2025/12/03 15:52:48 Block Report Received
2025/12/03 15:52:58 Block Report Received
2025/12/03 15:53:08 Block Report Received
2025/12/03 15:53:18 Block Report Received
2025/12/03 15:53:28 Block Report Received
2025/12/03 15:53:38 Block Report Received
2025/12/03 15:53:48 Block Report Received
2025/12/03 15:53:58 Block Report Received
2025/12/03 15:54:08 Block Report Received
2025/12/03 15:54:18 Block Report Received
2025/12/03 15:54:28 Block Report Received
2025/12/03 15:54:38 Block Report Received
2025/12/03 15:54:48 Block Report Received
2025/12/03 15:54:58 Block Report Received
2025/12/03 15:55:08 Block Report Received
2025/12/03 15:55:18 Block Report Received
2025/12/03 15:55:28 Block Report Received
2025/12/03 15:55:38 Block Report Received
2025/12/03 15:55:48 Block Report Received
2025/12/03 15:55:58 Block Report Received
2025/12/03 15:56:08 Block Report Received
2025/12/03 15:56:18 Block Report Received
2025/12/03 15:56:28 Block Report Received
2025/12/03 15:56:38 Block Report Received
2025/12/03 15:56:48 Block Report Received
2025/12/03 15:56:58 Block Report Received
2025/12/03 15:57:08 Block Report Received
2025/12/03 15:57:18 Block Report Received
2025/12/03 15:57:28 Block Report Received
2025/12/03 15:57:38 Block Report Received
2025/12/03 15:57:48 Block Report Received
2025/12/03 15:57:58 Block Report Received
2025/12/03 15:58:08 Block Report Received
2025/12/03 15:58:18 Block Report Received
2025/12/03 15:58:28 Block Report Received
2025/12/03 15:58:38 Block Report Received
2025/12/03 15:58:48 Block Report Received
2025/12/03 15:58:58 Block Report Received
2025/12/03 15:59:08 Block Report Received
2025/12/03 15:59:18 Block Report Received
2025/12/03 15:59:28 Block Report Received
2025/12/03 15:59:38 Block Report Received
2025/12/03 15:59:49 Block Report Received
2025/12/03 20:50:56 Block Report Received
2025/12/03 20:51:05 Block Report Received
2025/12/03 20:51:15 Block Report Received
2025/12/03 20:51:25 Block Report Received
2025/12/03 20:51:33 Block Report Received
2025/12/03 20:51:43 Block Report Received
2025/12/03 20:51:53 Block Report Received
2025/12/03 20:52:05 Block Report Received
2025/12/03 20:52:15 Block Report Received
2025/12/03 20:52:25 Block Report Received
2025/12/03 20:52:35 Block Report Received
2025/12/03 20:52:45 Block Report Received
2025/12/03 20:52:55 Block Report Received
2025/12/03 20:53:05 Block Report Received
2025/12/03 20:53:15 Block Report Received
2025/12/03 20:53:25 Block Report Received
2025/12/03 20:53:35 Block Report Received
2025/12/03 20:53:45 Block Report Received
2025/12/03 20:53:55 Block Report Received
2025/12/03 20:54:05 Block Report Received
2025/12/03 20:54:15 Block Report Received
2025/12/03 20:54:25 Block Report Received
2025/12/03 20:54:35 Block Report Received
2025/12/03 20:54:45 Block Report Received
2025/12/03 20:54:55 Block Report Received
2025/12/03 20:55:05 Block Report Received
2025/12/03 20:55:15 Block Report Received
2025/12/03 20:55:25 Block Report Received
2025/12/03 20:55:35 Block Report Received
2025/12/03 20:55:45 Block Report Received
2025/12/03 20:55:55 Block Report Received
2025/12/03 20:56:05 Block Report Received
2025/12/03 20:56:15 Block Report Received
2025/12/03 20:56:25 Block Report Received
2025/12/03 20:56:35 Block Report Received
2025/12/03 20:56:45 Block Report Received
2025/12/03 20:56:55 Block Report Received
2025/12/03 20:57:05 Block Report Received
2025/12/03 20:57:15 Block Report Received
2025/12/03 20:57:25 Block Report Received
2025/12/03 20:57:35 Block Report Received
2025/12/03 20:57:45 Block Report Received
2025/12/03 20:57:55 Block Report Received
2025/12/03 20:58:05 Block Report Received
2025/12/03 20:58:15 Block Report Received
2025/12/03 20:58:25 Block Report Received
2025/12/03 20:58:35 Block Report Received
2025/12/03 20:58:45 Block Report Received
2025/12/03 20:58:55 Block Report Received
2025/12/03 20:59:05 Block Report Received
2025/12/03 20:59:15 Block Report Received
2025/12/03 20:59:25 Block Report Received
2025/12/03 20:59:35 Block Report Received
2025/12/03 20:59:45 Block Report Received
2025/12/03 20:59:55 Block Report Received
2025/12/03 21:00:05 Block Report Received
2025/12/03 21:00:15 Block Report Received
2025/12/03 21:00:25 Block Report Received
2025/12/03 21:00:35 Block Report Received
2025/12/03 21:00:45 Block Report Received
2025/12/03 21:00:55 Block Report Received
2025/12/03 21:01:05 Block Report Received
2025/12/03 21:01:15 Block Report Received
2025/12/03 21:01:25 Block Report Received
2025/12/03 21:01:35 Block Report Received
2025/12/03 21:01:45 Block Report Received
2025/12/03 21:01:55 Block Report Received
2025/12/03 21:02:05 Block Report Received
2025/12/03 21:02:15 Block Report Received
2025/12/03 21:02:25 Block Report Received
2025/12/03 21:02:35 Block Report Received
2025/12/03 21:02:45 Block Report Received
2025/12/03 21:02:55 Block Report Received
2025/12/03 21:03:05 Block Report Received
2025/12/03 21:03:15 Block Report Received
2025/12/03 21:03:25 Block Report Received
2025/12/03 21:03:35 Block Report Received
2025/12/03 21:03:45 Block Report Received
2025/12/03 21:03:55 Block Report Received
2025/12/03 21:04:05 Block Report Received
2025/12/03 21:04:15 Block Report Received
2025/12/03 21:04:25 Block Report Received
2025/12/03 21:04:35 Block Report Received
2025/12/03 21:04:45 Block Report Received
2025/12/03 21:04:55 Block Report Received
2025/12/03 21:05:05 Block Report Received
2025/12/03 21:05:15 Block Report Received
2025/12/03 21:05:25 Block Report Received
2025/12/03 21:05:35 Block Report Received
2025/12/03 21:05:45 Block Report Received
2025/12/03 21:05:55 Block Report Received
2025/12/03 21:06:05 Block Report Received
2025/12/03 21:06:15 Block Report Received
2025/12/03 21:06:25 Block Report Received
2025/12/03 21:06:35 Block Report Received
2025/12/03 21:06:45 Block Report Received
2025/12/03 21:06:55 Block Report Received
2025/12/03 21:07:05 Block Report Received
2025/12/03 21:07:15 Block Report Received
2025/12/03 21:07:25 Block Report Received
2025/12/03 21:07:35 Block Report Received
2025/12/03 21:07:45 Block Report Received
2025/12/03 21:07:55 Block Report Received
2025/12/03 21:08:05 Block Report Received
2025/12/03 21:08:15 Block Report Received
2025/12/03 21:08:25 Block Report Received
2025/12/03 21:08:35 Block Report Received
2025/12/03 21:08:45 Block Report Received
2025/12/03 21:08:55 Block Report Received
2025/12/03 21:09:05 Block Report Received
2025/12/03 21:09:15 Block Report Received
2025/12/03 21:09:25 Block Report Received
2025/12/03 21:09:35 Block Report Received
2025/12/03 21:09:45 Block Report Received
2025/12/03 21:09:55 Block Report Received
2025/12/03 21:10:05 Block Report Received
2025/12/03 21:10:15 Block Report Received
2025/12/03 21:10:25 Block Report Received
2025/12/03 21:10:35 Block Report Received
2025/12/03 21:10:45 Block Report Received
2025/12/03 21:10:55 Block Report Received
2025/12/03 21:11:05 Block Report Received
2025/12/03 21:11:15 Block Report Received
2025/12/03 21:11:25 Block Report Received
2025/12/03 21:11:35 Block Report Received
2025/12/03 21:11:45 Block Report Received
2025/12/03 21:11:55 Block Report Received
2025/12/03 21:12:05 Block Report Received
2025/12/03 21:12:15 Block Report Received
2025/12/03 21:12:25 Block Report Received
2025/12/03 21:12:35 Block Report Received
2025/12/03 21:12:45 Block Report Received
2025/12/03 21:12:55 Block Report Received
2025/12/03 21:13:05 Block Report Received
2025/12/03 21:13:15 Block Report Received
2025/12/03 21:13:25 Block Report Received
2025/12/03 21:13:35 Block Report Received
2025/12/03 21:13:45 Block Report Received
2025/12/03 21:13:55 Block Report Received
2025/12/03 21:14:05 Block Report Received
2025/12/03 21:14:15 Block Report Received
2025/12/03 21:14:25 Block Report Received
2025/12/03 21:14:35 Block Report Received
2025/12/03 21:14:45 Block Report Received
2025/12/03 21:14:55 Block Report Received
2025/12/03 21:15:05 Block Report Received
2025/12/03 21:15:15 Block Report Received
2025/12/03 21:15:25 Block Report Received
2025/12/03 21:15:35 Block Report Received
2025/12/03 21:15:45 Block Report Received
2025/12/03 21:15:55 Block Report Received
2025/12/03 21:16:05 Block Report Received
2025/12/03 21:16:15 Block Report Received
2025/12/03 21:16:25 Block Report Received
2025/12/03 21:16:35 Block Report Received
2025/12/03 21:16:45 Block Report Received
2025/12/03 21:16:55 Block Report Received
2025/12/03 21:17:05 Block Report Received
2025/12/03 21:17:15 Block Report Received
2025/12/03 21:17:25 Block Report Received
2025/12/03 21:17:35 Block Report Received
2025/12/03 21:17:45 Block Report Received
2025/12/03 21:17:55 Block Report Received
2025/12/03 21:18:05 Block Report Received
2025/12/03 21:18:15 Block Report Received
2025/12/03 21:18:25 Block Report Received
2025/12/03 21:18:35 Block Report Received
2025/12/03 21:18:45 Block Report Received
2025/12/03 21:18:55 Block Report Received
2025/12/03 21:19:05 Block Report Received
2025/12/03 21:19:15 Block Report Received
2025/12/03 21:19:25 Block Report Received
2025/12/03 21:19:35 Block Report Received
2025/12/03 21:19:45 Block Report Received
2025/12/03 21:19:55 Block Report Received
2025/12/03 21:20:05 Block Report Received
2025/12/03 21:20:15 Block Report Received
2025/12/03 21:20:25 Block Report Received
2025/12/03 21:20:35 Block Report Received
2025/12/03 21:20:45 Block Report Received
2025/12/03 21:20:55 Block Report Received
2025/12/03 21:21:05 Block Report Received
2025/12/03 21:21:15 Block Report Received
2025/12/03 21:21:25 Block Report Received
2025/12/03 21:21:35 Block Report Received
2025/12/03 21:21:45 Block Report Received
2025/12/03 21:21:55 Block Report Received
2025/12/03 21:22:05 Block Report Received
2025/12/03 21:22:15 Block Report Received
2025/12/03 21:22:25 Block Report Received
2025/12/03 21:22:35 Block Report Received
2025/12/03 21:22:45 Block Report Received
2025/12/03 21:22:55 Block Report Received
2025/12/03 21:23:05 Block Report Received
2025/12/03 21:23:15 Block Report Received
2025/12/03 21:23:25 Block Report Received
2025/12/03 21:23:35 Block Report Received
2025/12/03 21:23:45 Block Report Received
2025/12/03 21:23:55 Block Report Received
2025/12/03 21:24:05 Block Report Received
2025/12/03 21:24:15 Block Report Received
2025/12/03 21:24:25 Block Report Received
2025/12/03 21:24:35 Block Report Received
2025/12/03 21:24:45 Block Report Received
2025/12/03 21:24:55 Block Report Received
2025/12/03 21:25:05 Block Report Received
2025/12/03 21:25:15 Block Report Received
2025/12/03 21:25:25 Block Report Received
2025/12/03 21:25:35 Block Report Received
2025/12/03 21:25:45 Block Report Received
2025/12/03 21:25:55 Block Report Received
2025/12/03 21:26:05 Block Report Received
2025/12/03 21:26:15 Block Report Received
2025/12/03 21:26:25 Block Report Received
2025/12/03 21:26:35 Block Report Received
2025/12/03 21:26:45 Block Report Received
2025/12/03 21:26:55 Block Report Received
2025/12/03 21:27:05 Block Report Received
2025/12/03 21:27:15 Block Report Received
2025/12/03 21:27:25 Block Report Received
2025/12/03 21:27:35 Block Report Received
2025/12/03 21:27:45 Block Report Received
2025/12/03 21:27:55 Block Report Received
2025/12/03 21:28:05 Block Report Received
2025/12/03 21:28:15 Block Report Received
2025/12/03 21:28:25 Block Report Received
2025/12/03 21:28:35 Block Report Received
2025/12/03 21:28:45 Block Report Received
2025/12/03 21:28:55 Block Report Received
2025/12/03 21:29:05 Block Report Received
2025/12/03 21:29:15 Block Report Received
2025/12/03 21:29:25 Block Report Received
2025/12/03 21:29:35 Block Report Received
2025/12/03 21:29:45 Block Report Received
2025/12/03 21:29:55 Block Report Received
2025/12/03 21:30:05 Block Report Received
2025/12/03 21:30:15 Block Report Received
2025/12/03 21:30:25 Block Report Received
2025/12/03 21:30:35 Block Report Received
2025/12/03 21:30:45 Block Report Received
2025/12/03 21:30:55 Block Report Received
2025/12/03 21:31:05 Block Report Received
2025/12/03 21:31:15 Block Report Received
2025/12/03 21:31:25 Block Report Received
2025/12/03 21:31:35 Block Report Received
2025/12/03 21:31:45 Block Report Received
2025/12/03 21:31:55 Block Report Received
2025/12/03 21:32:05 Block Report Received
2025/12/03 21:32:15 Block Report Received
2025/12/03 21:32:25 Block Report Received
2025/12/03 21:32:35 Block Report Received
2025/12/03 21:32:45 Block Report Received
2025/12/03 21:32:55 Block Report Received
2025/12/03 21:33:05 Block Report Received
2025/12/03 21:33:15 Block Report Received
2025/12/03 21:33:25 Block Report Received
2025/12/03 21:33:35 Block Report Received
2025/12/03 21:33:45 Block Report Received
2025/12/03 21:33:55 Block Report Received
2025/12/03 21:34:05 Block Report Received
2025/12/03 21:34:15 Block Report Received
2025/12/03 21:34:25 Block Report Received
2025/12/03 21:34:35 Block Report Received
2025/12/03 21:34:45 Block Report Received
2025/12/03 21:34:55 Block Report Received
2025/12/03 21:35:05 Block Report Received
2025/12/03 21:35:15 Block Report Received
2025/12/03 21:35:25 Block Report Received
2025/12/03 21:35:35 Block Report Received
2025/12/03 21:35:45 Block Report Received
2025/12/03 21:35:55 Block Report Received
2025/12/03 21:36:05 Block Report Received
2025/12/03 21:36:15 Block Report Received
2025/12/03 21:36:25 Block Report Received
2025/12/03 21:36:35 Block Report Received
2025/12/03 21:36:45 Block Report Received
2025/12/03 21:36:55 Block Report Received
2025/12/03 21:37:05 Block Report Received
2025/12/03 21:37:15 Block Report Received
2025/12/03 21:37:25 Block Report Received
2025/12/03 21:37:35 Block Report Received
2025/12/03 21:37:45 Block Report Received
2025/12/03 21:37:55 Block Report Received
2025/12/03 21:38:05 Block Report Received
2025/12/03 21:38:15 Block Report Received
2025/12/03 21:38:25 Block Report Received
2025/12/03 21:38:35 Block Report Received
2025/12/03 21:38:45 Block Report Received
2025/12/03 21:38:55 Block Report Received
2025/12/03 21:39:05 Block Report Received
2025/12/03 21:39:15 Block Report Received
2025/12/03 21:39:25 Block Report Received
2025/12/03 21:39:35 Block Report Received
2025/12/03 21:39:45 Block Report Received
2025/12/03 21:39:55 Block Report Received
2025/12/03 21:40:05 Block Report Received
2025/12/03 21:40:15 Block Report Received
2025/12/03 21:40:25 Block Report Received
2025/12/03 21:40:35 Block Report Received
2025/12/03 21:40:45 Block Report Received
2025/12/03 21:40:55 Block Report Received
2025/12/03 21:41:05 Block Report Received
2025/12/03 21:41:15 Block Report Received
2025/12/03 21:41:25 Block Report Received
2025/12/03 21:41:35 Block Report Received
2025/12/03 21:41:45 Block Report Received
2025/12/03 21:41:55 Block Report Received
2025/12/03 21:42:05 Block Report Received
2025/12/03 21:42:15 Block Report Received
2025/12/03 21:42:25 Block Report Received
2025/12/03 21:42:35 Block Report Received
2025/12/03 21:42:45 Block Report Received
2025/12/03 21:42:55 Block Report Received
2025/12/03 21:43:05 Block Report Received
2025/12/03 21:43:15 Block Report Received
2025/12/03 21:43:25 Block Report Received
2025/12/03 21:43:35 Block Report Received
2025/12/03 21:43:45 Block Report Received
2025/12/03 21:43:55 Block Report Received
2025/12/03 21:44:05 Block Report Received
2025/12/03 21:44:15 Block Report Received
2025/12/03 21:44:25 Block Report Received
2025/12/03 21:44:35 Block Report Received
2025/12/03 21:44:45 Block Report Received
2025/12/03 21:44:55 Block Report Received
2025/12/03 21:45:05 Block Report Received
2025/12/03 21:45:15 Block Report Received
2025/12/03 21:45:25 Block Report Received
2025/12/03 21:45:35 Block Report Received
2025/12/03 21:45:45 Block Report Received
2025/12/03 21:45:55 Block Report Received
2025/12/03 21:46:05 Block Report Received
2025/12/03 21:46:15 Block Report Received
2025/12/03 21:46:25 Block Report Received
2025/12/03 21:46:35 Block Report Received
2025/12/03 21:46:45 Block Report Received
2025/12/03 21:46:55 Block Report Received
2025/12/03 21:47:05 Block Report Received
2025/12/03 21:47:15 Block Report Received
2025/12/03 21:47:25 Block Report Received
2025/12/03 21:47:35 Block Report Received
2025/12/03 21:47:45 Block Report Received
2025/12/03 21:47:55 Block Report Received
2025/12/03 21:48:05 Block Report Received
2025/12/03 21:48:15 Block Report Received
2025/12/03 21:48:25 Block Report Received
2025/12/03 21:48:35 Block Report Received
2025/12/03 21:48:45 Block Report Received
2025/12/03 21:48:55 Block Report Received
2025/12/03 21:49:05 Block Report Received
2025/12/03 21:49:15 Block Report Received
2025/12/03 21:49:25 Block Report Received
2025/12/03 21:49:35 Block Report Received
2025/12/03 21:49:45 Block Report Received
2025/12/03 21:49:55 Block Report Received
2025/12/03 21:50:05 Block Report Received
2025/12/03 21:50:15 Block Report Received
2025/12/03 21:50:25 Block Report Received
2025/12/03 21:50:35 Block Report Received
2025/12/03 21:50:45 Block Report Received
2025/12/03 21:50:55 Block Report Received
2025/12/03 21:51:05 Block Report Received
2025/12/03 21:51:15 Block Report Received
2025/12/03 21:51:25 Block Report Received
2025/12/03 21:51:35 Block Report Received
2025/12/03 21:51:45 Block Report Received
2025/12/03 21:51:55 Block Report Received
2025/12/03 21:52:05 Block Report Received
2025/12/03 21:52:15 Block Report Received
2025/12/03 21:52:25 Block Report Received
2025/12/03 21:52:35 Block Report Received
2025/12/03 21:52:45 Block Report Received
2025/12/03 21:52:55 Block Report Received
2025/12/03 21:53:05 Block Report Received
2025/12/03 21:53:15 Block Report Received
2025/12/03 21:53:25 Block Report Received
2025/12/03 21:53:35 Block Report Received
2025/12/03 21:53:45 Block Report Received
2025/12/03 21:53:55 Block Report Received
2025/12/03 21:54:05 Block Report Received
2025/12/03 21:54:15 Block Report Received
2025/12/03 21:54:25 Block Report Received
2025/12/03 21:54:35 Block Report Received
2025/12/03 21:54:45 Block Report Received
2025/12/03 21:54:55 Block Report Received
2025/12/03 21:55:05 Block Report Received
2025/12/03 21:55:15 Block Report Received
2025/12/03 21:55:25 Block Report Received
2025/12/03 21:55:35 Block Report Received
2025/12/03 21:55:45 Block Report Received
2025/12/03 21:55:55 Block Report Received
2025/12/03 21:56:05 Block Report Received
2025/12/03 21:56:15 Block Report Received
2025/12/03 21:56:25 Block Report Received
2025/12/03 21:56:35 Block Report Received
2025/12/03 21:56:45 Block Report Received
2025/12/03 21:56:55 Block Report Received
2025/12/03 21:57:05 Block Report Received
2025/12/03 21:57:15 Block Report Received
2025/12/03 21:57:25 Block Report Received
2025/12/03 21:57:35 Block Report Received
2025/12/03 21:57:45 Block Report Received
2025/12/03 21:57:55 Block Report Received
2025/12/03 21:58:05 Block Report Received
2025/12/03 21:58:15 Block Report Received
2025/12/03 21:58:25 Block Report Received
2025/12/03 21:58:35 Block Report Received
2025/12/03 21:58:45 Block Report Received
2025/12/03 21:58:55 Block Report Received
2025/12/03 21:59:05 Block Report Received
2025/12/03 21:59:15 Block Report Received
2025/12/03 21:59:25 Block Report Received
2025/12/03 21:59:35 Block Report Received
2025/12/03 21:59:45 Block Report Received
2025/12/03 21:59:55 Block Report Received
2025/12/03 22:00:05 Block Report Received
2025/12/03 22:00:15 Block Report Received
2025/12/03 22:00:25 Block Report Received
2025/12/03 22:00:35 Block Report Received
2025/12/03 22:00:45 Block Report Received
2025/12/03 22:00:55 Block Report Received
2025/12/03 22:01:05 Block Report Received
2025/12/03 22:01:15 Block Report Received
2025/12/03 22:01:25 Block Report Received
2025/12/03 22:01:35 Block Report Received
2025/12/03 22:01:45 Block Report Received
2025/12/03 22:01:55 Block Report Received
2025/12/03 22:02:05 Block Report Received
2025/12/03 22:02:15 Block Report Received
2025/12/03 22:02:25 Block Report Received
2025/12/03 22:02:35 Block Report Received
2025/12/03 22:02:45 Block Report Received
2025/12/03 22:02:55 Block Report Received
2025/12/03 22:03:05 Block Report Received
2025/12/03 22:03:15 Block Report Received
2025/12/03 22:03:25 Block Report Received
2025/12/03 22:03:35 Block Report Received
2025/12/03 22:03:45 Block Report Received
2025/12/03 22:03:55 Block Report Received
2025/12/03 22:04:05 Block Report Received
2025/12/03 22:04:15 Block Report Received
2025/12/03 22:04:25 Block Report Received
2025/12/03 22:04:35 Block Report Received
2025/12/03 22:04:45 Block Report Received
2025/12/03 22:04:55 Block Report Received
2025/12/03 22:05:05 Block Report Received
2025/12/03 22:05:15 Block Report Received
2025/12/03 22:05:25 Block Report Received
2025/12/03 22:05:35 Block Report Received
2025/12/03 22:05:45 Block Report Received
2025/12/03 22:05:55 Block Report Received
2025/12/03 22:06:05 Block Report Received
2025/12/03 22:06:15 Block Report Received
2025/12/03 22:06:25 Block Report Received
2025/12/03 22:06:35 Block Report Received
2025/12/03 22:06:45 Block Report Received
2025/12/03 22:06:55 Block Report Received
2025/12/03 22:07:05 Block Report Received
2025/12/03 22:07:15 Block Report Received
2025/12/03 22:07:25 Block Report Received
2025/12/03 22:07:35 Block Report Received
2025/12/03 22:07:45 Block Report Received
2025/12/03 22:07:55 Block Report Received
2025/12/03 22:08:05 Block Report Received
2025/12/03 22:08:15 Block Report Received
2025/12/03 22:08:25 Block Report Received
2025/12/03 22:08:35 Block Report Received
2025/12/03 22:08:45 Block Report Received
2025/12/03 22:08:55 Block Report Received
2025/12/03 22:09:05 Block Report Received
2025/12/03 22:09:15 Block Report Received
2025/12/03 22:09:25 Block Report Received
2025/12/03 22:09:35 Block Report Received
2025/12/03 22:09:45 Block Report Received
2025/12/03 22:09:55 Block Report Received
2025/12/03 22:10:05 Block Report Received
2025/12/03 22:10:15 Block Report Received
2025/12/03 22:10:25 Block Report Received
2025/12/03 22:10:35 Block Report Received
2025/12/03 22:10:45 Block Report Received
2025/12/03 22:10:55 Block Report Received
2025/12/03 22:11:05 Block Report Received
2025/12/03 22:11:15 Block Report Received
2025/12/03 22:11:25 Block Report Received
2025/12/03 22:11:35 Block Report Received
2025/12/03 22:11:45 Block Report Received
2025/12/03 22:11:55 Block Report Received
2025/12/03 22:12:05 Block Report Received
2025/12/03 22:12:15 Block Report Received
2025/12/03 22:12:25 Block Report Received
2025/12/03 22:12:35 Block Report Received
2025/12/03 22:12:45 Block Report Received
2025/12/03 22:12:55 Block Report Received
2025/12/03 22:13:05 Block Report Received
2025/12/03 22:13:15 Block Report Received
2025/12/03 22:13:25 Block Report Received
2025/12/03 22:13:35 Block Report Received
2025/12/03 22:13:45 Block Report Received
2025/12/03 22:13:55 Block Report Received
2025/12/03 22:14:05 Block Report Received
2025/12/03 22:14:15 Block Report Received
2025/12/03 22:14:25 Block Report Received
2025/12/03 22:14:35 Block Report Received
2025/12/03 22:14:45 Block Report Received
2025/12/03 22:14:55 Block Report Received
2025/12/03 22:15:05 Block Report Received
2025/12/03 22:15:15 Block Report Received
2025/12/03 22:15:25 Block Report Received
2025/12/03 22:15:35 Block Report Received
2025/12/03 22:15:45 Block Report Received
2025/12/03 22:15:55 Block Report Received
2025/12/03 22:16:05 Block Report Received
2025/12/03 22:16:15 Block Report Received
2025/12/03 22:16:25 Block Report Received
2025/12/03 22:16:35 Block Report Received
2025/12/03 22:16:45 Block Report Received
2025/12/03 22:16:55 Block Report Received
2025/12/03 22:17:05 Block Report Received
2025/12/03 22:17:15 Block Report Received
2025/12/03 22:17:25 Block Report Received
2025/12/03 22:17:35 Block Report Received
2025/12/03 22:17:45 Block Report Received
2025/12/03 22:17:55 Block Report Received
2025/12/03 22:18:05 Block Report Received
2025/12/03 22:18:15 Block Report Received
2025/12/03 22:18:25 Block Report Received
2025/12/03 22:18:35 Block Report Received
2025/12/03 22:18:45 Block Report Received
2025/12/03 22:18:55 Block Report Received
2025/12/03 22:19:05 Block Report Received
2025/12/03 22:19:15 Block Report Received
2025/12/03 22:19:25 Block Report Received
2025/12/03 22:19:35 Block Report Received
2025/12/03 22:19:45 Block Report Received
2025/12/03 22:19:55 Block Report Received
2025/12/03 22:20:05 Block Report Received
2025/12/03 22:20:15 Block Report Received
2025/12/03 22:20:25 Block Report Received
2025/12/03 22:20:35 Block Report Received
2025/12/03 22:20:45 Block Report Received
2025/12/03 22:20:55 Block Report Received
2025/12/03 22:21:05 Block Report Received
2025/12/03 22:21:15 Block Report Received
2025/12/03 22:21:25 Block Report Received
2025/12/03 22:21:35 Block Report Received
2025/12/03 22:21:45 Block Report Received
2025/12/03 22:21:55 Block Report Received
2025/12/03 22:22:05 Block Report Received
2025/12/03 22:22:15 Block Report Received
2025/12/03 22:22:25 Block Report Received
2025/12/03 22:22:35 Block Report Received
2025/12/03 22:22:45 Block Report Received
2025/12/03 22:22:55 Block Report Received
2025/12/03 22:23:05 Block Report Received
2025/12/03 22:23:15 Block Report Received
2025/12/03 22:23:25 Block Report Received
2025/12/03 22:23:35 Block Report Received
2025/12/03 22:23:45 Block Report Received
2025/12/03 22:23:55 Block Report Received
2025/12/03 22:24:05 Block Report Received
2025/12/03 22:24:15 Block Report Received
2025/12/03 22:24:25 Block Report Received
2025/12/03 22:24:35 Block Report Received
2025/12/03 22:24:45 Block Report Received
2025/12/03 22:24:55 Block Report Received
2025/12/03 22:25:05 Block Report Received
2025/12/03 22:25:15 Block Report Received
2025/12/03 22:25:25 Block Report Received
2025/12/03 22:25:35 Block Report Received
2025/12/03 22:25:45 Block Report Received
2025/12/03 22:25:55 Block Report Received
2025/12/03 22:26:05 Block Report Received
2025/12/03 22:26:15 Block Report Received
2025/12/03 22:26:25 Block Report Received
2025/12/03 22:26:35 Block Report Received
2025/12/03 22:26:45 Block Report Received
2025/12/03 22:26:55 Block Report Received
2025/12/03 22:27:05 Block Report Received
2025/12/03 22:27:15 Block Report Received
2025/12/03 22:27:25 Block Report Received
2025/12/03 22:27:35 Block Report Received
2025/12/03 22:27:45 Block Report Received
2025/12/03 22:27:55 Block Report Received
2025/12/03 22:28:05 Block Report Received
2025/12/03 22:28:15 Block Report Received
2025/12/03 22:28:25 Block Report Received
2025/12/03 22:28:35 Block Report Received
2025/12/03 22:28:45 Block Report Received
2025/12/03 22:28:55 Block Report Received
2025/12/03 22:29:05 Block Report Received
2025/12/03 22:29:15 Block Report Received
2025/12/03 22:29:25 Block Report Received
2025/12/03 22:29:35 Block Report Received
2025/12/03 22:29:45 Block Report Received
2025/12/03 22:29:55 Block Report Received
2025/12/03 22:30:05 Block Report Received
2025/12/03 22:30:15 Block Report Received
2025/12/03 22:30:25 Block Report Received
2025/12/03 22:30:35 Block Report Received
2025/12/03 22:30:45 Block Report Received
2025/12/03 22:30:55 Block Report Received
2025/12/03 22:31:05 Block Report Received
2025/12/03 22:31:15 Block Report Received
2025/12/03 22:31:25 Block Report Received
2025/12/03 22:31:35 Block Report Received
2025/12/03 22:31:45 Block Report Received
2025/12/03 22:31:55 Block Report Received
2025/12/03 22:32:05 Block Report Received
2025/12/03 22:32:15 Block Report Received
2025/12/03 22:32:25 Block Report Received
2025/12/03 22:32:35 Block Report Received
2025/12/03 22:32:45 Block Report Received
2025/12/03 22:32:55 Block Report Received
2025/12/03 22:33:05 Block Report Received
2025/12/03 22:33:15 Block Report Received
2025/12/03 22:33:25 Block Report Received
2025/12/03 22:33:35 Block Report Received
2025/12/03 22:33:45 Block Report Received
2025/12/03 22:33:55 Block Report Received
2025/12/03 22:34:05 Block Report Received
2025/12/03 22:34:15 Block Report Received
2025/12/03 22:34:25 Block Report Received
2025/12/03 22:34:35 Block Report Received
2025/12/03 22:34:45 Block Report Received
2025/12/03 22:34:55 Block Report Received
2025/12/03 22:35:05 Block Report Received
2025/12/03 22:35:15 Block Report Received
2025/12/03 22:35:25 Block Report Received
2025/12/03 22:35:35 Block Report Received
2025/12/03 22:35:45 Block Report Received
2025/12/03 22:35:55 Block Report Received
2025/12/03 22:36:05 Block Report Received
2025/12/03 22:36:15 Block Report Received
2025/12/03 22:36:25 Block Report Received
2025/12/03 22:36:35 Block Report Received
2025/12/03 22:36:45 Block Report Received
2025/12/03 22:36:55 Block Report Received
2025/12/03 22:37:05 Block Report Received
2025/12/03 22:37:15 Block Report Received
2025/12/03 22:37:25 Block Report Received
2025/12/03 22:37:35 Block Report Received
2025/12/03 22:37:45 Block Report Received
2025/12/03 22:37:55 Block Report Received
2025/12/03 22:38:05 Block Report Received
2025/12/03 22:38:15 Block Report Received
2025/12/03 22:38:25 Block Report Received
2025/12/03 22:38:35 Block Report Received
2025/12/03 22:38:45 Block Report Received
2025/12/03 22:38:55 Block Report Received
2025/12/03 22:39:05 Block Report Received
2025/12/03 22:39:15 Block Report Received
2025/12/03 22:39:25 Block Report Received
2025/12/03 22:39:35 Block Report Received
2025/12/03 22:39:45 Block Report Received
2025/12/03 22:39:55 Block Report Received
2025/12/03 22:40:05 Block Report Received
2025/12/03 22:40:15 Block Report Received
2025/12/03 22:40:25 Block Report Received
2025/12/03 22:40:35 Block Report Received
2025/12/03 22:40:45 Block Report Received
2025/12/03 22:40:55 Block Report Received
2025/12/03 22:41:05 Block Report Received
2025/12/03 22:41:15 Block Report Received
2025/12/03 22:41:25 Block Report Received
2025/12/03 22:41:35 Block Report Received
2025/12/03 22:41:45 Block Report Received
2025/12/03 22:41:55 Block Report Received
2025/12/03 22:42:05 Block Report Received
2025/12/03 22:42:15 Block Report Received
2025/12/03 22:42:25 Block Report Received
2025/12/03 22:42:35 Block Report Received
2025/12/03 22:42:45 Block Report Received
2025/12/03 22:42:55 Block Report Received
2025/12/03 22:43:05 Block Report Received
2025/12/03 22:43:15 Block Report Received
2025/12/03 22:43:25 Block Report Received
2025/12/03 22:43:35 Block Report Received
2025/12/03 22:43:45 Block Report Received
2025/12/03 22:43:55 Block Report Received
2025/12/03 22:44:05 Block Report Received
2025/12/03 22:44:15 Block Report Received
2025/12/03 22:44:25 Block Report Received
2025/12/03 22:44:35 Block Report Received
2025/12/03 22:44:45 Block Report Received
2025/12/03 22:44:55 Block Report Received
2025/12/03 22:45:05 Block Report Received
2025/12/03 22:45:15 Block Report Received
2025/12/03 22:45:25 Block Report Received
2025/12/03 22:45:35 Block Report Received
2025/12/03 22:45:45 Block Report Received
2025/12/03 22:45:55 Block Report Received
2025/12/03 22:46:05 Block Report Received
2025/12/03 22:46:15 Block Report Received
2025/12/03 22:46:25 Block Report Received
2025/12/03 22:46:35 Block Report Received
2025/12/03 22:46:45 Block Report Received
2025/12/03 22:46:55 Block Report Received
2025/12/03 22:47:05 Block Report Received
2025/12/03 22:47:15 Block Report Received
2025/12/03 22:47:25 Block Report Received
2025/12/03 22:47:35 Block Report Received
2025/12/03 22:47:45 Block Report Received
2025/12/03 22:47:55 Block Report Received
2025/12/03 22:48:05 Block Report Received
2025/12/03 22:48:15 Block Report Received
2025/12/03 22:48:25 Block Report Received
2025/12/03 22:48:35 Block Report Received
2025/12/03 22:48:45 Block Report Received
2025/12/03 22:48:55 Block Report Received
2025/12/03 22:49:05 Block Report Received
2025/12/03 22:49:15 Block Report Received
2025/12/03 22:49:25 Block Report Received
2025/12/03 22:49:35 Block Report Received
2025/12/03 22:49:45 Block Report Received
2025/12/03 22:49:55 Block Report Received
2025/12/03 22:50:05 Block Report Received
2025/12/03 22:50:15 Block Report Received
2025/12/03 22:50:25 Block Report Received
2025/12/03 22:50:35 Block Report Received
2025/12/03 22:50:45 Block Report Received
2025/12/03 22:50:55 Block Report Received
2025/12/03 22:51:05 Block Report Received
2025/12/03 22:51:15 Block Report Received
2025/12/03 22:51:25 Block Report Received
2025/12/03 22:51:35 Block Report Received
2025/12/03 22:51:45 Block Report Received
2025/12/03 22:51:55 Block Report Received
2025/12/03 22:52:05 Block Report Received
2025/12/03 22:52:18 Block Report Received
2025/12/03 22:52:25 Block Report Received
2025/12/03 22:52:35 Block Report Received
2025/12/03 22:52:49 Block Report Received
2025/12/03 22:52:56 Block Report Received
2025/12/03 22:53:06 Block Report Received
2025/12/03 22:53:18 Block Report Received
2025/12/03 22:53:28 Block Report Received
2025/12/03 22:53:36 Block Report Received
2025/12/03 22:53:47 Block Report Received
2025/12/03 22:53:55 Block Report Received
2025/12/03 22:54:09 Block Report Received
2025/12/03 22:54:18 Block Report Received
2025/12/03 22:54:25 Block Report Received
2025/12/03 22:54:36 Block Report Received
2025/12/03 22:54:47 Block Report Received
2025/12/03 22:54:56 Block Report Received
2025/12/03 22:55:05 Block Report Received
2025/12/03 22:55:16 Block Report Received
2025/12/03 22:55:27 Block Report Received
2025/12/03 22:55:36 Block Report Received
2025/12/03 22:55:47 Block Report Received
2025/12/03 22:55:57 Block Report Received
2025/12/03 22:56:05 Block Report Received
2025/12/03 22:56:15 Block Report Received
2025/12/03 22:56:25 Block Report Received
2025/12/03 22:56:35 Block Report Received
2025/12/03 22:56:45 Block Report Received
2025/12/03 22:56:55 Block Report Received
2025/12/03 22:57:05 Block Report Received
2025/12/03 22:57:15 Block Report Received
2025/12/03 22:57:25 Block Report Received
2025/12/03 22:57:35 Block Report Received
2025/12/03 22:57:45 Block Report Received
2025/12/03 22:57:55 Block Report Received
2025/12/03 22:58:05 Block Report Received
2025/12/03 22:58:15 Block Report Received
2025/12/03 22:58:25 Block Report Received
2025/12/03 22:58:35 Block Report Received
2025/12/03 22:58:45 Block Report Received
2025/12/03 22:58:55 Block Report Received
2025/12/03 22:59:05 Block Report Received
2025/12/03 22:59:15 Block Report Received
2025/12/03 22:59:25 Block Report Received
2025/12/03 22:59:35 Block Report Received
2025/12/03 22:59:45 Block Report Received
2025/12/03 22:59:55 Block Report Received
2025/12/03 23:00:05 Block Report Received
2025/12/03 23:00:15 Block Report Received
2025/12/03 23:00:25 Block Report Received
2025/12/03 23:00:35 Block Report Received
2025/12/03 23:00:45 Block Report Received
2025/12/03 23:00:55 Block Report Received
2025/12/03 23:01:05 Block Report Received
2025/12/03 23:01:15 Block Report Received
2025/12/03 23:01:25 Block Report Received
2025/12/03 23:01:35 Block Report Received
2025/12/03 23:01:45 Block Report Received
2025/12/03 23:01:55 Block Report Received
2025/12/03 23:02:05 Block Report Received
2025/12/03 23:02:15 Block Report Received
2025/12/03 23:02:25 Block Report Received
2025/12/03 23:02:35 Block Report Received
2025/12/03 23:02:45 Block Report Received
2025/12/03 23:02:55 Block Report Received
2025/12/03 23:03:05 Block Report Received
2025/12/03 23:03:15 Block Report Received
2025/12/03 23:03:25 Block Report Received
2025/12/03 23:03:35 Block Report Received
2025/12/03 23:03:45 Block Report Received
2025/12/03 23:03:55 Block Report Received
2025/12/03 23:04:05 Block Report Received
2025/12/03 23:04:15 Block Report Received
2025/12/03 23:04:25 Block Report Received
2025/12/03 23:04:35 Block Report Received
2025/12/03 23:04:45 Block Report Received
2025/12/03 23:04:55 Block Report Received
2025/12/03 23:05:05 Block Report Received
2025/12/03 23:05:15 Block Report Received
2025/12/03 23:05:25 Block Report Received
2025/12/03 23:05:35 Block Report Received
2025/12/03 23:05:45 Block Report Received
2025/12/03 23:05:55 Block Report Received
2025/12/03 23:06:05 Block Report Received
2025/12/03 23:06:15 Block Report Received
2025/12/03 23:06:25 Block Report Received
2025/12/03 23:06:35 Block Report Received
2025/12/03 23:06:45 Block Report Received
2025/12/03 23:06:55 Block Report Received
2025/12/03 23:07:05 Block Report Received
2025/12/03 23:07:15 Block Report Received
2025/12/03 23:07:25 Block Report Received
2025/12/03 23:07:35 Block Report Received
2025/12/03 23:07:45 Block Report Received
2025/12/03 23:07:55 Block Report Received
2025/12/03 23:08:05 Block Report Received
2025/12/03 23:08:15 Block Report Received
2025/12/03 23:08:25 Block Report Received
2025/12/03 23:08:35 Block Report Received
2025/12/03 23:08:45 Block Report Received
2025/12/03 23:08:55 Block Report Received
2025/12/03 23:09:05 Block Report Received
2025/12/03 23:09:15 Block Report Received
2025/12/03 23:09:25 Block Report Received
2025/12/03 23:09:35 Block Report Received
2025/12/03 23:09:45 Block Report Received
2025/12/03 23:09:55 Block Report Received
2025/12/03 23:10:05 Block Report Received
2025/12/03 23:10:15 Block Report Received
2025/12/03 23:10:25 Block Report Received
2025/12/03 23:10:35 Block Report Received
2025/12/03 23:10:45 Block Report Received
2025/12/03 23:10:55 Block Report Received
2025/12/03 23:11:05 Block Report Received
2025/12/03 23:11:15 Block Report Received
2025/12/03 23:11:25 Block Report Received
2025/12/03 23:11:35 Block Report Received
2025/12/03 23:11:45 Block Report Received
2025/12/03 23:11:55 Block Report Received
2025/12/03 23:12:05 Block Report Received
2025/12/03 23:12:15 Block Report Received
2025/12/03 23:12:25 Block Report Received
2025/12/03 23:12:35 Block Report Received
2025/12/03 23:12:45 Block Report Received
2025/12/03 23:12:55 Block Report Received
2025/12/03 23:13:05 Block Report Received
2025/12/03 23:13:15 Block Report Received
2025/12/03 23:13:25 Block Report Received
2025/12/03 23:13:35 Block Report Received
2025/12/03 23:13:45 Block Report Received
2025/12/03 23:13:55 Block Report Received
2025/12/03 23:14:05 Block Report Received
2025/12/03 23:14:15 Block Report Received
2025/12/03 23:14:25 Block Report Received
2025/12/03 23:14:35 Block Report Received
2025/12/03 23:14:45 Block Report Received
2025/12/03 23:14:55 Block Report Received
2025/12/03 23:15:05 Block Report Received
2025/12/03 23:15:15 Block Report Received
2025/12/03 23:15:25 Block Report Received
2025/12/03 23:15:35 Block Report Received
2025/12/03 23:15:45 Block Report Received
2025/12/03 23:15:55 Block Report Received
2025/12/03 23:16:05 Block Report Received
2025/12/03 23:16:15 Block Report Received
2025/12/03 23:16:25 Block Report Received
2025/12/03 23:16:35 Block Report Received
2025/12/03 23:16:45 Block Report Received
2025/12/03 23:16:55 Block Report Received
2025/12/03 23:17:05 Block Report Received
2025/12/03 23:17:15 Block Report Received
2025/12/03 23:17:25 Block Report Received
2025/12/03 23:17:35 Block Report Received
2025/12/03 23:17:45 Block Report Received
2025/12/03 23:17:55 Block Report Received
2025/12/03 23:18:05 Block Report Received
2025/12/03 23:18:15 Block Report Received
2025/12/03 23:18:25 Block Report Received
2025/12/03 23:18:35 Block Report Received
2025/12/03 23:18:45 Block Report Received
2025/12/03 23:18:55 Block Report Received
2025/12/03 23:19:05 Block Report Received
2025/12/03 23:19:15 Block Report Received
2025/12/03 23:19:25 Block Report Received
2025/12/03 23:19:35 Block Report Received
2025/12/03 23:19:45 Block Report Received
2025/12/03 23:19:55 Block Report Received
2025/12/03 23:20:05 Block Report Received
2025/12/03 23:20:15 Block Report Received
2025/12/03 23:20:25 Block Report Received
2025/12/03 23:20:35 Block Report Received
2025/12/03 23:20:45 Block Report Received
2025/12/03 23:20:55 Block Report Received
2025/12/03 23:21:05 Block Report Received
2025/12/03 23:21:15 Block Report Received
2025/12/03 23:21:25 Block Report Received
2025/12/03 23:21:35 Block Report Received
2025/12/03 23:21:45 Block Report Received
2025/12/03 23:21:55 Block Report Received
2025/12/03 23:22:05 Block Report Received
2025/12/03 23:22:15 Block Report Received
2025/12/03 23:22:25 Block Report Received
2025/12/03 23:22:35 Block Report Received
2025/12/03 23:22:45 Block Report Received
2025/12/03 23:22:55 Block Report Received
2025/12/03 23:23:05 Block Report Received
2025/12/03 23:23:15 Block Report Received
2025/12/03 23:23:25 Block Report Received
2025/12/03 23:23:35 Block Report Received
2025/12/03 23:23:45 Block Report Received
2025/12/03 23:23:55 Block Report Received
2025/12/03 23:24:05 Block Report Received
2025/12/03 23:24:15 Block Report Received
2025/12/03 23:24:25 Block Report Received
2025/12/03 23:24:35 Block Report Received
2025/12/03 23:24:45 Block Report Received
2025/12/03 23:24:55 Block Report Received
2025/12/03 23:25:05 Block Report Received
2025/12/03 23:25:15 Block Report Received
2025/12/03 23:25:25 Block Report Received
2025/12/03 23:25:35 Block Report Received
2025/12/03 23:25:45 Block Report Received
2025/12/03 23:25:55 Block Report Received
2025/12/03 23:26:05 Block Report Received
2025/12/03 23:26:15 Block Report Received
2025/12/03 23:26:25 Block Report Received
2025/12/03 23:26:35 Block Report Received
2025/12/03 23:26:45 Block Report Received
2025/12/03 23:26:55 Block Report Received
2025/12/03 23:27:05 Block Report Received
2025/12/03 23:27:15 Block Report Received
2025/12/03 23:27:25 Block Report Received
2025/12/03 23:27:35 Block Report Received
2025/12/03 23:27:45 Block Report Received
2025/12/03 23:27:55 Block Report Received
2025/12/03 23:28:05 Block Report Received
2025/12/03 23:28:15 Block Report Received
2025/12/03 23:28:25 Block Report Received
2025/12/03 23:28:35 Block Report Received
2025/12/03 23:28:45 Block Report Received
2025/12/03 23:28:55 Block Report Received
2025/12/03 23:29:05 Block Report Received
2025/12/03 23:29:15 Block Report Received
2025/12/03 23:29:25 Block Report Received
2025/12/03 23:29:35 Block Report Received
2025/12/03 23:29:45 Block Report Received
2025/12/03 23:29:55 Block Report Received
2025/12/03 23:30:05 Block Report Received
2025/12/03 23:30:15 Block Report Received
2025/12/03 23:30:25 Block Report Received
2025/12/03 23:30:35 Block Report Received
2025/12/03 23:30:45 Block Report Received
2025/12/03 23:30:55 Block Report Received
2025/12/03 23:31:05 Block Report Received
2025/12/03 23:31:15 Block Report Received
2025/12/03 23:31:25 Block Report Received
2025/12/03 23:31:35 Block Report Received
2025/12/03 23:31:45 Block Report Received
2025/12/03 23:31:55 Block Report Received
2025/12/03 23:32:05 Block Report Received
2025/12/03 23:32:15 Block Report Received
2025/12/03 23:32:25 Block Report Received
2025/12/03 23:32:35 Block Report Received
2025/12/03 23:32:45 Block Report Received
2025/12/03 23:32:55 Block Report Received
2025/12/03 23:33:05 Block Report Received
2025/12/03 23:33:15 Block Report Received
2025/12/03 23:33:25 Block Report Received
2025/12/03 23:33:35 Block Report Received
2025/12/03 23:33:45 Block Report Received
2025/12/03 23:33:55 Block Report Received
2025/12/03 23:34:05 Block Report Received
2025/12/03 23:34:15 Block Report Received
2025/12/03 23:34:25 Block Report Received
2025/12/03 23:34:35 Block Report Received
2025/12/03 23:34:45 Block Report Received
2025/12/03 23:34:55 Block Report Received
2025/12/03 23:35:05 Block Report Received
2025/12/03 23:35:15 Block Report Received
2025/12/03 23:35:25 Block Report Received
2025/12/03 23:35:35 Block Report Received
2025/12/03 23:35:45 Block Report Received
2025/12/03 23:35:55 Block Report Received
2025/12/03 23:36:05 Block Report Received
2025/12/03 23:36:15 Block Report Received
2025/12/03 23:36:25 Block Report Received
2025/12/03 23:36:35 Block Report Received
2025/12/03 23:36:45 Block Report Received
2025/12/03 23:36:55 Block Report Received
2025/12/03 23:37:05 Block Report Received
2025/12/03 23:37:15 Block Report Received
2025/12/03 23:37:25 Block Report Received
2025/12/03 23:37:35 Block Report Received
2025/12/03 23:37:45 Block Report Received
2025/12/03 23:37:55 Block Report Received
2025/12/03 23:38:05 Block Report Received
2025/12/03 23:38:15 Block Report Received
2025/12/03 23:38:25 Block Report Received
2025/12/03 23:38:35 Block Report Received
2025/12/03 23:38:45 Block Report Received
2025/12/03 23:38:55 Block Report Received
2025/12/03 23:39:05 Block Report Received
2025/12/03 23:39:15 Block Report Received
2025/12/03 23:39:25 Block Report Received
2025/12/03 23:39:35 Block Report Received
2025/12/03 23:39:45 Block Report Received
2025/12/03 23:39:55 Block Report Received
2025/12/03 23:40:05 Block Report Received
2025/12/03 23:40:15 Block Report Received
2025/12/03 23:40:25 Block Report Received
2025/12/03 23:40:35 Block Report Received
2025/12/03 23:40:45 Block Report Received
2025/12/03 23:40:55 Block Report Received
2025/12/03 23:41:05 Block Report Received
2025/12/03 23:41:15 Block Report Received
2025/12/03 23:41:25 Block Report Received
2025/12/03 23:41:35 Block Report Received
2025/12/03 23:41:45 Block Report Received
2025/12/03 23:41:55 Block Report Received
2025/12/03 23:42:05 Block Report Received
2025/12/03 23:42:15 Block Report Received
2025/12/03 23:42:25 Block Report Received
2025/12/03 23:42:35 Block Report Received
2025/12/03 23:42:45 Block Report Received
2025/12/03 23:42:55 Block Report Received
2025/12/03 23:43:05 Block Report Received
2025/12/03 23:43:15 Block Report Received
2025/12/03 23:43:25 Block Report Received
2025/12/03 23:43:35 Block Report Received
2025/12/03 23:43:45 Block Report Received
2025/12/03 23:43:55 Block Report Received
2025/12/03 23:44:05 Block Report Received
2025/12/03 23:44:15 Block Report Received
2025/12/03 23:44:25 Block Report Received
2025/12/03 23:44:35 Block Report Received
2025/12/03 23:44:45 Block Report Received
2025/12/03 23:44:55 Block Report Received
2025/12/03 23:45:05 Block Report Received
2025/12/03 23:45:15 Block Report Received
2025/12/03 23:45:25 Block Report Received
2025/12/03 23:45:35 Block Report Received
2025/12/03 23:45:45 Block Report Received
2025/12/03 23:45:55 Block Report Received
2025/12/03 23:46:05 Block Report Received
2025/12/03 23:46:15 Block Report Received
2025/12/03 23:46:25 Block Report Received
2025/12/03 23:46:35 Block Report Received
2025/12/03 23:46:45 Block Report Received
2025/12/03 23:46:55 Block Report Received
2025/12/03 23:47:05 Block Report Received
2025/12/03 23:47:15 Block Report Received
2025/12/03 23:47:25 Block Report Received
2025/12/03 23:47:35 Block Report Received
2025/12/03 23:47:45 Block Report Received
2025/12/03 23:47:55 Block Report Received
2025/12/03 23:48:05 Block Report Received
2025/12/03 23:48:15 Block Report Received
2025/12/03 23:48:25 Block Report Received
2025/12/03 23:48:35 Block Report Received
2025/12/03 23:48:45 Block Report Received
2025/12/03 23:48:55 Block Report Received
2025/12/03 23:49:05 Block Report Received
2025/12/03 23:49:15 Block Report Received
2025/12/03 23:49:25 Block Report Received
2025/12/03 23:49:35 Block Report Received
2025/12/03 23:49:45 Block Report Received
2025/12/03 23:49:55 Block Report Received
2025/12/03 23:50:05 Block Report Received
2025/12/03 23:50:15 Block Report Received
2025/12/03 23:50:25 Block Report Received
2025/12/03 23:50:35 Block Report Received
2025/12/03 23:50:45 Block Report Received
2025/12/03 23:50:55 Block Report Received
2025/12/03 23:51:05 Block Report Received
2025/12/03 23:51:15 Block Report Received
2025/12/03 23:51:25 Block Report Received
2025/12/03 23:51:35 Block Report Received
2025/12/03 23:51:45 Block Report Received
2025/12/03 23:51:55 Block Report Received
2025/12/03 23:52:05 Block Report Received
2025/12/03 23:52:15 Block Report Received
2025/12/03 23:52:25 Block Report Received
2025/12/03 23:52:35 Block Report Received
2025/12/03 23:52:45 Block Report Received
2025/12/03 23:52:55 Block Report Received
2025/12/03 23:53:05 Block Report Received
2025/12/03 23:53:15 Block Report Received
2025/12/03 23:53:25 Block Report Received
2025/12/03 23:53:35 Block Report Received
2025/12/03 23:53:45 Block Report Received
2025/12/03 23:53:55 Block Report Received
2025/12/03 23:54:05 Block Report Received
2025/12/03 23:54:15 Block Report Received
2025/12/03 23:54:25 Block Report Received
2025/12/03 23:54:35 Block Report Received
2025/12/03 23:54:45 Block Report Received
2025/12/03 23:54:55 Block Report Received
2025/12/03 23:55:05 Block Report Received
2025/12/03 23:55:15 Block Report Received
2025/12/03 23:55:25 Block Report Received
2025/12/03 23:55:35 Block Report Received
2025/12/03 23:55:45 Block Report Received
2025/12/03 23:55:55 Block Report Received
2025/12/03 23:56:05 Block Report Received
2025/12/03 23:56:15 Block Report Received
2025/12/03 23:56:25 Block Report Received
2025/12/03 23:56:35 Block Report Received
2025/12/03 23:56:45 Block Report Received
2025/12/03 23:56:55 Block Report Received
2025/12/03 23:57:05 Block Report Received
2025/12/03 23:57:15 Block Report Received
2025/12/03 23:57:25 Block Report Received
2025/12/03 23:57:35 Block Report Received
2025/12/03 23:57:45 Block Report Received
2025/12/03 23:57:55 Block Report Received
2025/12/03 23:58:05 Block Report Received
2025/12/03 23:58:15 Block Report Received
2025/12/03 23:58:25 Block Report Received
2025/12/03 23:58:35 Block Report Received
2025/12/03 23:58:45 Block Report Received
2025/12/03 23:58:55 Block Report Received
2025/12/03 23:59:05 Block Report Received
2025/12/03 23:59:15 Block Report Received
2025/12/03 23:59:25 Block Report Received
2025/12/03 23:59:35 Block Report Received
2025/12/03 23:59:45 Block Report Received
2025/12/03 23:59:55 Block Report Received
2025/12/04 00:00:05 Block Report Received
2025/12/04 00:00:15 Block Report Received
2025/12/04 00:00:25 Block Report Received
2025/12/04 00:00:35 Block Report Received
2025/12/04 00:00:45 Block Report Received
2025/12/04 00:00:55 Block Report Received
2025/12/04 00:01:05 Block Report Received
2025/12/04 00:01:15 Block Report Received
2025/12/04 00:01:25 Block Report Received
2025/12/04 00:01:35 Block Report Received
2025/12/04 00:01:45 Block Report Received
2025/12/04 00:01:55 Block Report Received
2025/12/04 00:02:05 Block Report Received
2025/12/04 00:02:15 Block Report Received
2025/12/04 00:02:25 Block Report Received
2025/12/04 00:02:35 Block Report Received
2025/12/04 00:02:45 Block Report Received
2025/12/04 00:02:55 Block Report Received
2025/12/04 00:03:05 Block Report Received
2025/12/04 00:03:15 Block Report Received
2025/12/04 00:03:25 Block Report Received
2025/12/04 00:03:35 Block Report Received
2025/12/04 00:03:45 Block Report Received
2025/12/04 00:03:55 Block Report Received
2025/12/04 00:04:05 Block Report Received
2025/12/04 00:04:15 Block Report Received
2025/12/04 00:04:25 Block Report Received
2025/12/04 00:04:35 Block Report Received
2025/12/04 00:04:45 Block Report Received
2025/12/04 00:04:55 Block Report Received
2025/12/04 00:05:05 Block Report Received
2025/12/04 00:05:15 Block Report Received
2025/12/04 00:05:25 Block Report Received
2025/12/04 00:05:35 Block Report Received
2025/12/04 00:05:45 Block Report Received
2025/12/04 00:05:55 Block Report Received
2025/12/04 00:06:05 Block Report Received
2025/12/04 00:06:15 Block Report Received
2025/12/04 00:06:25 Block Report Received
2025/12/04 00:06:35 Block Report Received
2025/12/04 00:06:45 Block Report Received
2025/12/04 00:06:55 Block Report Received
2025/12/04 00:07:05 Block Report Received
2025/12/04 00:07:15 Block Report Received
2025/12/04 00:07:25 Block Report Received
2025/12/04 00:07:35 Block Report Received
2025/12/04 00:07:45 Block Report Received
2025/12/04 00:07:55 Block Report Received
2025/12/04 00:08:05 Block Report Received
2025/12/04 00:08:15 Block Report Received
2025/12/04 00:08:25 Block Report Received
2025/12/04 00:08:35 Block Report Received
2025/12/04 00:08:45 Block Report Received
2025/12/04 00:08:55 Block Report Received
2025/12/04 00:09:05 Block Report Received
2025/12/04 00:09:15 Block Report Received
2025/12/04 00:09:25 Block Report Received
2025/12/04 00:09:35 Block Report Received
2025/12/04 00:09:45 Block Report Received
2025/12/04 00:09:55 Block Report Received
2025/12/04 00:10:05 Block Report Received
2025/12/04 00:10:15 Block Report Received
2025/12/04 00:10:25 Block Report Received
2025/12/04 00:10:35 Block Report Received
2025/12/04 00:10:45 Block Report Received
2025/12/04 00:10:55 Block Report Received
2025/12/04 00:11:05 Block Report Received
2025/12/04 00:11:15 Block Report Received
2025/12/04 00:11:25 Block Report Received
2025/12/04 00:11:35 Block Report Received
2025/12/04 00:11:45 Block Report Received
2025/12/04 00:11:55 Block Report Received
2025/12/04 00:12:05 Block Report Received
2025/12/04 00:12:15 Block Report Received
2025/12/04 00:12:25 Block Report Received
2025/12/04 00:12:35 Block Report Received
2025/12/04 00:12:45 Block Report Received
2025/12/04 00:12:55 Block Report Received
2025/12/04 00:13:05 Block Report Received
2025/12/04 00:13:15 Block Report Received
2025/12/04 00:13:25 Block Report Received
2025/12/04 00:13:35 Block Report Received
2025/12/04 00:13:45 Block Report Received
2025/12/04 00:13:55 Block Report Received
2025/12/04 00:14:05 Block Report Received
2025/12/04 00:14:15 Block Report Received
2025/12/04 00:14:25 Block Report Received
2025/12/04 00:14:35 Block Report Received
2025/12/04 00:14:45 Block Report Received
2025/12/04 00:14:55 Block Report Received
2025/12/04 00:15:05 Block Report Received
2025/12/04 00:15:15 Block Report Received
2025/12/04 00:15:25 Block Report Received
2025/12/04 00:15:35 Block Report Received
2025/12/04 00:15:45 Block Report Received
2025/12/04 00:15:55 Block Report Received
2025/12/04 00:16:05 Block Report Received
2025/12/04 00:16:15 Block Report Received
2025/12/04 00:16:25 Block Report Received
2025/12/04 00:16:35 Block Report Received
2025/12/04 00:16:45 Block Report Received
2025/12/04 00:16:55 Block Report Received
2025/12/04 00:17:05 Block Report Received
2025/12/04 00:17:15 Block Report Received
2025/12/04 00:17:25 Block Report Received
2025/12/04 00:17:35 Block Report Received
2025/12/04 00:17:45 Block Report Received
2025/12/04 00:17:55 Block Report Received
2025/12/04 00:18:05 Block Report Received
2025/12/04 00:18:15 Block Report Received
2025/12/04 00:18:25 Block Report Received
2025/12/04 00:18:35 Block Report Received
2025/12/04 00:18:45 Block Report Received
2025/12/04 00:18:55 Block Report Received
2025/12/04 00:19:05 Block Report Received
2025/12/04 00:19:15 Block Report Received
2025/12/04 00:19:25 Block Report Received
2025/12/04 00:19:35 Block Report Received
2025/12/04 00:19:45 Block Report Received
2025/12/04 00:19:55 Block Report Received
2025/12/04 00:20:05 Block Report Received
2025/12/04 00:20:15 Block Report Received
2025/12/04 00:20:25 Block Report Received
2025/12/04 00:20:35 Block Report Received
2025/12/04 00:20:45 Block Report Received
2025/12/04 00:20:55 Block Report Received
2025/12/04 00:21:05 Block Report Received
2025/12/04 00:21:15 Block Report Received
2025/12/04 00:21:25 Block Report Received
2025/12/04 00:21:35 Block Report Received
2025/12/04 00:21:45 Block Report Received
2025/12/04 00:21:55 Block Report Received
2025/12/04 00:22:05 Block Report Received
2025/12/04 00:22:15 Block Report Received
2025/12/04 00:22:25 Block Report Received
2025/12/04 00:22:35 Block Report Received
2025/12/04 00:22:45 Block Report Received
2025/12/04 00:22:55 Block Report Received
2025/12/04 00:23:05 Block Report Received
2025/12/04 00:23:15 Block Report Received
2025/12/04 00:23:25 Block Report Received
2025/12/04 00:23:35 Block Report Received
2025/12/04 00:23:45 Block Report Received
2025/12/04 00:23:55 Block Report Received
2025/12/04 00:24:05 Block Report Received
2025/12/04 00:24:15 Block Report Received
2025/12/04 00:24:25 Block Report Received
2025/12/04 00:24:35 Block Report Received
2025/12/04 00:24:45 Block Report Received
2025/12/04 00:24:55 Block Report Received
2025/12/04 00:25:05 Block Report Received
2025/12/04 00:25:15 Block Report Received
2025/12/04 00:25:25 Block Report Received
2025/12/04 00:25:35 Block Report Received
2025/12/04 00:25:45 Block Report Received
2025/12/04 00:25:55 Block Report Received
2025/12/04 00:26:05 Block Report Received
2025/12/04 00:26:15 Block Report Received
2025/12/04 00:26:25 Block Report Received
2025/12/04 00:26:35 Block Report Received
2025/12/04 00:26:45 Block Report Received
2025/12/04 00:26:55 Block Report Received
2025/12/04 00:27:05 Block Report Received
2025/12/04 00:27:15 Block Report Received
2025/12/04 00:27:25 Block Report Received
2025/12/04 00:27:35 Block Report Received
2025/12/04 00:27:45 Block Report Received
2025/12/04 00:27:55 Block Report Received
2025/12/04 00:28:05 Block Report Received
2025/12/04 00:28:15 Block Report Received
2025/12/04 00:28:25 Block Report Received
2025/12/04 00:28:35 Block Report Received
2025/12/04 00:28:45 Block Report Received
2025/12/04 00:28:55 Block Report Received
2025/12/04 00:29:05 Block Report Received
2025/12/04 00:29:15 Block Report Received
2025/12/04 00:29:25 Block Report Received
2025/12/04 00:29:35 Block Report Received
2025/12/04 00:29:45 Block Report Received
2025/12/04 00:29:55 Block Report Received
2025/12/04 00:30:05 Block Report Received
2025/12/04 00:30:15 Block Report Received
2025/12/04 00:30:25 Block Report Received
2025/12/04 00:30:35 Block Report Received
2025/12/04 00:30:45 Block Report Received
2025/12/04 00:30:55 Block Report Received
2025/12/04 00:31:05 Block Report Received
2025/12/04 00:31:15 Block Report Received
2025/12/04 00:31:25 Block Report Received
2025/12/04 00:31:35 Block Report Received
2025/12/04 00:31:45 Block Report Received
2025/12/04 00:31:55 Block Report Received
2025/12/04 00:32:05 Block Report Received
2025/12/04 00:32:15 Block Report Received
2025/12/04 00:32:25 Block Report Received
2025/12/04 00:32:35 Block Report Received
2025/12/04 00:32:45 Block Report Received
2025/12/04 00:32:55 Block Report Received
2025/12/04 00:33:05 Block Report Received
2025/12/04 00:33:15 Block Report Received
2025/12/04 00:33:25 Block Report Received
2025/12/04 00:33:35 Block Report Received
2025/12/04 00:33:45 Block Report Received
2025/12/04 00:33:55 Block Report Received
2025/12/04 00:34:05 Block Report Received
2025/12/04 00:34:15 Block Report Received
2025/12/04 00:34:25 Block Report Received
2025/12/04 00:34:35 Block Report Received
2025/12/04 00:34:45 Block Report Received
2025/12/04 00:34:55 Block Report Received
2025/12/04 00:35:05 Block Report Received
2025/12/04 00:35:15 Block Report Received
2025/12/04 00:35:25 Block Report Received
2025/12/04 00:35:35 Block Report Received
2025/12/04 00:35:45 Block Report Received
2025/12/04 00:35:55 Block Report Received
2025/12/04 00:36:05 Block Report Received
2025/12/04 00:36:15 Block Report Received
2025/12/04 00:36:25 Block Report Received
2025/12/04 00:36:35 Block Report Received
2025/12/04 00:36:45 Block Report Received
2025/12/04 00:36:55 Block Report Received
2025/12/04 00:37:05 Block Report Received
2025/12/04 00:37:15 Block Report Received
2025/12/04 00:37:25 Block Report Received
2025/12/04 00:37:35 Block Report Received
2025/12/04 00:37:45 Block Report Received
2025/12/04 00:37:55 Block Report Received
2025/12/04 00:38:05 Block Report Received
2025/12/04 00:38:15 Block Report Received
2025/12/04 00:38:25 Block Report Received
2025/12/04 00:38:35 Block Report Received
2025/12/04 00:38:45 Block Report Received
2025/12/04 00:38:55 Block Report Received
2025/12/04 00:39:05 Block Report Received
2025/12/04 00:39:15 Block Report Received
2025/12/04 00:39:25 Block Report Received
2025/12/04 00:39:35 Block Report Received
2025/12/04 00:39:45 Block Report Received
2025/12/04 00:39:55 Block Report Received
2025/12/04 00:40:05 Block Report Received
2025/12/04 00:40:15 Block Report Received
2025/12/04 00:40:25 Block Report Received
2025/12/04 00:40:35 Block Report Received
2025/12/04 00:40:45 Block Report Received
2025/12/04 00:40:55 Block Report Received
2025/12/04 00:41:05 Block Report Received
2025/12/04 00:41:15 Block Report Received
2025/12/04 00:41:25 Block Report Received
2025/12/04 00:41:35 Block Report Received
2025/12/04 00:41:45 Block Report Received
2025/12/04 00:41:55 Block Report Received
2025/12/04 00:42:05 Block Report Received
2025/12/04 00:42:15 Block Report Received
2025/12/04 00:42:25 Block Report Received
2025/12/04 00:42:35 Block Report Received
2025/12/04 00:42:45 Block Report Received
2025/12/04 00:42:55 Block Report Received
2025/12/04 00:43:05 Block Report Received
2025/12/04 00:43:15 Block Report Received
2025/12/04 00:43:25 Block Report Received
2025/12/04 00:43:35 Block Report Received
2025/12/04 00:43:45 Block Report Received
2025/12/04 00:43:55 Block Report Received
2025/12/04 00:44:05 Block Report Received
2025/12/04 00:44:15 Block Report Received
2025/12/04 00:44:25 Block Report Received
2025/12/04 00:44:35 Block Report Received
2025/12/04 00:44:45 Block Report Received
2025/12/04 00:44:55 Block Report Received
2025/12/04 00:45:05 Block Report Received
2025/12/04 00:45:15 Block Report Received
2025/12/04 00:45:25 Block Report Received
2025/12/04 00:45:35 Block Report Received
2025/12/04 00:45:45 Block Report Received
2025/12/04 00:45:55 Block Report Received
2025/12/04 00:46:05 Block Report Received
2025/12/04 00:46:15 Block Report Received
2025/12/04 00:46:25 Block Report Received
2025/12/04 00:46:35 Block Report Received
2025/12/04 00:46:45 Block Report Received
2025/12/04 00:46:55 Block Report Received
2025/12/04 00:47:05 Block Report Received
2025/12/04 00:47:15 Block Report Received
2025/12/04 00:47:25 Block Report Received
2025/12/04 00:47:35 Block Report Received
2025/12/04 00:47:45 Block Report Received
2025/12/04 00:47:55 Block Report Received
2025/12/04 00:48:05 Block Report Received
2025/12/04 00:48:15 Block Report Received
2025/12/04 00:48:25 Block Report Received
2025/12/04 00:48:35 Block Report Received
2025/12/04 00:48:45 Block Report Received
2025/12/04 00:48:55 Block Report Received
2025/12/04 00:49:05 Block Report Received
2025/12/04 00:49:15 Block Report Received
2025/12/04 00:49:25 Block Report Received
2025/12/04 00:49:35 Block Report Received
2025/12/04 00:49:45 Block Report Received
2025/12/04 00:49:55 Block Report Received
2025/12/04 00:50:05 Block Report Received
2025/12/04 00:50:15 Block Report Received
2025/12/04 00:50:25 Block Report Received
2025/12/04 00:50:35 Block Report Received
2025/12/04 00:50:45 Block Report Received
2025/12/04 00:50:55 Block Report Received
2025/12/04 00:51:05 Block Report Received
2025/12/04 00:51:15 Block Report Received
2025/12/04 00:51:25 Block Report Received
2025/12/04 00:51:35 Block Report Received
2025/12/04 00:51:45 Block Report Received
2025/12/04 00:51:55 Block Report Received
2025/12/04 00:52:05 Block Report Received
2025/12/04 00:52:15 Block Report Received
2025/12/04 00:52:25 Block Report Received
2025/12/04 00:52:35 Block Report Received
2025/12/04 00:52:45 Block Report Received
2025/12/04 00:52:55 Block Report Received
2025/12/04 00:53:05 Block Report Received
2025/12/04 00:53:15 Block Report Received
2025/12/04 00:53:25 Block Report Received
2025/12/04 00:53:35 Block Report Received
2025/12/04 00:53:45 Block Report Received
2025/12/04 00:53:55 Block Report Received
2025/12/04 00:54:05 Block Report Received
2025/12/04 00:54:15 Block Report Received
2025/12/04 00:54:25 Block Report Received
2025/12/04 00:54:35 Block Report Received
2025/12/04 00:54:45 Block Report Received
2025/12/04 00:54:55 Block Report Received
2025/12/04 00:55:05 Block Report Received
2025/12/04 00:55:15 Block Report Received
2025/12/04 00:55:25 Block Report Received
2025/12/04 00:55:35 Block Report Received
2025/12/04 00:55:45 Block Report Received
2025/12/04 00:55:55 Block Report Received
2025/12/04 00:56:05 Block Report Received
2025/12/04 00:56:15 Block Report Received
2025/12/04 00:56:25 Block Report Received
2025/12/04 00:56:35 Block Report Received
2025/12/04 00:56:45 Block Report Received
2025/12/04 00:56:55 Block Report Received
2025/12/04 00:57:05 Block Report Received
2025/12/04 00:57:15 Block Report Received
2025/12/04 00:57:25 Block Report Received
2025/12/04 00:57:35 Block Report Received
2025/12/04 00:57:45 Block Report Received
2025/12/04 00:57:55 Block Report Received
2025/12/04 00:58:05 Block Report Received
2025/12/04 00:58:15 Block Report Received
2025/12/04 00:58:25 Block Report Received
2025/12/04 00:58:35 Block Report Received
2025/12/04 00:58:45 Block Report Received
2025/12/04 00:58:55 Block Report Received
2025/12/04 00:59:05 Block Report Received
2025/12/04 00:59:15 Block Report Received
2025/12/04 00:59:25 Block Report Received
2025/12/04 00:59:35 Block Report Received
2025/12/04 00:59:45 Block Report Received
2025/12/04 00:59:55 Block Report Received
2025/12/04 01:00:05 Block Report Received
2025/12/04 01:00:15 Block Report Received
2025/12/04 01:00:25 Block Report Received
2025/12/04 01:00:35 Block Report Received
2025/12/04 01:00:45 Block Report Received
2025/12/04 01:00:55 Block Report Received
2025/12/04 01:01:05 Block Report Received
2025/12/04 01:01:15 Block Report Received
2025/12/04 01:01:25 Block Report Received
2025/12/04 01:01:35 Block Report Received
2025/12/04 01:01:45 Block Report Received
2025/12/04 01:01:55 Block Report Received
2025/12/04 01:02:05 Block Report Received
2025/12/04 01:02:15 Block Report Received
2025/12/04 01:02:25 Block Report Received
2025/12/04 01:02:35 Block Report Received
2025/12/04 01:02:45 Block Report Received
2025/12/04 01:02:55 Block Report Received
2025/12/04 01:03:05 Block Report Received
2025/12/04 01:03:15 Block Report Received
2025/12/04 01:03:25 Block Report Received
2025/12/04 01:03:35 Block Report Received
2025/12/04 01:03:45 Block Report Received
2025/12/04 01:03:55 Block Report Received
2025/12/04 01:04:05 Block Report Received
2025/12/04 01:04:15 Block Report Received
2025/12/04 01:04:25 Block Report Received
2025/12/04 01:04:35 Block Report Received
2025/12/04 01:04:45 Block Report Received
2025/12/04 01:04:55 Block Report Received
2025/12/04 01:05:05 Block Report Received
2025/12/04 01:05:15 Block Report Received
2025/12/04 01:05:25 Block Report Received
2025/12/04 01:05:35 Block Report Received
2025/12/04 01:05:45 Block Report Received
2025/12/04 01:05:55 Block Report Received
2025/12/04 01:06:05 Block Report Received
2025/12/04 01:06:15 Block Report Received
2025/12/04 01:06:25 Block Report Received
2025/12/04 01:06:35 Block Report Received
2025/12/04 01:06:45 Block Report Received
2025/12/04 01:06:55 Block Report Received
2025/12/04 01:07:05 Block Report Received
2025/12/04 01:07:15 Block Report Received
2025/12/04 01:07:25 Block Report Received
2025/12/04 01:07:35 Block Report Received
2025/12/04 01:07:45 Block Report Received
2025/12/04 01:07:55 Block Report Received
2025/12/04 01:08:05 Block Report Received
2025/12/04 01:08:15 Block Report Received
2025/12/04 01:08:25 Block Report Received
2025/12/04 01:08:35 Block Report Received
2025/12/04 01:08:45 Block Report Received
2025/12/04 01:08:55 Block Report Received
2025/12/04 01:09:05 Block Report Received
2025/12/04 01:09:15 Block Report Received
2025/12/04 01:09:25 Block Report Received
2025/12/04 01:09:35 Block Report Received
2025/12/04 01:09:45 Block Report Received
2025/12/04 01:09:55 Block Report Received
2025/12/04 01:10:05 Block Report Received
2025/12/04 01:10:15 Block Report Received
2025/12/04 01:10:25 Block Report Received
2025/12/04 01:10:35 Block Report Received
2025/12/04 01:10:45 Block Report Received
2025/12/04 01:10:55 Block Report Received
2025/12/04 01:11:05 Block Report Received
2025/12/04 01:11:15 Block Report Received
2025/12/04 01:11:25 Block Report Received
2025/12/04 01:11:35 Block Report Received
2025/12/04 01:11:45 Block Report Received
2025/12/04 01:11:55 Block Report Received
2025/12/04 01:12:05 Block Report Received
2025/12/04 01:12:15 Block Report Received
2025/12/04 01:12:25 Block Report Received
2025/12/04 01:12:35 Block Report Received
2025/12/04 01:12:45 Block Report Received
2025/12/04 01:12:55 Block Report Received
2025/12/04 01:13:05 Block Report Received
2025/12/04 01:13:15 Block Report Received
2025/12/04 01:13:25 Block Report Received
2025/12/04 01:13:35 Block Report Received
2025/12/04 01:13:45 Block Report Received
2025/12/04 01:13:55 Block Report Received
2025/12/04 01:14:05 Block Report Received
2025/12/04 01:14:15 Block Report Received
2025/12/04 01:14:25 Block Report Received
2025/12/04 01:14:35 Block Report Received
2025/12/04 01:14:45 Block Report Received
2025/12/04 01:14:55 Block Report Received
2025/12/04 01:15:05 Block Report Received
2025/12/04 01:15:15 Block Report Received
2025/12/04 01:15:25 Block Report Received
2025/12/04 01:15:35 Block Report Received
2025/12/04 01:15:45 Block Report Received
2025/12/04 01:15:55 Block Report Received
2025/12/04 01:16:05 Block Report Received
2025/12/04 01:16:15 Block Report Received
2025/12/04 01:16:25 Block Report Received
2025/12/04 01:16:35 Block Report Received
2025/12/04 01:16:45 Block Report Received
2025/12/04 01:16:55 Block Report Received
2025/12/04 01:17:05 Block Report Received
2025/12/04 01:17:15 Block Report Received
2025/12/04 01:17:25 Block Report Received
2025/12/04 01:17:35 Block Report Received
2025/12/04 01:17:45 Block Report Received
2025/12/04 01:17:55 Block Report Received
2025/12/04 01:18:05 Block Report Received
2025/12/04 01:18:15 Block Report Received
2025/12/04 01:18:25 Block Report Received
2025/12/04 01:18:35 Block Report Received
2025/12/04 01:18:45 Block Report Received
2025/12/04 01:18:55 Block Report Received
2025/12/04 01:19:05 Block Report Received
2025/12/04 01:19:15 Block Report Received
2025/12/04 01:19:25 Block Report Received
2025/12/04 01:19:35 Block Report Received
2025/12/04 01:19:45 Block Report Received
2025/12/04 01:19:55 Block Report Received
2025/12/04 01:20:05 Block Report Received
2025/12/04 01:20:15 Block Report Received
2025/12/04 01:20:25 Block Report Received
2025/12/04 01:20:35 Block Report Received
2025/12/04 01:20:45 Block Report Received
2025/12/04 01:20:55 Block Report Received
2025/12/04 01:21:05 Block Report Received
2025/12/04 01:21:15 Block Report Received
2025/12/04 01:21:25 Block Report Received
2025/12/04 01:21:35 Block Report Received
2025/12/04 01:21:45 Block Report Received
2025/12/04 01:21:55 Block Report Received
2025/12/04 01:22:05 Block Report Received
2025/12/04 01:22:15 Block Report Received
2025/12/04 01:22:25 Block Report Received
2025/12/04 01:22:35 Block Report Received
2025/12/04 01:22:45 Block Report Received
2025/12/04 01:22:55 Block Report Received
2025/12/04 01:23:05 Block Report Received
2025/12/04 01:23:15 Block Report Received
2025/12/04 01:23:25 Block Report Received
2025/12/04 01:23:35 Block Report Received
2025/12/04 01:23:45 Block Report Received
2025/12/04 01:23:55 Block Report Received
2025/12/04 01:24:05 Block Report Received
2025/12/04 01:24:15 Block Report Received
2025/12/04 01:24:25 Block Report Received
2025/12/04 01:24:35 Block Report Received
2025/12/04 01:24:45 Block Report Received
2025/12/04 01:24:55 Block Report Received
2025/12/04 01:25:05 Block Report Received
2025/12/04 01:25:15 Block Report Received
2025/12/04 01:25:25 Block Report Received
2025/12/04 01:25:35 Block Report Received
2025/12/04 01:25:45 Block Report Received
2025/12/04 01:25:55 Block Report Received
2025/12/04 01:26:05 Block Report Received
2025/12/04 01:26:15 Block Report Received
2025/12/04 01:26:25 Block Report Received
2025/12/04 01:26:35 Block Report Received
2025/12/04 01:26:45 Block Report Received
2025/12/04 01:26:55 Block Report Received
2025/12/04 01:27:05 Block Report Received
2025/12/04 01:27:15 Block Report Received
2025/12/04 01:27:25 Block Report Received
2025/12/04 01:27:35 Block Report Received
2025/12/04 01:27:45 Block Report Received
2025/12/04 01:27:55 Block Report Received
2025/12/04 01:28:05 Block Report Received
2025/12/04 01:28:15 Block Report Received
2025/12/04 01:28:25 Block Report Received
2025/12/04 01:28:35 Block Report Received
2025/12/04 01:28:45 Block Report Received
2025/12/04 01:28:55 Block Report Received
2025/12/04 01:29:05 Block Report Received
2025/12/04 01:29:15 Block Report Received
2025/12/04 01:29:25 Block Report Received
2025/12/04 01:29:35 Block Report Received
2025/12/04 01:29:45 Block Report Received
2025/12/04 01:29:55 Block Report Received
2025/12/04 01:30:05 Block Report Received
2025/12/04 01:30:15 Block Report Received
2025/12/04 01:30:25 Block Report Received
2025/12/04 01:30:35 Block Report Received
2025/12/04 01:30:45 Block Report Received
2025/12/04 01:30:55 Block Report Received
2025/12/04 01:31:05 Block Report Received
2025/12/04 01:31:15 Block Report Received
2025/12/04 01:31:25 Block Report Received
2025/12/04 01:31:35 Block Report Received
2025/12/04 01:31:45 Block Report Received
2025/12/04 01:31:55 Block Report Received
2025/12/04 01:32:05 Block Report Received
2025/12/04 01:32:15 Block Report Received
2025/12/04 01:32:25 Block Report Received
2025/12/04 01:32:35 Block Report Received
2025/12/04 01:32:45 Block Report Received
2025/12/04 01:32:55 Block Report Received
2025/12/04 01:33:05 Block Report Received
2025/12/04 01:33:15 Block Report Received
2025/12/04 01:33:25 Block Report Received
2025/12/04 01:33:35 Block Report Received
2025/12/04 01:33:45 Block Report Received
2025/12/04 01:33:55 Block Report Received
2025/12/04 01:34:05 Block Report Received
2025/12/04 01:34:15 Block Report Received
2025/12/04 01:34:25 Block Report Received
2025/12/04 01:34:35 Block Report Received
2025/12/04 01:34:45 Block Report Received
2025/12/04 01:34:55 Block Report Received
2025/12/04 01:35:05 Block Report Received
2025/12/04 01:35:15 Block Report Received
2025/12/04 01:35:25 Block Report Received
2025/12/04 01:35:35 Block Report Received
2025/12/04 01:35:45 Block Report Received
2025/12/04 01:35:55 Block Report Received
2025/12/04 01:36:05 Block Report Received
2025/12/04 01:36:15 Block Report Received
2025/12/04 01:36:25 Block Report Received
2025/12/04 01:36:35 Block Report Received
2025/12/04 01:36:45 Block Report Received
2025/12/04 01:36:55 Block Report Received
2025/12/04 01:37:05 Block Report Received
2025/12/04 01:37:15 Block Report Received
2025/12/04 01:37:25 Block Report Received
2025/12/04 01:37:35 Block Report Received
2025/12/04 01:37:45 Block Report Received
2025/12/04 01:37:55 Block Report Received
2025/12/04 01:38:05 Block Report Received
2025/12/04 01:38:15 Block Report Received
2025/12/04 01:38:25 Block Report Received
2025/12/04 01:38:35 Block Report Received
2025/12/04 01:38:45 Block Report Received
2025/12/04 01:38:55 Block Report Received
2025/12/04 01:39:05 Block Report Received
2025/12/04 01:39:15 Block Report Received
2025/12/04 01:39:25 Block Report Received
2025/12/04 01:39:35 Block Report Received
2025/12/04 01:39:45 Block Report Received
2025/12/04 01:39:55 Block Report Received
2025/12/04 01:40:05 Block Report Received
2025/12/04 01:40:15 Block Report Received
2025/12/04 01:40:25 Block Report Received
2025/12/04 01:40:35 Block Report Received
2025/12/04 01:40:45 Block Report Received
2025/12/04 01:40:55 Block Report Received
2025/12/04 01:41:05 Block Report Received
2025/12/04 01:41:15 Block Report Received
2025/12/04 01:41:25 Block Report Received
2025/12/04 01:41:35 Block Report Received
2025/12/04 01:41:45 Block Report Received
2025/12/04 01:41:55 Block Report Received
2025/12/04 01:42:05 Block Report Received
2025/12/04 01:42:15 Block Report Received
2025/12/04 01:42:25 Block Report Received
2025/12/04 01:42:35 Block Report Received
2025/12/04 01:42:45 Block Report Received
2025/12/04 01:42:55 Block Report Received
2025/12/04 01:43:05 Block Report Received
2025/12/04 01:43:15 Block Report Received
2025/12/04 01:43:25 Block Report Received
2025/12/04 01:43:35 Block Report Received
2025/12/04 01:43:45 Block Report Received
2025/12/04 01:43:55 Block Report Received
2025/12/04 01:44:05 Block Report Received
2025/12/04 01:44:15 Block Report Received
2025/12/04 01:44:25 Block Report Received
2025/12/04 01:44:35 Block Report Received
2025/12/04 01:44:45 Block Report Received
2025/12/04 01:44:55 Block Report Received
2025/12/04 01:45:05 Block Report Received
2025/12/04 01:45:15 Block Report Received
2025/12/04 01:45:25 Block Report Received
2025/12/04 01:45:35 Block Report Received
2025/12/04 01:45:45 Block Report Received
2025/12/04 01:45:55 Block Report Received
2025/12/04 01:46:05 Block Report Received
2025/12/04 01:46:15 Block Report Received
2025/12/04 01:46:25 Block Report Received
2025/12/04 01:46:35 Block Report Received
2025/12/04 01:46:45 Block Report Received
2025/12/04 01:46:55 Block Report Received
2025/12/04 01:47:05 Block Report Received
2025/12/04 01:47:15 Block Report Received
2025/12/04 01:47:25 Block Report Received
2025/12/04 01:47:35 Block Report Received
2025/12/04 01:47:45 Block Report Received
2025/12/04 01:47:55 Block Report Received
2025/12/04 01:48:05 Block Report Received
2025/12/04 01:48:15 Block Report Received
2025/12/04 01:48:25 Block Report Received
2025/12/04 01:48:35 Block Report Received
2025/12/04 01:48:45 Block Report Received
2025/12/04 01:48:55 Block Report Received
2025/12/04 01:49:05 Block Report Received
2025/12/04 01:49:15 Block Report Received
2025/12/04 01:49:25 Block Report Received
2025/12/04 01:49:35 Block Report Received
2025/12/04 01:49:45 Block Report Received
2025/12/04 01:49:55 Block Report Received
2025/12/04 01:50:05 Block Report Received
2025/12/04 01:50:15 Block Report Received
2025/12/04 01:50:25 Block Report Received
2025/12/04 01:50:35 Block Report Received
2025/12/04 01:50:45 Block Report Received
2025/12/04 01:50:55 Block Report Received
2025/12/04 01:51:05 Block Report Received
2025/12/04 01:51:15 Block Report Received
2025/12/04 01:51:25 Block Report Received
2025/12/04 01:51:35 Block Report Received
2025/12/04 01:51:45 Block Report Received
2025/12/04 01:51:55 Block Report Received
2025/12/04 01:52:05 Block Report Received
2025/12/04 01:52:15 Block Report Received
2025/12/04 01:52:25 Block Report Received
2025/12/04 01:52:35 Block Report Received
2025/12/04 01:52:45 Block Report Received
2025/12/04 01:52:55 Block Report Received
2025/12/04 01:53:05 Block Report Received
2025/12/04 01:53:15 Block Report Received
2025/12/04 01:53:25 Block Report Received
2025/12/04 01:53:35 Block Report Received
2025/12/04 01:53:45 Block Report Received
2025/12/04 01:53:55 Block Report Received
2025/12/04 01:54:05 Block Report Received
2025/12/04 01:54:15 Block Report Received
2025/12/04 01:54:25 Block Report Received
2025/12/04 01:54:35 Block Report Received
2025/12/04 01:54:45 Block Report Received
2025/12/04 01:54:55 Block Report Received
2025/12/04 01:55:05 Block Report Received
2025/12/04 01:55:15 Block Report Received
2025/12/04 01:55:25 Block Report Received
2025/12/04 01:55:35 Block Report Received
2025/12/04 01:55:45 Block Report Received
2025/12/04 01:55:55 Block Report Received
2025/12/04 01:56:05 Block Report Received
2025/12/04 01:56:15 Block Report Received
2025/12/04 01:56:25 Block Report Received
2025/12/04 01:56:35 Block Report Received
2025/12/04 01:56:45 Block Report Received
2025/12/04 01:56:55 Block Report Received
2025/12/04 01:57:05 Block Report Received
2025/12/04 01:57:15 Block Report Received
2025/12/04 01:57:25 Block Report Received
2025/12/04 01:57:35 Block Report Received
2025/12/04 01:57:45 Block Report Received
2025/12/04 01:57:55 Block Report Received
2025/12/04 01:58:05 Block Report Received
2025/12/04 01:58:15 Block Report Received
2025/12/04 01:58:25 Block Report Received
2025/12/04 01:58:35 Block Report Received
2025/12/04 01:58:45 Block Report Received
2025/12/04 01:58:55 Block Report Received
2025/12/04 01:59:05 Block Report Received
2025/12/04 01:59:15 Block Report Received
2025/12/04 01:59:25 Block Report Received
2025/12/04 01:59:35 Block Report Received
2025/12/04 01:59:45 Block Report Received
2025/12/04 01:59:55 Block Report Received
2025/12/04 02:00:05 Block Report Received
2025/12/04 02:00:15 Block Report Received
2025/12/04 02:00:25 Block Report Received
2025/12/04 02:00:35 Block Report Received
2025/12/04 02:00:45 Block Report Received
2025/12/04 02:00:55 Block Report Received
2025/12/04 02:01:05 Block Report Received
2025/12/04 02:01:15 Block Report Received
2025/12/04 02:01:25 Block Report Received
2025/12/04 02:01:35 Block Report Received
2025/12/04 02:01:45 Block Report Received
2025/12/04 02:01:55 Block Report Received
2025/12/04 02:02:05 Block Report Received
2025/12/04 02:02:15 Block Report Received
2025/12/04 02:02:25 Block Report Received
2025/12/04 02:02:35 Block Report Received
2025/12/04 02:02:45 Block Report Received
2025/12/04 02:02:55 Block Report Received
2025/12/04 02:03:05 Block Report Received
2025/12/04 02:03:15 Block Report Received
2025/12/04 02:03:25 Block Report Received
2025/12/04 02:03:35 Block Report Received
2025/12/04 02:03:45 Block Report Received
2025/12/04 02:03:55 Block Report Received
2025/12/04 02:04:05 Block Report Received
2025/12/04 02:04:15 Block Report Received
2025/12/04 02:04:25 Block Report Received
2025/12/04 02:04:35 Block Report Received
2025/12/04 02:04:45 Block Report Received
2025/12/04 02:04:55 Block Report Received
2025/12/04 02:05:05 Block Report Received
2025/12/04 02:05:15 Block Report Received
2025/12/04 02:05:25 Block Report Received
2025/12/04 02:05:35 Block Report Received
2025/12/04 02:05:45 Block Report Received
2025/12/04 02:05:55 Block Report Received
2025/12/04 02:06:05 Block Report Received
2025/12/04 02:06:15 Block Report Received
2025/12/04 02:06:25 Block Report Received
2025/12/04 02:06:35 Block Report Received
2025/12/04 02:06:45 Block Report Received
2025/12/04 02:06:55 Block Report Received
2025/12/04 02:07:05 Block Report Received
2025/12/04 02:07:15 Block Report Received
2025/12/04 02:07:25 Block Report Received
2025/12/04 02:07:35 Block Report Received
2025/12/04 02:07:45 Block Report Received
2025/12/04 02:07:55 Block Report Received
2025/12/04 02:08:05 Block Report Received
2025/12/04 02:08:15 Block Report Received
2025/12/04 02:08:25 Block Report Received
2025/12/04 02:08:35 Block Report Received
2025/12/04 02:08:45 Block Report Received
2025/12/04 02:08:55 Block Report Received
2025/12/04 02:09:05 Block Report Received
2025/12/04 02:09:15 Block Report Received
2025/12/04 02:09:25 Block Report Received
2025/12/04 02:09:35 Block Report Received
2025/12/04 02:09:45 Block Report Received
2025/12/04 02:09:55 Block Report Received
2025/12/04 02:10:05 Block Report Received
2025/12/04 02:10:15 Block Report Received
2025/12/04 02:10:25 Block Report Received
2025/12/04 02:10:35 Block Report Received
2025/12/04 02:10:45 Block Report Received
2025/12/04 02:10:55 Block Report Received
2025/12/04 02:11:05 Block Report Received
2025/12/04 02:11:15 Block Report Received
2025/12/04 02:11:25 Block Report Received
2025/12/04 02:11:35 Block Report Received
2025/12/04 02:11:45 Block Report Received
2025/12/04 02:11:55 Block Report Received
2025/12/04 02:12:05 Block Report Received
2025/12/04 02:12:15 Block Report Received
2025/12/04 02:12:25 Block Report Received
2025/12/04 02:12:35 Block Report Received
2025/12/04 02:12:45 Block Report Received
2025/12/04 02:12:55 Block Report Received
2025/12/04 02:13:05 Block Report Received
2025/12/04 02:13:15 Block Report Received
2025/12/04 02:13:25 Block Report Received
2025/12/04 02:13:35 Block Report Received
2025/12/04 02:13:45 Block Report Received
2025/12/04 02:13:55 Block Report Received
2025/12/04 02:14:05 Block Report Received
2025/12/04 02:14:15 Block Report Received
2025/12/04 02:14:25 Block Report Received
2025/12/04 02:14:35 Block Report Received
2025/12/04 02:14:45 Block Report Received
2025/12/04 02:14:55 Block Report Received
2025/12/04 02:15:05 Block Report Received
2025/12/04 02:15:15 Block Report Received
2025/12/04 02:15:25 Block Report Received
2025/12/04 02:15:35 Block Report Received
2025/12/04 02:15:45 Block Report Received
2025/12/04 02:15:55 Block Report Received
2025/12/04 02:16:05 Block Report Received
2025/12/04 02:16:15 Block Report Received
2025/12/04 02:16:25 Block Report Received
2025/12/04 02:16:35 Block Report Received
2025/12/04 02:16:45 Block Report Received
2025/12/04 02:16:55 Block Report Received
2025/12/04 02:17:05 Block Report Received
2025/12/04 02:17:15 Block Report Received
2025/12/04 02:17:25 Block Report Received
2025/12/04 02:17:35 Block Report Received
2025/12/04 02:17:45 Block Report Received
2025/12/04 02:17:55 Block Report Received
2025/12/04 02:18:05 Block Report Received
2025/12/04 02:18:15 Block Report Received
2025/12/04 02:18:25 Block Report Received
2025/12/04 02:18:35 Block Report Received
2025/12/04 02:18:45 Block Report Received
2025/12/04 02:18:55 Block Report Received
2025/12/04 02:19:05 Block Report Received
2025/12/04 02:19:15 Block Report Received
2025/12/04 02:19:25 Block Report Received
2025/12/04 02:19:35 Block Report Received
2025/12/04 02:19:45 Block Report Received
2025/12/04 02:19:55 Block Report Received
2025/12/04 02:20:05 Block Report Received
2025/12/04 02:20:15 Block Report Received
2025/12/04 02:20:25 Block Report Received
2025/12/04 02:20:35 Block Report Received
2025/12/04 02:20:45 Block Report Received
2025/12/04 02:20:55 Block Report Received
2025/12/04 02:21:05 Block Report Received
2025/12/04 02:21:15 Block Report Received
2025/12/04 02:21:25 Block Report Received
2025/12/04 02:21:35 Block Report Received
2025/12/04 02:21:45 Block Report Received
2025/12/04 02:21:55 Block Report Received
2025/12/04 02:22:05 Block Report Received
2025/12/04 02:22:15 Block Report Received
2025/12/04 02:22:25 Block Report Received
2025/12/04 02:22:35 Block Report Received
2025/12/04 02:22:45 Block Report Received
2025/12/04 02:22:55 Block Report Received
2025/12/04 02:23:05 Block Report Received
2025/12/04 02:23:15 Block Report Received
2025/12/04 02:23:25 Block Report Received
2025/12/04 02:23:35 Block Report Received
2025/12/04 02:23:45 Block Report Received
2025/12/04 02:23:55 Block Report Received
2025/12/04 02:24:05 Block Report Received
2025/12/04 02:24:15 Block Report Received
2025/12/04 02:24:25 Block Report Received
2025/12/04 02:24:35 Block Report Received
2025/12/04 02:24:45 Block Report Received
2025/12/04 02:24:55 Block Report Received
2025/12/04 02:25:05 Block Report Received
2025/12/04 02:25:15 Block Report Received
2025/12/04 02:25:25 Block Report Received
2025/12/04 02:25:35 Block Report Received
2025/12/04 02:25:45 Block Report Received
2025/12/04 02:25:55 Block Report Received
2025/12/04 02:26:05 Block Report Received
2025/12/04 02:26:15 Block Report Received
2025/12/04 02:26:25 Block Report Received
2025/12/04 02:26:35 Block Report Received
2025/12/04 02:26:45 Block Report Received
2025/12/04 02:26:55 Block Report Received
2025/12/04 02:27:05 Block Report Received
2025/12/04 02:27:15 Block Report Received
2025/12/04 02:27:25 Block Report Received
2025/12/04 02:27:35 Block Report Received
2025/12/04 02:27:45 Block Report Received
2025/12/04 02:27:55 Block Report Received
2025/12/04 02:28:05 Block Report Received
2025/12/04 02:28:15 Block Report Received
2025/12/04 02:28:25 Block Report Received
2025/12/04 02:28:35 Block Report Received
2025/12/04 02:28:45 Block Report Received
2025/12/04 02:28:55 Block Report Received
2025/12/04 02:29:05 Block Report Received
2025/12/04 02:29:15 Block Report Received
2025/12/04 02:29:25 Block Report Received
2025/12/04 02:29:35 Block Report Received
2025/12/04 02:29:45 Block Report Received
2025/12/04 02:29:55 Block Report Received
2025/12/04 02:30:05 Block Report Received
2025/12/04 02:30:15 Block Report Received
2025/12/04 02:30:25 Block Report Received
2025/12/04 02:30:35 Block Report Received
2025/12/04 02:30:45 Block Report Received
2025/12/04 02:30:55 Block Report Received
2025/12/04 02:31:05 Block Report Received
2025/12/04 02:31:15 Block Report Received
2025/12/04 02:31:25 Block Report Received
2025/12/04 02:31:35 Block Report Received
2025/12/04 02:31:45 Block Report Received
2025/12/04 02:31:55 Block Report Received
2025/12/04 02:32:05 Block Report Received
2025/12/04 02:32:15 Block Report Received
2025/12/04 02:32:25 Block Report Received
2025/12/04 02:32:35 Block Report Received
2025/12/04 02:32:45 Block Report Received
2025/12/04 02:32:55 Block Report Received
2025/12/04 02:33:05 Block Report Received
2025/12/04 02:33:15 Block Report Received
2025/12/04 02:33:25 Block Report Received
2025/12/04 02:33:35 Block Report Received
2025/12/04 02:33:45 Block Report Received
2025/12/04 02:33:55 Block Report Received
2025/12/04 02:34:05 Block Report Received
2025/12/04 02:34:15 Block Report Received
2025/12/04 02:34:25 Block Report Received
2025/12/04 02:34:35 Block Report Received
2025/12/04 02:34:45 Block Report Received
2025/12/04 02:34:55 Block Report Received
2025/12/04 02:35:05 Block Report Received
2025/12/04 02:35:15 Block Report Received
2025/12/04 02:35:25 Block Report Received
2025/12/04 02:35:35 Block Report Received
2025/12/04 02:35:45 Block Report Received
2025/12/04 02:35:55 Block Report Received
2025/12/04 02:36:05 Block Report Received
2025/12/04 02:36:15 Block Report Received
2025/12/04 02:36:25 Block Report Received
2025/12/04 02:36:35 Block Report Received
2025/12/04 02:36:45 Block Report Received
2025/12/04 02:36:55 Block Report Received
2025/12/04 02:37:05 Block Report Received
2025/12/04 02:37:15 Block Report Received
2025/12/04 02:37:25 Block Report Received
2025/12/04 02:37:35 Block Report Received
2025/12/04 02:37:45 Block Report Received
2025/12/04 02:37:55 Block Report Received
2025/12/04 02:38:05 Block Report Received
2025/12/04 02:38:15 Block Report Received
2025/12/04 02:38:25 Block Report Received
2025/12/04 02:38:35 Block Report Received
2025/12/04 02:38:45 Block Report Received
2025/12/04 02:38:55 Block Report Received
2025/12/04 02:39:05 Block Report Received
2025/12/04 02:39:15 Block Report Received
2025/12/04 02:39:25 Block Report Received
2025/12/04 02:39:35 Block Report Received
2025/12/04 02:39:45 Block Report Received
2025/12/04 02:39:55 Block Report Received
2025/12/04 02:40:05 Block Report Received
2025/12/04 02:40:15 Block Report Received
2025/12/04 02:40:25 Block Report Received
2025/12/04 02:40:35 Block Report Received
2025/12/04 02:40:45 Block Report Received
2025/12/04 02:40:55 Block Report Received
2025/12/04 09:52:03 Block Report Received
2025/12/04 09:52:09 Block Report Received
2025/12/04 09:52:19 Block Report Received
2025/12/04 09:52:29 Block Report Received
2025/12/04 09:52:39 Block Report Received
2025/12/04 09:52:49 Block Report Received
2025/12/04 09:52:59 Block Report Received
2025/12/04 09:53:09 Block Report Received
2025/12/04 09:53:19 Block Report Received
2025/12/04 09:53:29 Block Report Received
2025/12/04 09:53:39 Block Report Received
2025/12/04 09:53:49 Block Report Received
2025/12/04 09:53:59 Block Report Received
2025/12/04 09:54:09 Block Report Received
2025/12/04 09:54:19 Block Report Received
2025/12/04 09:54:29 Block Report Received
2025/12/04 09:54:39 Block Report Received
2025/12/04 09:54:49 Block Report Received
2025/12/04 09:54:59 Block Report Received
2025/12/04 09:55:09 Block Report Received
2025/12/04 09:55:19 Block Report Received
2025/12/04 09:55:29 Block Report Received
2025/12/04 09:55:39 Block Report Received
2025/12/04 09:55:49 Block Report Received
2025/12/04 09:55:59 Block Report Received
2025/12/04 09:56:09 Block Report Received
2025/12/04 09:56:19 Block Report Received
2025/12/04 09:56:29 Block Report Received
2025/12/04 09:56:39 Block Report Received
2025/12/04 09:56:49 Block Report Received
2025/12/04 09:56:59 Block Report Received
2025/12/04 09:57:09 Block Report Received
2025/12/04 09:57:19 Block Report Received
2025/12/04 09:57:29 Block Report Received
2025/12/04 09:57:39 Block Report Received
2025/12/04 09:57:49 Block Report Received
2025/12/04 09:57:59 Block Report Received
2025/12/04 09:58:09 Block Report Received
2025/12/04 09:58:19 Block Report Received
2025/12/04 09:58:29 Block Report Received
2025/12/04 09:58:39 Block Report Received
2025/12/04 09:58:49 Block Report Received
2025/12/04 09:58:59 Block Report Received
2025/12/04 09:59:09 Block Report Received
2025/12/04 09:59:19 Block Report Received
2025/12/04 09:59:29 Block Report Received
2025/12/04 09:59:39 Block Report Received
2025/12/04 09:59:49 Block Report Received
2025/12/04 09:59:59 Block Report Received
2025/12/04 10:00:09 Block Report Received
2025/12/04 10:00:19 Block Report Received
2025/12/04 10:00:29 Block Report Received
2025/12/04 10:00:39 Block Report Received
2025/12/04 10:00:49 Block Report Received
2025/12/04 10:00:59 Block Report Received
2025/12/04 10:01:09 Block Report Received
2025/12/04 10:01:19 Block Report Received
2025/12/04 10:01:29 Block Report Received
2025/12/04 10:01:39 Block Report Received
2025/12/04 10:01:49 Block Report Received
2025/12/04 10:01:59 Block Report Received
2025/12/04 10:02:09 Block Report Received
2025/12/04 10:02:19 Block Report Received
2025/12/04 10:02:29 Block Report Received
2025/12/04 10:02:39 Block Report Received
2025/12/04 10:02:49 Block Report Received
2025/12/04 10:02:59 Block Report Received
2025/12/04 10:03:09 Block Report Received
2025/12/04 10:03:19 Block Report Received
2025/12/04 10:03:29 Block Report Received
2025/12/04 10:03:39 Block Report Received
2025/12/04 10:03:49 Block Report Received
2025/12/04 10:03:59 Block Report Received
2025/12/04 10:04:09 Block Report Received
2025/12/04 10:04:19 Block Report Received
2025/12/04 10:04:29 Block Report Received
2025/12/04 10:04:39 Block Report Received
2025/12/04 10:04:49 Block Report Received
2025/12/04 10:04:59 Block Report Received
2025/12/04 10:05:09 Block Report Received
2025/12/04 10:05:19 Block Report Received
2025/12/04 10:05:29 Block Report Received
2025/12/04 10:05:39 Block Report Received
2025/12/04 10:05:49 Block Report Received
2025/12/04 10:05:59 Block Report Received
2025/12/04 10:06:09 Block Report Received
2025/12/04 10:06:19 Block Report Received
2025/12/04 10:06:29 Block Report Received
2025/12/04 10:06:39 Block Report Received
2025/12/04 10:06:49 Block Report Received
2025/12/04 10:06:59 Block Report Received
2025/12/04 10:07:09 Block Report Received
2025/12/04 10:07:19 Block Report Received
2025/12/04 10:07:29 Block Report Received
2025/12/04 10:07:39 Block Report Received
2025/12/04 10:07:49 Block Report Received
2025/12/04 10:07:59 Block Report Received
2025/12/04 10:08:09 Block Report Received
2025/12/04 10:08:19 Block Report Received
2025/12/04 10:08:29 Block Report Received
2025/12/04 10:08:39 Block Report Received
2025/12/04 10:08:49 Block Report Received
2025/12/04 10:08:59 Block Report Received
2025/12/04 10:09:09 Block Report Received
2025/12/04 10:09:19 Block Report Received
2025/12/04 10:09:29 Block Report Received
2025/12/04 10:09:39 Block Report Received
2025/12/04 10:09:49 Block Report Received
2025/12/04 10:09:59 Block Report Received
2025/12/04 10:10:09 Block Report Received
2025/12/04 10:10:19 Block Report Received
2025/12/04 10:10:29 Block Report Received
2025/12/04 10:10:39 Block Report Received
2025/12/04 10:10:49 Block Report Received
2025/12/04 10:10:59 Block Report Received
2025/12/04 10:11:09 Block Report Received
2025/12/04 10:11:19 Block Report Received
2025/12/04 10:11:29 Block Report Received
2025/12/04 10:11:39 Block Report Received
2025/12/04 10:11:49 Block Report Received
2025/12/04 10:11:59 Block Report Received
2025/12/04 10:12:09 Block Report Received
2025/12/04 10:12:19 Block Report Received
2025/12/04 10:12:29 Block Report Received
2025/12/04 10:12:39 Block Report Received
2025/12/04 10:12:49 Block Report Received
2025/12/04 10:12:59 Block Report Received
2025/12/04 10:13:09 Block Report Received
2025/12/04 10:13:19 Block Report Received
2025/12/04 10:13:29 Block Report Received
2025/12/04 10:13:39 Block Report Received
2025/12/04 10:13:49 Block Report Received
2025/12/04 10:13:59 Block Report Received
2025/12/04 10:14:09 Block Report Received
2025/12/04 10:14:19 Block Report Received
2025/12/04 10:14:29 Block Report Received
2025/12/04 10:14:39 Block Report Received
2025/12/04 10:14:49 Block Report Received
2025/12/04 10:14:59 Block Report Received
2025/12/04 10:15:09 Block Report Received
2025/12/04 10:15:19 Block Report Received
2025/12/04 10:15:29 Block Report Received
2025/12/04 10:15:39 Block Report Received
2025/12/04 10:15:49 Block Report Received
2025/12/04 10:15:59 Block Report Received
2025/12/04 10:16:09 Block Report Received
2025/12/04 10:16:19 Block Report Received
2025/12/04 10:16:29 Block Report Received
2025/12/04 10:16:39 Block Report Received
2025/12/04 10:16:49 Block Report Received
2025/12/04 10:16:59 Block Report Received
2025/12/04 10:17:09 Block Report Received
2025/12/04 10:17:19 Block Report Received
2025/12/04 10:17:29 Block Report Received
2025/12/04 10:17:39 Block Report Received
2025/12/04 10:17:49 Block Report Received
2025/12/04 10:17:59 Block Report Received
2025/12/04 10:18:09 Block Report Received
2025/12/04 10:18:19 Block Report Received
2025/12/04 10:18:29 Block Report Received
2025/12/04 10:18:39 Block Report Received
2025/12/04 10:18:49 Block Report Received
2025/12/04 10:19:00 Block Report Received
2025/12/04 10:19:09 Block Report Received
2025/12/04 10:19:20 Block Report Received
2025/12/04 10:19:29 Block Report Received
2025/12/04 10:19:39 Block Report Received
2025/12/04 10:19:49 Block Report Received
2025/12/04 10:19:59 Block Report Received
2025/12/04 10:20:09 Block Report Received
2025/12/04 10:20:19 Block Report Received
2025/12/04 10:20:29 Block Report Received
2025/12/04 10:20:39 Block Report Received
2025/12/04 10:20:49 Block Report Received
2025/12/04 10:20:59 Block Report Received
2025/12/04 10:21:09 Block Report Received
2025/12/04 10:21:19 Block Report Received
2025/12/04 10:21:29 Block Report Received
2025/12/04 10:21:39 Block Report Received
2025/12/04 10:21:49 Block Report Received
2025/12/04 10:21:59 Block Report Received
2025/12/04 10:22:09 Block Report Received
2025/12/04 10:22:19 Block Report Received
2025/12/04 10:22:29 Block Report Received
2025/12/04 10:22:39 Block Report Received
2025/12/04 10:22:49 Block Report Received
2025/12/04 10:22:59 Block Report Received
2025/12/04 10:23:09 Block Report Received
2025/12/04 10:23:19 Block Report Received
2025/12/04 10:23:29 Block Report Received
2025/12/04 10:23:39 Block Report Received
2025/12/04 10:23:49 Block Report Received
2025/12/04 10:23:59 Block Report Received
2025/12/04 10:24:09 Block Report Received
2025/12/04 10:24:19 Block Report Received
2025/12/04 10:24:29 Block Report Received
2025/12/04 10:24:39 Block Report Received
2025/12/04 10:24:49 Block Report Received
2025/12/04 10:24:59 Block Report Received
2025/12/04 10:25:09 Block Report Received
2025/12/04 10:25:19 Block Report Received
2025/12/04 10:25:29 Block Report Received
2025/12/04 10:25:39 Block Report Received
2025/12/04 10:25:49 Block Report Received
2025/12/04 10:25:59 Block Report Received
2025/12/04 10:26:09 Block Report Received
2025/12/04 10:26:19 Block Report Received
2025/12/04 10:26:29 Block Report Received
2025/12/04 10:26:39 Block Report Received
2025/12/04 10:26:49 Block Report Received
2025/12/04 10:26:59 Block Report Received
2025/12/04 10:27:09 Block Report Received
2025/12/04 10:27:19 Block Report Received
2025/12/04 10:27:29 Block Report Received
2025/12/04 10:27:39 Block Report Received
2025/12/04 10:27:49 Block Report Received
2025/12/04 10:27:59 Block Report Received
2025/12/04 10:28:09 Block Report Received
2025/12/04 10:28:19 Block Report Received
2025/12/04 10:28:29 Block Report Received
2025/12/04 10:28:39 Block Report Received
2025/12/04 10:28:49 Block Report Received
2025/12/04 10:28:59 Block Report Received
2025/12/04 10:29:09 Block Report Received
2025/12/04 10:29:19 Block Report Received
2025/12/04 10:29:29 Block Report Received
2025/12/04 10:29:39 Block Report Received
2025/12/04 10:29:49 Block Report Received
2025/12/04 10:29:59 Block Report Received
2025/12/04 10:30:09 Block Report Received
2025/12/04 10:30:19 Block Report Received
2025/12/04 10:30:29 Block Report Received
2025/12/04 10:30:39 Block Report Received
2025/12/04 10:30:49 Block Report Received
2025/12/04 10:30:59 Block Report Received
2025/12/04 10:31:09 Block Report Received
2025/12/04 10:31:19 Block Report Received
2025/12/04 10:31:29 Block Report Received
2025/12/04 10:31:39 Block Report Received
2025/12/04 10:31:49 Block Report Received
2025/12/04 10:31:59 Block Report Received
2025/12/04 10:32:09 Block Report Received
2025/12/04 10:32:19 Block Report Received
2025/12/04 10:32:29 Block Report Received
2025/12/04 10:32:39 Block Report Received
2025/12/04 10:32:49 Block Report Received
2025/12/04 10:32:59 Block Report Received
2025/12/04 10:33:09 Block Report Received
2025/12/04 10:33:19 Block Report Received
2025/12/04 10:33:29 Block Report Received
2025/12/04 10:33:39 Block Report Received
2025/12/04 10:33:49 Block Report Received
2025/12/04 10:33:59 Block Report Received
2025/12/04 10:34:09 Block Report Received
2025/12/04 10:34:19 Block Report Received
2025/12/04 10:34:29 Block Report Received
2025/12/04 10:34:39 Block Report Received
2025/12/04 10:34:49 Block Report Received
2025/12/04 10:34:59 Block Report Received
2025/12/04 10:35:09 Block Report Received
2025/12/04 10:35:19 Block Report Received
2025/12/04 10:35:29 Block Report Received
2025/12/04 10:35:39 Block Report Received
2025/12/04 10:35:49 Block Report Received
2025/12/04 10:35:59 Block Report Received
2025/12/04 10:36:09 Block Report Received
2025/12/04 10:36:19 Block Report Received
2025/12/04 10:36:29 Block Report Received
2025/12/04 10:36:39 Block Report Received
2025/12/04 10:36:49 Block Report Received
2025/12/04 10:36:59 Block Report Received
2025/12/04 10:37:09 Block Report Received
2025/12/04 10:37:19 Block Report Received
2025/12/04 10:37:29 Block Report Received
2025/12/04 10:37:39 Block Report Received
2025/12/04 10:37:49 Block Report Received
2025/12/04 10:37:59 Block Report Received
2025/12/04 10:38:09 Block Report Received
2025/12/04 10:38:19 Block Report Received
2025/12/04 10:38:29 Block Report Received
2025/12/04 10:38:39 Block Report Received
2025/12/04 10:38:49 Block Report Received
2025/12/04 10:38:59 Block Report Received
2025/12/04 10:39:09 Block Report Received
2025/12/04 10:39:19 Block Report Received
2025/12/04 10:39:29 Block Report Received
2025/12/04 10:39:39 Block Report Received
2025/12/04 10:39:49 Block Report Received
2025/12/04 10:39:59 Block Report Received
2025/12/04 10:40:09 Block Report Received
2025/12/04 10:40:19 Block Report Received
2025/12/04 10:40:29 Block Report Received
2025/12/04 10:40:39 Block Report Received
2025/12/04 10:40:49 Block Report Received
2025/12/04 10:40:59 Block Report Received
2025/12/04 10:41:09 Block Report Received
2025/12/04 10:41:21 Block Report Received
2025/12/04 10:41:30 Block Report Received
2025/12/04 10:41:42 Block Report Received
2025/12/04 10:41:51 Block Report Received
2025/12/04 10:41:59 Block Report Received
2025/12/04 10:42:09 Block Report Received
2025/12/04 10:42:19 Block Report Received
2025/12/04 10:42:29 Block Report Received
2025/12/04 10:42:39 Block Report Received
2025/12/04 10:42:49 Block Report Received
2025/12/04 10:42:59 Block Report Received
2025/12/04 10:43:09 Block Report Received
2025/12/04 10:43:19 Block Report Received
2025/12/04 10:43:29 Block Report Received
2025/12/04 10:43:39 Block Report Received
2025/12/04 10:43:49 Block Report Received
2025/12/04 10:43:59 Block Report Received
2025/12/04 10:44:09 Block Report Received
2025/12/04 10:44:19 Block Report Received
2025/12/04 10:44:29 Block Report Received
2025/12/04 10:44:39 Block Report Received
2025/12/04 10:44:49 Block Report Received
2025/12/04 10:44:59 Block Report Received
2025/12/04 10:45:09 Block Report Received
2025/12/04 10:45:19 Block Report Received
2025/12/04 10:45:29 Block Report Received
2025/12/04 10:45:40 Block Report Received
2025/12/04 10:45:49 Block Report Received
2025/12/04 10:46:00 Block Report Received
2025/12/04 10:46:09 Block Report Received
2025/12/04 10:46:19 Block Report Received
2025/12/04 10:46:29 Block Report Received
2025/12/04 10:46:39 Block Report Received
2025/12/04 10:46:49 Block Report Received
2025/12/04 10:46:59 Block Report Received
2025/12/04 10:47:09 Block Report Received
2025/12/04 10:47:19 Block Report Received
2025/12/04 10:47:29 Block Report Received
2025/12/04 10:47:39 Block Report Received
2025/12/04 10:47:49 Block Report Received
2025/12/04 10:47:59 Block Report Received
2025/12/04 10:48:09 Block Report Received
2025/12/04 10:48:19 Block Report Received
2025/12/04 10:48:29 Block Report Received
2025/12/04 10:48:39 Block Report Received
2025/12/04 10:48:49 Block Report Received
2025/12/04 10:48:59 Block Report Received
2025/12/04 10:49:09 Block Report Received
2025/12/04 10:49:19 Block Report Received
2025/12/04 10:49:29 Block Report Received
2025/12/04 10:49:39 Block Report Received
2025/12/04 10:49:49 Block Report Received
2025/12/04 10:49:59 Block Report Received
2025/12/04 10:50:09 Block Report Received
2025/12/04 10:50:19 Block Report Received
2025/12/04 10:50:29 Block Report Received
2025/12/04 10:50:39 Block Report Received
2025/12/04 10:50:49 Block Report Received
2025/12/04 10:50:59 Block Report Received
2025/12/04 10:51:09 Block Report Received
2025/12/04 10:51:19 Block Report Received
2025/12/04 10:51:29 Block Report Received
2025/12/04 10:51:39 Block Report Received
2025/12/04 10:51:49 Block Report Received
2025/12/04 10:51:59 Block Report Received
2025/12/04 10:52:09 Block Report Received
2025/12/04 10:52:19 Block Report Received
2025/12/04 10:52:29 Block Report Received
2025/12/04 10:52:39 Block Report Received
2025/12/04 10:52:49 Block Report Received
2025/12/04 10:52:59 Block Report Received
2025/12/04 10:53:09 Block Report Received
2025/12/04 10:53:19 Block Report Received
2025/12/04 10:53:29 Block Report Received
2025/12/04 10:53:39 Block Report Received
2025/12/04 10:53:49 Block Report Received
2025/12/04 10:53:59 Block Report Received
2025/12/04 10:54:09 Block Report Received
2025/12/04 10:54:19 Block Report Received
2025/12/04 10:54:29 Block Report Received
2025/12/04 10:54:39 Block Report Received
2025/12/04 10:54:49 Block Report Received
2025/12/04 10:54:59 Block Report Received
2025/12/04 10:55:09 Block Report Received
2025/12/04 10:55:19 Block Report Received
2025/12/04 10:55:29 Block Report Received
2025/12/04 10:55:39 Block Report Received
2025/12/04 10:55:49 Block Report Received
2025/12/04 10:55:59 Block Report Received
2025/12/04 10:56:09 Block Report Received
2025/12/04 10:56:19 Block Report Received
2025/12/04 10:56:29 Block Report Received
2025/12/04 10:56:39 Block Report Received
2025/12/04 10:56:49 Block Report Received
2025/12/04 10:56:59 Block Report Received
2025/12/04 10:57:09 Block Report Received
2025/12/04 10:57:19 Block Report Received
2025/12/04 10:57:29 Block Report Received
2025/12/04 10:57:39 Block Report Received
2025/12/04 10:57:49 Block Report Received
2025/12/04 10:57:59 Block Report Received
2025/12/04 10:58:09 Block Report Received
2025/12/04 10:58:19 Block Report Received
2025/12/04 10:58:29 Block Report Received
2025/12/04 10:58:39 Block Report Received
2025/12/04 10:58:49 Block Report Received
2025/12/04 10:58:59 Block Report Received
2025/12/04 10:59:09 Block Report Received
2025/12/04 10:59:19 Block Report Received
2025/12/04 10:59:29 Block Report Received
2025/12/04 10:59:39 Block Report Received
2025/12/04 10:59:49 Block Report Received
2025/12/04 10:59:59 Block Report Received
2025/12/04 11:00:09 Block Report Received
2025/12/04 11:00:19 Block Report Received
2025/12/04 11:00:29 Block Report Received
2025/12/04 11:00:39 Block Report Received
2025/12/04 11:00:49 Block Report Received
2025/12/04 11:00:59 Block Report Received
2025/12/04 11:01:10 Block Report Received
2025/12/04 11:01:20 Block Report Received
2025/12/04 11:01:29 Block Report Received
2025/12/04 11:01:39 Block Report Received
2025/12/04 11:01:49 Block Report Received
2025/12/04 11:01:59 Block Report Received
2025/12/04 11:02:09 Block Report Received
2025/12/04 11:02:19 Block Report Received
2025/12/04 11:02:29 Block Report Received
2025/12/04 11:02:39 Block Report Received
2025/12/04 11:02:49 Block Report Received
2025/12/04 11:02:59 Block Report Received
2025/12/04 11:03:11 Block Report Received
2025/12/04 11:03:20 Block Report Received
2025/12/04 11:03:31 Block Report Received
2025/12/04 11:03:40 Block Report Received
2025/12/04 11:03:50 Block Report Received
2025/12/04 11:04:00 Block Report Received
2025/12/04 11:04:11 Block Report Received
2025/12/04 11:04:21 Block Report Received
2025/12/04 11:04:32 Block Report Received
2025/12/04 11:04:40 Block Report Received
2025/12/04 11:04:50 Block Report Received
2025/12/04 11:05:04 Block Report Received
2025/12/04 11:05:09 Block Report Received
2025/12/04 11:05:19 Block Report Received
2025/12/04 11:05:29 Block Report Received
2025/12/04 11:05:39 Block Report Received
2025/12/04 11:05:49 Block Report Received
2025/12/04 11:05:59 Block Report Received
2025/12/04 11:06:09 Block Report Received
2025/12/04 11:06:19 Block Report Received
2025/12/04 11:06:29 Block Report Received
2025/12/04 11:06:39 Block Report Received
2025/12/04 11:06:49 Block Report Received
2025/12/04 11:06:59 Block Report Received
2025/12/04 11:07:09 Block Report Received
2025/12/04 11:07:19 Block Report Received
2025/12/04 11:07:29 Block Report Received
2025/12/04 11:07:39 Block Report Received
2025/12/04 11:07:49 Block Report Received
2025/12/04 11:08:00 Block Report Received
2025/12/04 11:08:09 Block Report Received
2025/12/04 11:08:19 Block Report Received
2025/12/04 11:08:29 Block Report Received
2025/12/04 11:08:39 Block Report Received
2025/12/04 11:08:49 Block Report Received
2025/12/04 11:08:59 Block Report Received
2025/12/04 11:09:09 Block Report Received
2025/12/04 11:09:19 Block Report Received
2025/12/04 11:09:29 Block Report Received
2025/12/04 11:09:39 Block Report Received
2025/12/04 11:09:49 Block Report Received
2025/12/04 11:09:59 Block Report Received
2025/12/04 11:10:09 Block Report Received
2025/12/04 11:10:19 Block Report Received
2025/12/04 11:10:29 Block Report Received
2025/12/04 11:10:39 Block Report Received
2025/12/04 11:10:49 Block Report Received
2025/12/04 11:10:59 Block Report Received
2025/12/04 11:11:09 Block Report Received
2025/12/04 11:11:19 Block Report Received
2025/12/04 11:11:29 Block Report Received
2025/12/04 11:11:39 Block Report Received
2025/12/04 11:11:49 Block Report Received
2025/12/04 11:11:59 Block Report Received
2025/12/04 11:12:09 Block Report Received
2025/12/04 11:12:19 Block Report Received
2025/12/04 11:12:29 Block Report Received
2025/12/04 11:12:39 Block Report Received
2025/12/04 11:12:49 Block Report Received
2025/12/04 11:12:59 Block Report Received
2025/12/04 11:13:09 Block Report Received
2025/12/04 11:13:19 Block Report Received
2025/12/04 11:13:29 Block Report Received
2025/12/04 11:13:39 Block Report Received
2025/12/04 11:13:49 Block Report Received
2025/12/04 11:13:59 Block Report Received
2025/12/04 11:14:09 Block Report Received
2025/12/04 11:14:19 Block Report Received
2025/12/04 11:14:29 Block Report Received
2025/12/04 11:14:39 Block Report Received
2025/12/04 11:14:49 Block Report Received
2025/12/04 11:14:59 Block Report Received
2025/12/04 11:15:09 Block Report Received
2025/12/04 11:15:20 Block Report Received
2025/12/04 11:15:30 Block Report Received
2025/12/04 11:15:39 Block Report Received
2025/12/04 11:15:49 Block Report Received
2025/12/04 11:15:59 Block Report Received
2025/12/04 11:16:09 Block Report Received
2025/12/04 11:16:19 Block Report Received
2025/12/04 11:16:29 Block Report Received
2025/12/04 11:16:39 Block Report Received
2025/12/04 11:16:49 Block Report Received
2025/12/04 11:16:59 Block Report Received
2025/12/04 11:17:09 Block Report Received
2025/12/04 11:17:19 Block Report Received
2025/12/04 11:17:30 Block Report Received
2025/12/04 11:17:39 Block Report Received
2025/12/04 11:17:49 Block Report Received
2025/12/04 11:17:59 Block Report Received
2025/12/04 11:18:09 Block Report Received
2025/12/04 11:18:19 Block Report Received
2025/12/04 11:18:29 Block Report Received
2025/12/04 11:18:39 Block Report Received
2025/12/04 11:18:49 Block Report Received
2025/12/04 11:18:59 Block Report Received
2025/12/04 11:19:09 Block Report Received
2025/12/04 11:19:19 Block Report Received
2025/12/04 11:19:29 Block Report Received
2025/12/04 11:19:40 Block Report Received
2025/12/04 11:19:49 Block Report Received
2025/12/04 11:19:59 Block Report Received
2025/12/04 11:20:09 Block Report Received
2025/12/04 11:20:19 Block Report Received
2025/12/04 11:20:29 Block Report Received
2025/12/04 11:20:39 Block Report Received
2025/12/04 11:20:49 Block Report Received
2025/12/04 11:20:59 Block Report Received
2025/12/04 11:21:09 Block Report Received
2025/12/04 11:21:19 Block Report Received
2025/12/04 11:21:29 Block Report Received
2025/12/04 11:21:39 Block Report Received
2025/12/04 11:21:49 Block Report Received
2025/12/04 11:21:59 Block Report Received
2025/12/04 11:22:09 Block Report Received
2025/12/04 11:22:19 Block Report Received
2025/12/04 11:22:29 Block Report Received
2025/12/04 11:22:39 Block Report Received
2025/12/04 11:22:49 Block Report Received
2025/12/04 11:22:59 Block Report Received
2025/12/04 11:23:09 Block Report Received
2025/12/04 11:23:19 Block Report Received
2025/12/04 11:23:29 Block Report Received
2025/12/04 11:23:39 Block Report Received
2025/12/04 11:23:49 Block Report Received
2025/12/04 11:23:59 Block Report Received
2025/12/04 11:24:09 Block Report Received
2025/12/04 11:24:19 Block Report Received
2025/12/04 11:24:29 Block Report Received
2025/12/04 11:24:39 Block Report Received
2025/12/04 11:24:49 Block Report Received
2025/12/04 11:24:59 Block Report Received
2025/12/04 11:25:09 Block Report Received
2025/12/04 11:25:19 Block Report Received
2025/12/04 11:25:29 Block Report Received
2025/12/04 11:25:39 Block Report Received
2025/12/04 11:25:49 Block Report Received
2025/12/04 11:25:59 Block Report Received
2025/12/04 11:26:09 Block Report Received
2025/12/04 11:26:19 Block Report Received
2025/12/04 11:26:29 Block Report Received
2025/12/04 11:26:39 Block Report Received
2025/12/04 11:26:49 Block Report Received
2025/12/04 11:26:59 Block Report Received
2025/12/04 11:27:09 Block Report Received
2025/12/04 11:27:19 Block Report Received
2025/12/04 11:27:29 Block Report Received
2025/12/04 11:27:39 Block Report Received
2025/12/04 11:27:49 Block Report Received
2025/12/04 11:27:59 Block Report Received
2025/12/04 11:28:09 Block Report Received
2025/12/04 11:28:19 Block Report Received
2025/12/04 11:28:29 Block Report Received
2025/12/04 11:28:39 Block Report Received
2025/12/04 11:28:49 Block Report Received
2025/12/04 11:28:59 Block Report Received
2025/12/04 11:29:09 Block Report Received
2025/12/04 11:29:19 Block Report Received
2025/12/04 11:29:29 Block Report Received
2025/12/04 11:29:39 Block Report Received
2025/12/04 11:29:49 Block Report Received
2025/12/04 11:29:59 Block Report Received
2025/12/04 11:30:09 Block Report Received
2025/12/04 11:30:19 Block Report Received
2025/12/04 11:30:29 Block Report Received
2025/12/04 11:30:39 Block Report Received
2025/12/04 11:30:49 Block Report Received
2025/12/04 11:30:59 Block Report Received
2025/12/04 11:31:09 Block Report Received
2025/12/04 11:31:19 Block Report Received
2025/12/04 11:31:29 Block Report Received
2025/12/04 11:31:39 Block Report Received
2025/12/04 11:31:49 Block Report Received
2025/12/04 11:31:59 Block Report Received
2025/12/04 11:32:09 Block Report Received
2025/12/04 11:32:19 Block Report Received
2025/12/04 11:32:29 Block Report Received
2025/12/04 11:32:39 Block Report Received
2025/12/04 11:32:49 Block Report Received
2025/12/04 11:32:59 Block Report Received
2025/12/04 11:33:09 Block Report Received
2025/12/04 11:33:19 Block Report Received
2025/12/04 11:33:29 Block Report Received
2025/12/04 11:33:39 Block Report Received
2025/12/04 11:33:49 Block Report Received
2025/12/04 11:33:59 Block Report Received
2025/12/04 11:34:09 Block Report Received
2025/12/04 11:34:19 Block Report Received
2025/12/04 11:34:29 Block Report Received
2025/12/04 11:34:39 Block Report Received
2025/12/04 11:34:49 Block Report Received
2025/12/04 11:34:59 Block Report Received
2025/12/04 11:35:09 Block Report Received
2025/12/04 11:35:19 Block Report Received
2025/12/04 11:35:29 Block Report Received
2025/12/04 11:35:40 Block Report Received
2025/12/04 11:35:50 Block Report Received
2025/12/04 11:35:59 Block Report Received
2025/12/04 11:36:09 Block Report Received
2025/12/04 11:36:20 Block Report Received
2025/12/04 11:36:30 Block Report Received
2025/12/04 11:36:40 Block Report Received
2025/12/04 11:36:50 Block Report Received
2025/12/04 11:36:59 Block Report Received
2025/12/04 11:37:09 Block Report Received
2025/12/04 11:37:20 Block Report Received
2025/12/04 11:37:30 Block Report Received
2025/12/04 11:37:40 Block Report Received
2025/12/04 11:37:50 Block Report Received
2025/12/04 11:37:59 Block Report Received
2025/12/04 11:38:10 Block Report Received
2025/12/04 11:38:19 Block Report Received
2025/12/04 11:38:30 Block Report Received
2025/12/04 11:38:39 Block Report Received
2025/12/04 11:38:49 Block Report Received
2025/12/04 11:39:00 Block Report Received
2025/12/04 11:39:09 Block Report Received
2025/12/04 11:39:19 Block Report Received
2025/12/04 11:39:29 Block Report Received
2025/12/04 11:39:40 Block Report Received
2025/12/04 11:39:49 Block Report Received
2025/12/04 11:40:00 Block Report Received
2025/12/04 11:40:09 Block Report Received
2025/12/04 11:40:20 Block Report Received
2025/12/04 11:40:30 Block Report Received
2025/12/04 11:40:39 Block Report Received
2025/12/04 11:40:49 Block Report Received
2025/12/04 11:41:00 Block Report Received
2025/12/04 11:41:10 Block Report Received
2025/12/04 11:41:19 Block Report Received
2025/12/04 11:41:29 Block Report Received
2025/12/04 11:41:40 Block Report Received
2025/12/04 11:41:49 Block Report Received
2025/12/04 11:42:00 Block Report Received
2025/12/04 11:42:09 Block Report Received
2025/12/04 11:42:19 Block Report Received
2025/12/04 11:42:29 Block Report Received
2025/12/04 11:42:39 Block Report Received
2025/12/04 11:42:49 Block Report Received
2025/12/04 12:13:57 Block Report Received
2025/12/04 12:14:07 Block Report Received
2025/12/04 12:14:17 Block Report Received
2025/12/04 12:14:27 Block Report Received
2025/12/04 12:14:37 Block Report Received
2025/12/04 12:14:47 Block Report Received
2025/12/04 12:14:57 Block Report Received
2025/12/04 12:15:07 Block Report Received
2025/12/04 12:15:17 Block Report Received
2025/12/04 12:15:27 Block Report Received
2025/12/04 12:15:37 Block Report Received
2025/12/04 12:15:47 Block Report Received
2025/12/04 12:15:57 Block Report Received
2025/12/04 12:16:07 Block Report Received
2025/12/04 12:16:17 Block Report Received
2025/12/04 12:16:27 Block Report Received
2025/12/04 12:16:37 Block Report Received
2025/12/04 12:16:47 Block Report Received
2025/12/04 12:16:57 Block Report Received
2025/12/04 12:17:07 Block Report Received
2025/12/04 12:17:17 Block Report Received
2025/12/04 12:17:27 Block Report Received
2025/12/04 12:17:37 Block Report Received
2025/12/04 12:17:47 Block Report Received
2025/12/04 12:17:57 Block Report Received
2025/12/04 12:18:07 Block Report Received
2025/12/04 12:18:17 Block Report Received
2025/12/04 12:18:27 Block Report Received
2025/12/04 12:18:37 Block Report Received
2025/12/04 12:18:47 Block Report Received
2025/12/04 12:18:57 Block Report Received
2025/12/04 12:19:07 Block Report Received
2025/12/04 12:19:17 Block Report Received
2025/12/04 12:19:27 Block Report Received
2025/12/04 12:19:37 Block Report Received
2025/12/04 12:19:47 Block Report Received
2025/12/04 12:19:57 Block Report Received
2025/12/04 12:20:07 Block Report Received
2025/12/04 12:20:17 Block Report Received
2025/12/04 12:20:27 Block Report Received
2025/12/04 12:20:37 Block Report Received
2025/12/04 12:20:47 Block Report Received
2025/12/04 12:20:57 Block Report Received
2025/12/04 12:21:07 Block Report Received
2025/12/04 12:21:17 Block Report Received
2025/12/04 12:21:27 Block Report Received
2025/12/04 12:21:37 Block Report Received
2025/12/04 12:21:47 Block Report Received
2025/12/04 12:21:57 Block Report Received
2025/12/04 12:22:07 Block Report Received
2025/12/04 12:22:17 Block Report Received
2025/12/04 12:22:27 Block Report Received
2025/12/04 12:22:37 Block Report Received
2025/12/04 12:22:47 Block Report Received
2025/12/04 12:22:57 Block Report Received
2025/12/04 12:23:07 Block Report Received
2025/12/04 12:23:17 Block Report Received
2025/12/04 12:23:27 Block Report Received
2025/12/04 12:23:37 Block Report Received
2025/12/04 12:23:47 Block Report Received
2025/12/04 12:23:57 Block Report Received
2025/12/04 12:24:07 Block Report Received
2025/12/04 12:24:17 Block Report Received
2025/12/04 12:24:27 Block Report Received
2025/12/04 12:24:37 Block Report Received
2025/12/04 12:24:47 Block Report Received
2025/12/04 12:24:57 Block Report Received
2025/12/04 12:25:07 Block Report Received
2025/12/04 12:25:17 Block Report Received
2025/12/04 12:25:27 Block Report Received
2025/12/04 12:25:37 Block Report Received
2025/12/04 12:25:47 Block Report Received
2025/12/04 12:25:57 Block Report Received
2025/12/04 12:26:07 Block Report Received
2025/12/04 12:26:17 Block Report Received
2025/12/04 12:26:27 Block Report Received
2025/12/04 12:26:37 Block Report Received
2025/12/04 12:26:47 Block Report Received
2025/12/04 12:26:57 Block Report Received
2025/12/04 12:27:07 Block Report Received
2025/12/04 12:27:17 Block Report Received
2025/12/04 12:27:27 Block Report Received
2025/12/04 12:27:37 Block Report Received
2025/12/04 12:27:47 Block Report Received
2025/12/04 12:27:57 Block Report Received
2025/12/04 12:28:07 Block Report Received
2025/12/04 12:28:17 Block Report Received
2025/12/04 12:28:27 Block Report Received
2025/12/04 12:28:37 Block Report Received
2025/12/04 12:28:47 Block Report Received
2025/12/04 12:28:57 Block Report Received
2025/12/04 12:29:07 Block Report Received
2025/12/04 12:29:17 Block Report Received
2025/12/04 12:29:27 Block Report Received
2025/12/04 12:29:37 Block Report Received
2025/12/04 12:29:47 Block Report Received
2025/12/04 12:29:57 Block Report Received
2025/12/04 12:30:07 Block Report Received
2025/12/04 12:30:17 Block Report Received
2025/12/04 12:30:27 Block Report Received
2025/12/04 12:30:37 Block Report Received
2025/12/04 12:30:47 Block Report Received
2025/12/04 12:30:57 Block Report Received
2025/12/04 12:31:07 Block Report Received
2025/12/04 12:31:17 Block Report Received
2025/12/04 12:31:27 Block Report Received
2025/12/04 12:31:37 Block Report Received
2025/12/04 12:31:47 Block Report Received
2025/12/04 12:31:57 Block Report Received
2025/12/04 12:32:07 Block Report Received
2025/12/04 12:32:17 Block Report Received
2025/12/04 12:32:27 Block Report Received
2025/12/04 12:32:37 Block Report Received
2025/12/04 12:32:47 Block Report Received
2025/12/04 12:32:57 Block Report Received
2025/12/04 12:33:07 Block Report Received
2025/12/04 12:33:17 Block Report Received
2025/12/04 12:33:27 Block Report Received
2025/12/04 12:33:37 Block Report Received
2025/12/04 12:33:47 Block Report Received
2025/12/04 12:33:57 Block Report Received
2025/12/04 12:34:07 Block Report Received
2025/12/04 12:34:17 Block Report Received
2025/12/04 12:34:27 Block Report Received
2025/12/04 12:34:37 Block Report Received
2025/12/04 12:34:47 Block Report Received
2025/12/04 12:34:57 Block Report Received
2025/12/04 12:35:07 Block Report Received
2025/12/04 12:35:17 Block Report Received
2025/12/04 12:35:27 Block Report Received
2025/12/04 12:35:37 Block Report Received
2025/12/04 12:35:47 Block Report Received
2025/12/04 12:35:57 Block Report Received
2025/12/04 12:36:07 Block Report Received
2025/12/04 12:36:17 Block Report Received
2025/12/04 12:36:27 Block Report Received
2025/12/04 12:36:37 Block Report Received
2025/12/04 12:36:47 Block Report Received
2025/12/04 12:36:57 Block Report Received
2025/12/04 12:37:07 Block Report Received
2025/12/04 12:37:17 Block Report Received
2025/12/04 12:37:27 Block Report Received
2025/12/04 12:37:37 Block Report Received
2025/12/04 12:37:47 Block Report Received
2025/12/04 12:37:57 Block Report Received
2025/12/04 12:38:07 Block Report Received
2025/12/04 12:38:17 Block Report Received
2025/12/04 12:38:27 Block Report Received
2025/12/04 12:38:37 Block Report Received
2025/12/04 12:38:47 Block Report Received
2025/12/04 12:38:57 Block Report Received
2025/12/04 12:39:07 Block Report Received
2025/12/04 12:39:17 Block Report Received
2025/12/04 12:39:27 Block Report Received
2025/12/04 12:39:37 Block Report Received
2025/12/04 12:39:47 Block Report Received
2025/12/04 12:39:57 Block Report Received
2025/12/04 12:40:07 Block Report Received
2025/12/04 12:40:17 Block Report Received
2025/12/04 12:40:27 Block Report Received
2025/12/04 12:40:37 Block Report Received
2025/12/04 12:40:47 Block Report Received
2025/12/04 12:40:57 Block Report Received
2025/12/04 12:41:07 Block Report Received
2025/12/04 12:41:17 Block Report Received
2025/12/04 12:41:27 Block Report Received
2025/12/04 12:41:37 Block Report Received
2025/12/04 12:41:47 Block Report Received
2025/12/04 12:41:57 Block Report Received
2025/12/04 12:42:07 Block Report Received
2025/12/04 12:42:17 Block Report Received
2025/12/04 12:42:27 Block Report Received
2025/12/04 12:42:37 Block Report Received
2025/12/04 12:42:47 Block Report Received
2025/12/04 12:42:57 Block Report Received
2025/12/04 12:43:07 Block Report Received
2025/12/04 12:43:17 Block Report Received
2025/12/04 12:43:27 Block Report Received
2025/12/04 12:43:37 Block Report Received
2025/12/04 12:43:47 Block Report Received
2025/12/04 12:43:57 Block Report Received
2025/12/04 12:44:07 Block Report Received
2025/12/04 12:44:17 Block Report Received
2025/12/04 12:44:27 Block Report Received
2025/12/04 12:44:37 Block Report Received
2025/12/04 12:44:47 Block Report Received
2025/12/04 12:44:57 Block Report Received
2025/12/04 12:45:07 Block Report Received
2025/12/04 12:45:17 Block Report Received
2025/12/04 12:45:27 Block Report Received
2025/12/04 12:45:37 Block Report Received
2025/12/04 12:45:47 Block Report Received
2025/12/04 12:45:57 Block Report Received
2025/12/04 12:46:07 Block Report Received
2025/12/04 12:46:17 Block Report Received
2025/12/04 12:46:27 Block Report Received
2025/12/04 12:46:37 Block Report Received
2025/12/04 12:46:47 Block Report Received
2025/12/04 12:46:57 Block Report Received
2025/12/04 12:47:07 Block Report Received
2025/12/04 12:47:17 Block Report Received
2025/12/04 12:47:27 Block Report Received
2025/12/04 12:47:37 Block Report Received
2025/12/04 12:47:47 Block Report Received
2025/12/04 12:47:57 Block Report Received
2025/12/04 12:48:07 Block Report Received
2025/12/04 12:48:17 Block Report Received
2025/12/04 12:48:27 Block Report Received
2025/12/04 12:48:37 Block Report Received
2025/12/04 12:48:47 Block Report Received
2025/12/04 12:48:57 Block Report Received
2025/12/04 12:49:07 Block Report Received
2025/12/04 12:49:17 Block Report Received
2025/12/04 12:49:27 Block Report Received
2025/12/04 12:49:37 Block Report Received
2025/12/04 12:49:47 Block Report Received
2025/12/04 12:49:57 Block Report Received
2025/12/04 12:50:07 Block Report Received
2025/12/04 12:50:17 Block Report Received
2025/12/04 12:50:27 Block Report Received
2025/12/04 12:50:37 Block Report Received
2025/12/04 12:50:47 Block Report Received
2025/12/04 12:50:57 Block Report Received
2025/12/04 12:51:07 Block Report Received
2025/12/04 12:51:17 Block Report Received
2025/12/04 12:51:27 Block Report Received
2025/12/04 12:51:37 Block Report Received
2025/12/04 12:51:47 Block Report Received
2025/12/04 12:51:57 Block Report Received
2025/12/04 12:52:07 Block Report Received
2025/12/04 12:52:17 Block Report Received
2025/12/04 12:52:27 Block Report Received
2025/12/04 12:52:37 Block Report Received
2025/12/04 12:52:47 Block Report Received
2025/12/04 12:52:57 Block Report Received
2025/12/04 12:53:07 Block Report Received
2025/12/04 12:53:17 Block Report Received
2025/12/04 12:53:27 Block Report Received
2025/12/04 12:53:37 Block Report Received
2025/12/04 12:53:47 Block Report Received
2025/12/04 12:53:57 Block Report Received
2025/12/04 12:54:07 Block Report Received
2025/12/04 12:54:17 Block Report Received
2025/12/04 12:54:27 Block Report Received
2025/12/04 12:54:37 Block Report Received
2025/12/04 12:54:47 Block Report Received
2025/12/04 12:54:57 Block Report Received
2025/12/04 12:55:07 Block Report Received
2025/12/04 12:55:17 Block Report Received
2025/12/04 12:55:27 Block Report Received
2025/12/04 12:55:37 Block Report Received
2025/12/04 12:55:47 Block Report Received
2025/12/04 12:55:57 Block Report Received
2025/12/04 12:56:07 Block Report Received
2025/12/04 12:56:17 Block Report Received
2025/12/04 12:56:27 Block Report Received
2025/12/04 12:56:37 Block Report Received
2025/12/04 12:56:47 Block Report Received
2025/12/04 12:56:57 Block Report Received
2025/12/04 12:57:07 Block Report Received
2025/12/04 12:57:17 Block Report Received
2025/12/04 12:57:27 Block Report Received
2025/12/04 12:57:37 Block Report Received
2025/12/04 12:57:47 Block Report Received
2025/12/04 12:57:57 Block Report Received
2025/12/04 12:58:07 Block Report Received
2025/12/04 12:58:17 Block Report Received
2025/12/04 12:58:27 Block Report Received
2025/12/04 12:58:37 Block Report Received
2025/12/04 12:58:47 Block Report Received
2025/12/04 12:58:57 Block Report Received
2025/12/04 12:59:07 Block Report Received
2025/12/04 12:59:17 Block Report Received
2025/12/04 12:59:27 Block Report Received
2025/12/04 12:59:37 Block Report Received
2025/12/04 12:59:47 Block Report Received
2025/12/04 12:59:57 Block Report Received
2025/12/04 13:00:07 Block Report Received
2025/12/04 13:00:17 Block Report Received
2025/12/04 13:00:27 Block Report Received
2025/12/04 13:00:37 Block Report Received
2025/12/04 13:00:47 Block Report Received
2025/12/04 13:00:57 Block Report Received
2025/12/04 13:01:07 Block Report Received
2025/12/04 13:01:17 Block Report Received
2025/12/04 13:01:27 Block Report Received
2025/12/04 13:01:37 Block Report Received
2025/12/04 13:01:47 Block Report Received
2025/12/04 13:01:57 Block Report Received
2025/12/04 13:02:07 Block Report Received
2025/12/04 13:02:17 Block Report Received
2025/12/04 13:02:27 Block Report Received
2025/12/04 13:02:37 Block Report Received
2025/12/04 13:02:47 Block Report Received
2025/12/04 13:02:57 Block Report Received
2025/12/04 13:03:07 Block Report Received
2025/12/04 13:03:17 Block Report Received
2025/12/04 13:03:27 Block Report Received
2025/12/04 13:03:37 Block Report Received
2025/12/04 13:03:47 Block Report Received
2025/12/04 13:03:57 Block Report Received
2025/12/04 13:04:07 Block Report Received
2025/12/04 13:04:17 Block Report Received
2025/12/04 13:04:27 Block Report Received
2025/12/04 13:04:37 Block Report Received
2025/12/04 13:04:47 Block Report Received
2025/12/04 13:04:57 Block Report Received
2025/12/04 13:05:07 Block Report Received
2025/12/04 13:05:17 Block Report Received
2025/12/04 13:05:27 Block Report Received
2025/12/04 13:05:37 Block Report Received
2025/12/04 13:05:47 Block Report Received
2025/12/04 13:05:57 Block Report Received
2025/12/04 13:06:07 Block Report Received
2025/12/04 13:06:17 Block Report Received
2025/12/04 13:06:27 Block Report Received
2025/12/04 13:06:37 Block Report Received
2025/12/04 13:06:47 Block Report Received
2025/12/04 13:06:57 Block Report Received
2025/12/04 13:07:07 Block Report Received
2025/12/04 13:07:17 Block Report Received
2025/12/04 13:07:27 Block Report Received
2025/12/04 13:07:37 Block Report Received
2025/12/04 13:07:47 Block Report Received
2025/12/04 13:07:57 Block Report Received
2025/12/04 13:08:07 Block Report Received
2025/12/04 13:08:17 Block Report Received
2025/12/04 13:08:27 Block Report Received
2025/12/04 13:08:37 Block Report Received
2025/12/04 13:08:47 Block Report Received
2025/12/04 13:08:57 Block Report Received
2025/12/04 13:09:07 Block Report Received
2025/12/04 13:09:17 Block Report Received
2025/12/04 13:09:27 Block Report Received
2025/12/04 13:09:37 Block Report Received
2025/12/04 13:09:47 Block Report Received
2025/12/04 13:09:57 Block Report Received
2025/12/04 13:10:07 Block Report Received
2025/12/04 13:10:17 Block Report Received
2025/12/04 13:10:27 Block Report Received
2025/12/04 13:10:37 Block Report Received
2025/12/04 13:10:47 Block Report Received
2025/12/04 13:10:57 Block Report Received
2025/12/04 13:11:07 Block Report Received
2025/12/04 13:11:17 Block Report Received
2025/12/04 13:11:27 Block Report Received
2025/12/04 13:11:37 Block Report Received
2025/12/04 13:11:47 Block Report Received
2025/12/04 13:11:57 Block Report Received
2025/12/04 13:12:07 Block Report Received
2025/12/04 13:12:17 Block Report Received
2025/12/04 13:12:27 Block Report Received
2025/12/04 13:12:37 Block Report Received
2025/12/04 13:12:47 Block Report Received
2025/12/04 13:12:57 Block Report Received
2025/12/04 13:13:07 Block Report Received
2025/12/04 13:13:17 Block Report Received
2025/12/04 13:13:27 Block Report Received
2025/12/04 13:13:37 Block Report Received
2025/12/04 13:13:47 Block Report Received
2025/12/04 13:13:57 Block Report Received
2025/12/04 13:14:07 Block Report Received
2025/12/04 13:14:17 Block Report Received
2025/12/04 13:14:27 Block Report Received
2025/12/04 13:14:37 Block Report Received
2025/12/04 13:14:47 Block Report Received
2025/12/04 13:14:57 Block Report Received
2025/12/04 13:15:07 Block Report Received
2025/12/04 13:15:17 Block Report Received
2025/12/04 13:15:27 Block Report Received
2025/12/04 13:15:37 Block Report Received
2025/12/04 13:15:47 Block Report Received
2025/12/04 13:15:57 Block Report Received
2025/12/04 13:16:07 Block Report Received
2025/12/04 13:16:17 Block Report Received
2025/12/04 13:16:27 Block Report Received
2025/12/04 13:16:37 Block Report Received
2025/12/04 13:16:47 Block Report Received
2025/12/04 13:16:57 Block Report Received
2025/12/04 13:17:07 Block Report Received
2025/12/04 13:17:17 Block Report Received
2025/12/04 13:17:27 Block Report Received
2025/12/04 13:17:37 Block Report Received
2025/12/04 13:17:47 Block Report Received
2025/12/04 13:17:57 Block Report Received
2025/12/04 13:18:07 Block Report Received
2025/12/04 13:18:17 Block Report Received
2025/12/04 13:18:27 Block Report Received
2025/12/04 13:18:37 Block Report Received
2025/12/04 13:18:47 Block Report Received
2025/12/04 13:18:57 Block Report Received
2025/12/04 13:19:07 Block Report Received
2025/12/04 13:19:17 Block Report Received
2025/12/04 13:19:27 Block Report Received
2025/12/04 13:19:37 Block Report Received
2025/12/04 13:19:47 Block Report Received
2025/12/04 13:19:57 Block Report Received
2025/12/04 13:20:07 Block Report Received
2025/12/04 13:20:17 Block Report Received
2025/12/04 13:20:27 Block Report Received
2025/12/04 13:20:37 Block Report Received
2025/12/04 13:20:47 Block Report Received
2025/12/04 13:20:57 Block Report Received
2025/12/04 13:21:07 Block Report Received
2025/12/04 13:21:17 Block Report Received
2025/12/04 13:21:27 Block Report Received
2025/12/04 13:21:37 Block Report Received
2025/12/04 13:21:47 Block Report Received
2025/12/04 13:21:57 Block Report Received
2025/12/04 13:22:07 Block Report Received
2025/12/04 13:22:17 Block Report Received
2025/12/04 13:22:27 Block Report Received
2025/12/04 13:22:37 Block Report Received
2025/12/04 13:22:47 Block Report Received
2025/12/04 13:22:57 Block Report Received
2025/12/04 13:23:07 Block Report Received
2025/12/04 13:23:17 Block Report Received
2025/12/04 13:23:27 Block Report Received
2025/12/04 13:23:37 Block Report Received
2025/12/04 13:23:47 Block Report Received
2025/12/04 13:23:57 Block Report Received
2025/12/04 13:24:07 Block Report Received
2025/12/04 13:24:17 Block Report Received
2025/12/04 13:25:29 ⚠️  Connection to NameNode lost: rpc error: code = DeadlineExceeded desc = context deadline exceeded
2025/12/04 13:25:29 🔄 Attempting to reconnect...
2025/12/04 15:03:07 Block Report Received
2025/12/04 15:03:08 Block Report Received
2025/12/04 15:03:08 🛑 Block report stopped
2025/12/04 15:03:11 ⚠️  Primary NameNode localhost:8080 unavailable, trying alternates...
2025/12/04 15:03:11 ✅ Connected to NameNode at localhost:8081
2025/12/04 15:03:11 ✅ Reconnected to NameNode at localhost:8081
2025/12/04 15:03:11 🧩 DataNode 1d5244f2-0fde-4dd4-829b-825a33596b37 registration status: Registered
2025/12/04 15:03:11 🔄 Block report restarted
2025/12/04 15:03:22 Block Report Received
2025/12/04 15:03:33 Block Report Received
2025/12/04 15:03:41 Block Report Received
2025/12/04 15:03:51 Block Report Received
2025/12/04 15:04:01 Block Report Received
2025/12/04 15:04:11 Block Report Received
2025/12/04 15:04:21 Block Report Received
2025/12/04 15:04:31 Block Report Received
2025/12/04 15:04:41 Block Report Received
2025/12/04 15:04:51 Block Report Received
2025/12/04 15:05:01 Block Report Received
2025/12/04 15:05:11 Block Report Received
2025/12/04 15:05:21 Block Report Received
2025/12/04 15:05:31 Block Report Received
2025/12/04 15:05:41 Block Report Received
2025/12/04 15:05:51 Block Report Received
2025/12/04 15:06:01 Block Report Received
2025/12/04 15:06:11 Block Report Received
2025/12/04 15:06:21 Block Report Received
2025/12/04 15:06:31 Block Report Received
2025/12/04 15:06:41 Block Report Received
2025/12/04 15:06:51 Block Report Received
2025/12/04 15:07:01 Block Report Received
2025/12/04 15:07:11 Block Report Received
2025/12/04 15:07:21 Block Report Received
2025/12/04 15:07:31 Block Report Received
2025/12/04 15:07:41 Block Report Received
2025/12/04 15:07:51 Block Report Received
2025/12/04 15:08:01 Block Report Received
2025/12/04 15:08:11 Block Report Received
2025/12/04 15:08:21 Block Report Received
2025/12/04 15:08:31 Block Report Received
2025/12/04 15:08:41 Block Report Received
2025/12/04 15:08:51 Block Report Received
2025/12/04 15:09:01 Block Report Received
2025/12/04 15:09:11 Block Report Received
2025/12/04 15:09:21 Block Report Received
2025/12/04 15:09:31 Block Report Received
2025/12/04 15:09:41 Block Report Received
2025/12/04 15:09:51 Block Report Received
2025/12/04 15:10:01 Block Report Received
2025/12/04 15:10:11 Block Report Received
2025/12/04 15:10:21 Block Report Received
2025/12/04 15:10:31 Block Report Received
2025/12/04 15:10:41 Block Report Received
2025/12/04 15:10:51 Block Report Received
2025/12/04 15:11:01 Block Report Received
2025/12/04 15:11:11 Block Report Received
2025/12/04 15:11:21 Block Report Received
2025/12/04 15:11:31 Block Report Received
2025/12/04 15:11:41 Block Report Received
2025/12/04 15:11:51 Block Report Received
2025/12/04 15:12:01 Block Report Received
2025/12/04 15:12:11 Block Report Received
2025/12/04 15:12:21 Block Report Received
2025/12/04 15:12:31 Block Report Received
2025/12/04 15:12:41 Block Report Received
2025/12/04 15:12:51 Block Report Received
2025/12/04 15:13:01 Block Report Received
2025/12/04 15:13:11 Block Report Received
2025/12/04 15:13:21 Block Report Received
2025/12/04 15:13:31 Block Report Received
2025/12/04 15:13:41 Block Report Received
2025/12/04 15:13:51 Block Report Received
2025/12/04 15:14:01 Block Report Received
2025/12/04 15:14:11 Block Report Received
2025/12/04 15:14:21 Block Report Received
2025/12/04 15:14:31 Block Report Received
2025/12/04 15:14:41 Block Report Received
2025/12/04 15:14:51 Block Report Received
2025/12/04 15:15:01 Block Report Received
2025/12/04 15:15:11 Block Report Received
2025/12/04 15:15:21 Block Report Received
2025/12/04 15:15:31 Block Report Received
2025/12/04 15:15:41 Block Report Received
2025/12/04 15:15:51 Block Report Received
2025/12/04 15:16:01 Block Report Received
2025/12/04 15:16:11 Block Report Received
2025/12/04 15:16:21 Block Report Received
2025/12/04 15:16:31 Block Report Received
2025/12/04 15:16:41 Block Report Received
2025/12/04 15:16:51 Block Report Received
2025/12/04 15:17:01 Block Report Received
2025/12/04 15:17:11 Block Report Received
2025/12/04 15:17:21 Block Report Received
2025/12/04 15:17:31 Block Report Received
2025/12/04 15:17:41 Block Report Received
2025/12/04 15:17:51 Block Report Received
2025/12/04 15:18:01 Block Report Received
2025/12/04 15:18:11 Block Report Received
2025/12/04 15:18:21 Block Report Received
2025/12/04 15:18:31 Block Report Received
2025/12/04 15:18:41 Block Report Received
2025/12/04 15:18:51 Block Report Received
2025/12/04 15:19:01 Block Report Received
2025/12/04 15:19:11 Block Report Received
2025/12/04 15:19:21 Block Report Received
2025/12/04 15:19:31 Block Report Received
2025/12/04 15:19:41 Block Report Received
2025/12/04 15:19:51 Block Report Received
2025/12/04 15:20:01 Block Report Received
2025/12/04 15:20:11 Block Report Received
2025/12/04 15:20:21 Block Report Received
2025/12/04 15:20:31 Block Report Received
2025/12/04 15:20:41 Block Report Received
2025/12/04 15:20:51 Block Report Received
2025/12/04 15:21:01 Block Report Received
2025/12/04 15:21:11 Block Report Received
2025/12/04 15:21:21 Block Report Received
2025/12/04 15:21:31 Block Report Received
2025/12/04 15:21:41 Block Report Received
2025/12/04 15:21:51 Block Report Received
2025/12/04 15:22:01 Block Report Received
2025/12/04 15:22:11 Block Report Received
2025/12/04 15:22:21 Block Report Received
2025/12/04 15:22:31 Block Report Received
2025/12/04 15:22:41 Block Report Received
2025/12/04 15:22:51 Block Report Received
2025/12/04 15:23:01 Block Report Received
2025/12/04 15:23:11 Block Report Received
2025/12/04 15:23:21 Block Report Received
2025/12/04 15:23:31 Block Report Received
2025/12/04 15:23:41 Block Report Received
2025/12/04 15:23:51 Block Report Received
2025/12/04 15:24:01 Block Report Received
2025/12/04 15:24:11 Block Report Received
2025/12/04 15:24:21 Block Report Received
2025/12/04 15:24:31 Block Report Received
2025/12/04 15:24:41 Block Report Received
2025/12/04 15:24:51 Block Report Received
2025/12/04 15:25:01 Block Report Received
2025/12/04 15:25:11 Block Report Received
2025/12/04 15:25:21 Block Report Received
2025/12/04 15:25:31 Block Report Received
2025/12/04 15:25:41 Block Report Received
2025/12/04 15:25:51 Block Report Received
2025/12/04 15:26:01 Block Report Received
2025/12/04 15:26:11 Block Report Received
2025/12/04 15:26:21 Block Report Received
2025/12/04 15:26:31 Block Report Received
2025/12/04 15:26:41 Block Report Received
2025/12/04 15:26:51 Block Report Received
2025/12/04 15:27:01 Block Report Received
2025/12/04 15:27:11 Block Report Received
2025/12/04 15:27:21 Block Report Received
2025/12/04 15:27:31 Block Report Received
2025/12/04 15:27:41 Block Report Received
2025/12/04 15:27:51 Block Report Received
2025/12/04 15:28:01 Block Report Received
2025/12/04 15:28:11 Block Report Received
2025/12/04 15:28:21 Block Report Received
2025/12/04 15:28:31 Block Report Received
2025/12/04 15:28:41 Block Report Received
2025/12/04 15:28:51 Block Report Received
2025/12/04 15:29:01 Block Report Received
2025/12/04 15:29:11 Block Report Received
2025/12/04 15:29:21 Block Report Received
2025/12/04 15:29:31 Block Report Received
2025/12/04 15:29:41 Block Report Received
2025/12/04 15:29:51 Block Report Received
2025/12/04 15:30:01 Block Report Received
2025/12/04 15:30:11 Block Report Received
2025/12/04 15:30:21 Block Report Received
2025/12/04 15:30:31 Block Report Received
2025/12/04 15:30:41 Block Report Received
2025/12/04 15:30:51 Block Report Received
2025/12/04 15:31:01 Block Report Received
2025/12/04 15:31:11 Block Report Received
2025/12/04 15:31:21 Block Report Received
2025/12/04 15:31:31 Block Report Received
2025/12/04 15:31:41 Block Report Received
2025/12/04 15:31:51 Block Report Received
2025/12/04 15:32:01 Block Report Received
2025/12/04 15:32:11 Block Report Received
2025/12/04 15:32:21 Block Report Received
2025/12/04 15:32:31 Block Report Received
2025/12/04 15:32:41 Block Report Received
2025/12/04 15:32:51 Block Report Received
2025/12/04 15:33:01 Block Report Received
2025/12/04 15:33:11 Block Report Received
2025/12/04 15:33:21 Block Report Received
2025/12/04 15:33:31 Block Report Received
2025/12/04 15:33:41 Block Report Received
2025/12/04 15:33:51 Block Report Received
2025/12/04 15:34:01 Block Report Received
2025/12/04 15:34:11 Block Report Received
2025/12/04 15:34:21 Block Report Received
2025/12/04 15:34:31 Block Report Received
2025/12/04 15:34:41 Block Report Received
2025/12/04 15:34:51 Block Report Received
2025/12/04 15:35:01 Block Report Received
2025/12/04 15:35:11 Block Report Received
2025/12/04 15:35:21 Block Report Received
2025/12/04 15:35:31 Block Report Received
2025/12/04 15:35:41 Block Report Received
2025/12/04 15:35:51 Block Report Received
2025/12/04 15:36:01 Block Report Received
2025/12/04 15:36:11 Block Report Received
2025/12/04 15:36:21 Block Report Received
2025/12/04 15:36:31 Block Report Received
2025/12/04 15:36:41 Block Report Received
2025/12/04 16:13:36 Block Report Received
2025/12/04 16:13:46 Block Report Received
2025/12/04 16:13:56 Block Report Received
2025/12/04 16:14:06 Block Report Received
2025/12/04 16:14:16 Block Report Received
2025/12/04 16:14:26 Block Report Received
2025/12/04 16:14:36 Block Report Received
2025/12/04 16:14:46 Block Report Received
2025/12/04 16:14:56 Block Report Received
2025/12/04 16:15:06 Block Report Received
2025/12/04 16:15:16 Block Report Received
2025/12/04 16:15:26 Block Report Received
2025/12/04 16:15:36 Block Report Received
2025/12/04 16:15:46 Block Report Received
2025/12/04 16:15:56 Block Report Received
2025/12/04 16:16:06 Block Report Received
2025/12/04 16:16:16 Block Report Received
2025/12/04 16:16:26 Block Report Received
2025/12/04 16:16:36 Block Report Received
2025/12/04 16:16:46 Block Report Received
2025/12/04 16:16:56 Block Report Received
2025/12/04 16:17:06 Block Report Received
2025/12/04 16:17:16 Block Report Received
2025/12/04 16:17:26 Block Report Received
2025/12/04 16:17:36 Block Report Received
2025/12/04 16:17:46 Block Report Received
2025/12/04 16:17:56 Block Report Received
2025/12/04 16:18:06 Block Report Received
2025/12/04 16:18:16 Block Report Received
2025/12/04 16:18:26 Block Report Received
2025/12/04 16:18:36 Block Report Received
2025/12/04 16:18:46 Block Report Received
2025/12/04 16:18:56 Block Report Received
2025/12/04 16:19:06 Block Report Received
2025/12/04 16:19:16 Block Report Received
2025/12/04 16:19:26 Block Report Received
2025/12/04 16:19:36 Block Report Received
2025/12/04 16:19:46 Block Report Received
2025/12/04 16:19:56 Block Report Received
2025/12/04 16:20:06 Block Report Received
2025/12/04 16:20:16 Block Report Received
2025/12/04 16:20:26 Block Report Received
2025/12/04 16:20:36 Block Report Received
2025/12/04 16:20:46 Block Report Received
2025/12/04 16:20:56 Block Report Received
2025/12/04 16:21:06 Block Report Received
2025/12/04 16:21:16 Block Report Received
2025/12/04 16:21:26 Block Report Received
2025/12/04 16:21:36 Block Report Received
2025/12/04 16:21:46 Block Report Received
2025/12/04 16:21:56 Block Report Received
2025/12/04 16:22:06 Block Report Received
2025/12/04 16:22:16 Block Report Received
2025/12/04 16:22:26 Block Report Received
2025/12/04 16:22:36 Block Report Received
2025/12/04 16:22:46 Block Report Received
2025/12/04 16:22:56 Block Report Received
2025/12/04 16:23:06 Block Report Received
2025/12/04 16:23:16 Block Report Received
2025/12/04 16:23:26 Block Report Received
2025/12/04 16:23:36 Block Report Received
2025/12/04 16:23:46 Block Report Received
2025/12/04 16:23:56 Block Report Received
2025/12/04 16:24:06 Block Report Received
2025/12/04 16:24:16 Block Report Received
2025/12/04 16:24:26 Block Report Received
2025/12/04 16:24:36 Block Report Received
2025/12/04 16:24:46 Block Report Received
2025/12/04 16:24:56 Block Report Received
2025/12/04 16:25:06 Block Report Received
2025/12/04 16:25:16 Block Report Received
2025/12/04 16:25:26 Block Report Received
2025/12/04 16:25:36 Block Report Received
2025/12/04 16:25:46 Block Report Received
2025/12/04 16:25:56 Block Report Received
2025/12/04 16:26:06 Block Report Received
2025/12/04 16:26:16 Block Report Received
2025/12/04 16:26:26 Block Report Received
2025/12/04 16:26:36 Block Report Received
2025/12/04 16:26:46 Block Report Received
2025/12/04 16:26:56 Block Report Received
2025/12/04 16:27:06 Block Report Received
2025/12/04 16:27:16 Block Report Received
2025/12/04 16:27:26 Block Report Received
2025/12/04 16:27:36 Block Report Received
2025/12/04 16:27:46 Block Report Received
2025/12/04 16:27:56 Block Report Received
2025/12/04 16:28:06 Block Report Received
2025/12/04 16:28:16 Block Report Received
2025/12/04 16:28:26 Block Report Received
2025/12/04 16:28:36 Block Report Received
2025/12/04 16:28:46 Block Report Received
2025/12/04 16:28:56 Block Report Received
2025/12/04 16:29:06 Block Report Received
2025/12/04 16:29:16 Block Report Received
2025/12/04 16:29:26 Block Report Received
2025/12/04 16:29:36 Block Report Received
2025/12/04 16:29:46 Block Report Received
2025/12/04 16:29:56 Block Report Received
2025/12/04 16:48:04 Block Report Received
2025/12/04 16:48:04 Block Report Received
2025/12/04 16:48:14 Block Report Received
2025/12/04 16:48:25 Block Report Received
2025/12/04 16:48:35 Block Report Received
2025/12/04 16:48:45 Block Report Received
2025/12/04 16:48:54 Block Report Received
2025/12/04 16:49:04 Block Report Received
2025/12/04 16:49:14 Block Report Received
2025/12/04 16:49:24 Block Report Received
2025/12/04 16:49:34 Block Report Received
2025/12/04 16:49:44 Block Report Received
2025/12/04 16:49:54 Block Report Received
2025/12/04 16:50:04 Block Report Received
2025/12/04 16:50:14 Block Report Received
2025/12/04 16:50:24 Block Report Received
2025/12/04 16:50:34 Block Report Received
2025/12/04 16:50:44 Block Report Received
2025/12/04 16:50:54 Block Report Received
2025/12/04 16:51:04 Block Report Received
2025/12/04 16:51:14 Block Report Received
2025/12/04 16:51:24 Block Report Received
2025/12/04 16:51:34 Block Report Received
2025/12/04 16:51:44 Block Report Received
2025/12/04 16:51:54 Block Report Received
2025/12/04 16:52:04 Block Report Received
2025/12/04 16:52:14 Block Report Received
2025/12/04 16:52:24 Block Report Received
2025/12/04 16:52:34 Block Report Received
2025/12/04 16:52:44 Block Report Received
2025/12/04 16:52:54 Block Report Received
2025/12/04 16:53:04 Block Report Received
2025/12/04 16:53:14 Block Report Received
2025/12/04 16:53:24 Block Report Received
2025/12/04 16:53:34 Block Report Received
2025/12/04 16:53:44 Block Report Received
2025/12/04 16:53:54 Block Report Received
2025/12/04 16:54:04 Block Report Received
2025/12/04 16:54:14 Block Report Received
2025/12/04 16:54:24 Block Report Received
2025/12/04 16:54:34 Block Report Received
2025/12/04 16:54:44 Block Report Received
2025/12/04 16:54:54 Block Report Received
2025/12/04 16:55:04 Block Report Received
2025/12/04 16:55:14 Block Report Received
2025/12/04 16:55:24 Block Report Received
2025/12/04 16:55:34 Block Report Received
2025/12/04 16:55:44 Block Report Received
2025/12/04 16:55:54 Block Report Received
2025/12/04 16:56:04 Block Report Received
2025/12/04 16:56:14 Block Report Received
2025/12/04 16:56:24 Block Report Received
2025/12/04 16:56:34 Block Report Received
2025/12/04 16:56:44 Block Report Received
2025/12/04 16:56:54 Block Report Received
2025/12/04 16:57:04 Block Report Received
2025/12/04 16:57:14 Block Report Received
2025/12/04 16:57:24 Block Report Received
2025/12/04 16:57:34 Block Report Received
2025/12/04 16:57:44 Block Report Received
2025/12/04 16:57:54 Block Report Received
2025/12/04 16:58:04 Block Report Received
2025/12/04 16:58:14 Block Report Received
2025/12/04 16:58:24 Block Report Received
2025/12/04 16:58:34 Block Report Received
2025/12/04 16:58:44 Block Report Received
2025/12/04 16:58:54 Block Report Received
2025/12/04 16:59:04 Block Report Received
2025/12/04 16:59:14 Block Report Received
2025/12/04 16:59:24 Block Report Received
2025/12/04 16:59:34 Block Report Received
2025/12/04 16:59:44 Block Report Received
2025/12/04 16:59:54 Block Report Received
2025/12/04 17:00:04 Block Report Received
2025/12/04 17:00:14 Block Report Received
2025/12/04 17:00:24 Block Report Received
2025/12/04 17:00:34 Block Report Received
2025/12/04 17:00:44 Block Report Received
2025/12/04 17:00:54 Block Report Received
2025/12/04 17:01:04 Block Report Received
2025/12/04 17:01:14 Block Report Received
2025/12/04 17:01:24 Block Report Received
2025/12/04 17:01:34 Block Report Received
2025/12/04 17:01:44 Block Report Received
2025/12/04 17:01:54 Block Report Received
2025/12/04 17:02:04 Block Report Received
2025/12/04 17:02:14 Block Report Received
2025/12/04 17:02:24 Block Report Received
2025/12/04 17:02:34 Block Report Received
2025/12/04 17:02:44 Block Report Received
2025/12/04 17:02:54 Block Report Received
2025/12/04 17:03:04 Block Report Received
2025/12/04 17:03:14 Block Report Received
2025/12/04 17:03:24 Block Report Received
2025/12/04 17:03:34 Block Report Received
2025/12/05 12:32:28 Block Report Received
2025/12/05 12:32:31 Block Report Received
2025/12/05 12:32:33 Block Report Received
2025/12/05 12:32:43 Block Report Received
2025/12/05 12:32:53 Block Report Received
2025/12/05 12:33:03 Block Report Received
2025/12/05 12:33:13 Block Report Received
2025/12/05 12:33:23 Block Report Received
2025/12/05 12:33:32 Block Report Received
2025/12/05 12:33:42 Block Report Received
2025/12/15 09:35:59 Block Report Received
2025/12/15 09:36:09 Block Report Received
2025/12/15 09:36:19 Block Report Received
2025/12/15 09:36:29 Block Report Received
2025/12/15 09:36:39 Block Report Received
2025/12/15 09:36:49 Block Report Received
2025/12/15 09:36:59 Block Report Received
2025/12/15 09:37:09 Block Report Received
2025/12/15 09:37:19 Block Report Received
2025/12/15 09:37:29 Block Report Received
2025/12/15 09:37:39 Block Report Received
2025/12/15 09:37:49 Block Report Received
2025/12/15 09:37:59 Block Report Received
2025/12/15 09:38:09 Block Report Received
2025/12/15 09:38:19 Block Report Received
2025/12/15 09:38:29 Block Report Received
2025/12/15 09:38:39 Block Report Received
2025/12/15 09:38:49 Block Report Received
2025/12/15 09:38:59 Block Report Received
2025/12/15 09:39:14 Block Report Received
2025/12/15 09:39:19 Block Report Received
2025/12/15 09:39:30 Block Report Received
2025/12/15 09:39:39 Block Report Received
2025/12/15 09:39:51 Block Report Received
2025/12/15 09:40:00 Block Report Received
2025/12/15 09:40:09 Block Report Received
2025/12/15 09:40:19 Block Report Received
2025/12/15 09:40:29 Block Report Received
2025/12/15 09:40:39 Block Report Received
2025/12/15 09:40:49 Block Report Received
2025/12/15 09:40:59 Block Report Received
2025/12/15 09:41:09 Block Report Received
2025/12/15 09:41:19 Block Report Received
2025/12/15 09:41:29 Block Report Received
2025/12/15 09:41:39 Block Report Received
2025/12/15 09:41:49 Block Report Received
2025/12/15 09:41:59 Block Report Received
2025/12/15 09:42:09 Block Report Received
2025/12/15 09:42:19 Block Report Received
2025/12/15 09:42:29 Block Report Received
2025/12/15 09:42:39 Block Report Received
2025/12/15 09:42:49 Block Report Received
2025/12/15 09:42:59 Block Report Received
2025/12/15 09:43:09 Block Report Received
2025/12/15 09:43:19 Block Report Received
2025/12/15 09:43:29 Block Report Received
2025/12/15 09:43:39 Block Report Received
2025/12/15 09:43:49 Block Report Received
2025/12/15 09:43:59 Block Report Received
2025/12/15 09:44:09 Block Report Received
2025/12/15 09:44:19 Block Report Received
2025/12/15 09:44:29 Block Report Received
2025/12/15 09:44:39 Block Report Received
2025/12/15 09:44:49 Block Report Received
2025/12/15 09:44:59 Block Report Received
2025/12/15 09:45:09 Block Report Received
2025/12/15 09:45:19 Block Report Received
2025/12/15 09:45:29 Block Report Received
2025/12/15 09:45:39 Block Report Received
2025/12/15 09:45:49 Block Report Received
2025/12/15 09:45:59 Block Report Received
2025/12/15 09:46:09 Block Report Received
2025/12/15 09:46:19 Block Report Received
2025/12/15 09:46:29 Block Report Received
2025/12/15 09:46:39 Block Report Received
2025/12/15 09:46:49 Block Report Received
2025/12/15 09:46:59 Block Report Received
2025/12/15 09:47:09 Block Report Received
2025/12/15 09:47:19 Block Report Received
2025/12/15 09:47:29 Block Report Received
2025/12/15 09:47:39 Block Report Received
2025/12/15 09:47:49 Block Report Received
2025/12/15 09:47:59 Block Report Received
2025/12/15 09:48:09 Block Report Received
2025/12/15 09:48:19 Block Report Received
2025/12/15 09:48:29 Block Report Received
2025/12/15 09:48:39 Block Report Received
2025/12/15 09:48:49 Block Report Received
2025/12/15 09:48:59 Block Report Received
2025/12/15 09:49:09 Block Report Received
2025/12/15 09:49:19 Block Report Received
2025/12/15 09:49:29 Block Report Received
2025/12/15 09:49:39 Block Report Received
2025/12/15 09:49:49 Block Report Received
2025/12/15 09:49:59 Block Report Received
2025/12/15 09:50:09 Block Report Received
2025/12/15 09:50:19 Block Report Received
2025/12/15 09:50:29 Block Report Received
2025/12/15 09:50:39 Block Report Received
2025/12/15 09:50:49 Block Report Received
2025/12/15 09:50:59 Block Report Received
2025/12/15 09:51:09 Block Report Received
2025/12/15 09:51:19 Block Report Received
2025/12/15 09:51:29 Block Report Received
2025/12/15 09:51:39 Block Report Received
2025/12/15 09:51:49 Block Report Received
2025/12/15 09:51:59 Block Report Received
2025/12/15 09:52:09 Block Report Received
2025/12/15 09:52:19 Block Report Received
2025/12/15 09:52:29 Block Report Received
2025/12/15 09:52:39 Block Report Received
2025/12/15 09:52:49 Block Report Received
2025/12/15 09:52:59 Block Report Received
2025/12/15 09:53:09 Block Report Received
2025/12/15 09:53:19 Block Report Received
2025/12/15 09:53:29 Block Report Received
2025/12/15 09:53:39 Block Report Received
2025/12/15 09:53:49 Block Report Received
2025/12/15 09:53:59 Block Report Received
2025/12/15 09:54:09 Block Report Received
2025/12/15 09:54:19 Block Report Received
2025/12/15 09:54:29 Block Report Received
2025/12/15 09:54:39 Block Report Received
2025/12/15 09:54:49 Block Report Received
2025/12/15 09:54:59 Block Report Received
2025/12/15 09:55:09 Block Report Received
2025/12/15 09:55:19 Block Report Received
2025/12/15 09:55:29 Block Report Received
2025/12/15 09:55:39 Block Report Received
2025/12/15 09:55:49 Block Report Received
2025/12/15 09:55:59 Block Report Received
2025/12/15 09:56:09 Block Report Received
2025/12/15 09:56:19 Block Report Received
2025/12/15 09:56:29 Block Report Received
2025/12/15 09:56:39 Block Report Received
2025/12/15 09:56:49 Block Report Received
2025/12/15 09:56:59 Block Report Received
2025/12/15 09:57:09 Block Report Received
2025/12/15 09:57:19 Block Report Received
2025/12/15 09:57:29 Block Report Received
2025/12/15 09:57:39 Block Report Received
2025/12/15 09:57:49 Block Report Received
2025/12/15 09:57:59 Block Report Received
2025/12/15 09:58:09 Block Report Received
2025/12/15 09:58:19 Block Report Received
2025/12/15 09:58:29 Block Report Received
2025/12/15 09:58:39 Block Report Received
2025/12/15 09:58:49 Block Report Received
2025/12/15 09:58:59 Block Report Received
2025/12/15 09:59:09 Block Report Received
2025/12/15 09:59:19 Block Report Received
2025/12/15 09:59:29 Block Report Received
2025/12/15 09:59:39 Block Report Received
2025/12/15 09:59:49 Block Report Received
2025/12/15 09:59:59 Block Report Received
2025/12/15 10:00:09 Block Report Received
2025/12/15 10:00:19 Block Report Received
2025/12/15 10:00:29 Block Report Received
2025/12/15 10:00:39 Block Report Received
2025/12/15 10:00:49 Block Report Received
2025/12/15 10:00:59 Block Report Received
2025/12/15 10:01:09 Block Report Received
2025/12/15 10:01:19 Block Report Received
2025/12/15 10:01:29 Block Report Received
2025/12/15 10:01:39 Block Report Received
2025/12/15 10:01:49 Block Report Received
2025/12/15 10:01:59 Block Report Received
2025/12/15 10:02:09 Block Report Received
2025/12/15 10:02:19 Block Report Received
2025/12/15 10:02:29 Block Report Received
2025/12/15 10:02:39 Block Report Received
2025/12/15 10:02:49 Block Report Received
2025/12/15 10:02:59 Block Report Received
2025/12/15 10:03:09 Block Report Received
2025/12/15 10:03:19 Block Report Received
2025/12/15 10:03:29 Block Report Received
2025/12/15 10:03:39 Block Report Received
2025/12/15 10:03:49 Block Report Received
2025/12/15 10:03:59 Block Report Received
2025/12/15 10:04:09 Block Report Received
2025/12/15 10:04:19 Block Report Received
2025/12/15 10:04:29 Block Report Received
2025/12/15 10:04:39 Block Report Received
2025/12/15 10:04:49 Block Report Received
2025/12/15 10:04:59 Block Report Received
2025/12/15 10:05:09 Block Report Received
2025/12/15 10:05:19 Block Report Received
2025/12/15 10:05:29 Block Report Received
2025/12/15 10:05:39 Block Report Received
2025/12/15 10:05:49 Block Report Received
2025/12/15 10:05:59 Block Report Received
2025/12/15 10:06:09 Block Report Received
2025/12/15 10:06:19 Block Report Received
2025/12/15 10:06:29 Block Report Received
2025/12/15 10:06:39 Block Report Received
2025/12/15 10:06:49 Block Report Received
2025/12/15 10:06:59 Block Report Received
2025/12/15 10:07:09 Block Report Received
2025/12/15 10:07:19 Block Report Received
2025/12/15 10:07:29 Block Report Received
2025/12/15 10:07:39 Block Report Received
2025/12/15 10:07:49 Block Report Received
2025/12/15 10:07:59 Block Report Received
2025/12/15 10:08:09 Block Report Received
2025/12/15 10:08:19 Block Report Received
2025/12/15 10:08:29 Block Report Received
2025/12/15 10:08:39 Block Report Received
2025/12/15 10:08:49 Block Report Received
2025/12/15 10:08:59 Block Report Received
2025/12/15 10:09:09 Block Report Received
2025/12/15 10:09:19 Block Report Received
2025/12/15 10:09:29 Block Report Received
2025/12/15 10:09:39 Block Report Received
2025/12/15 10:09:49 Block Report Received
2025/12/15 10:09:59 Block Report Received
2025/12/15 10:10:09 Block Report Received
2025/12/15 10:10:19 Block Report Received
2025/12/15 10:10:29 Block Report Received
2025/12/15 10:10:39 Block Report Received
2025/12/15 10:10:49 Block Report Received
2025/12/15 10:10:59 Block Report Received
