2025/12/03 14:38:42 Loaded existing DataNode ID: 3d5e04d4-db7f-4080-952c-87f5c85e84af
2025/12/03 14:38:42 ✅ DataNode 3d5e04d4-db7f-4080-952c-87f5c85e84af initialized at datanode-files/port_8003/3d5e04d4-db7f-4080-952c-87f5c85e84af, found 1453 blocks
2025/12/03 14:38:42 ✅ Connected to primary NameNode at localhost:8080
2025/12/03 14:38:42 🔗 DataNode connected to NameNode at localhost:8080
2025/12/03 14:38:42 🧩 DataNode 3d5e04d4-db7f-4080-952c-87f5c85e84af registration status: Registered
2025/12/03 14:38:42 🔄 Auto-reconnect monitoring started
2025/12/03 14:38:42 Datanode with id = 3d5e04d4-db7f-4080-952c-87f5c85e84af is listening on port :8003
2025/12/03 14:38:52 Block Report Received
2025/12/03 14:39:02 ⚠️  Failed to send block report: rpc error: code = Unavailable desc = connection error: desc = "transport: Error while dialing: dial tcp 127.0.0.1:8080: connect: connection refused"
2025/12/03 14:39:02 ⚠️  Connection to NameNode lost: rpc error: code = Unavailable desc = connection error: desc = "transport: Error while dialing: dial tcp 127.0.0.1:8080: connect: connection refused"
2025/12/03 14:39:02 🔄 Attempting to reconnect...
2025/12/03 14:39:06 ⚠️  Primary NameNode localhost:8080 unavailable, trying alternates...
2025/12/03 14:39:06 ✅ Connected to NameNode at localhost:8081
2025/12/03 14:39:06 ✅ Reconnected to NameNode at localhost:8081
2025/12/03 14:39:06 🧩 DataNode 3d5e04d4-db7f-4080-952c-87f5c85e84af registration status: Registered
2025/12/03 14:39:06 🔄 Block report restarted
2025/12/03 14:39:16 Block Report Received
2025/12/03 14:39:26 Block Report Received
2025/12/03 14:39:36 Block Report Received
2025/12/03 14:39:46 Block Report Received
2025/12/03 14:39:56 Block Report Received
2025/12/03 14:40:06 Block Report Received
2025/12/03 14:40:16 Block Report Received
2025/12/03 14:40:26 Block Report Received
2025/12/03 14:40:36 Block Report Received
2025/12/03 14:40:46 Block Report Received
2025/12/03 14:40:56 Block Report Received
2025/12/03 14:41:06 Block Report Received
2025/12/03 14:41:16 Block Report Received
2025/12/03 14:41:26 Block Report Received
2025/12/03 14:41:36 Block Report Received
2025/12/03 14:41:46 Block Report Received
2025/12/03 14:41:56 Block Report Received
2025/12/03 14:42:06 Block Report Received
2025/12/03 14:42:16 Block Report Received
2025/12/03 14:42:26 Block Report Received
2025/12/03 14:42:36 Block Report Received
2025/12/03 14:42:46 Block Report Received
2025/12/03 14:42:56 Block Report Received
2025/12/03 14:43:06 Block Report Received
2025/12/03 14:43:16 Block Report Received
2025/12/03 14:43:26 Block Report Received
2025/12/03 14:43:36 Block Report Received
2025/12/03 14:43:46 Block Report Received
2025/12/03 14:43:56 Block Report Received
2025/12/03 14:44:06 Block Report Received
2025/12/03 14:44:16 Block Report Received
2025/12/03 14:44:26 Block Report Received
2025/12/03 14:44:36 Block Report Received
2025/12/03 14:44:46 Block Report Received
2025/12/03 14:44:56 Block Report Received
2025/12/03 14:45:06 Block Report Received
2025/12/03 14:45:16 Block Report Received
2025/12/03 14:45:26 Block Report Received
2025/12/03 14:45:36 Block Report Received
2025/12/03 14:45:46 Block Report Received
2025/12/03 14:45:56 Block Report Received
2025/12/03 14:46:06 Block Report Received
2025/12/03 14:46:16 Block Report Received
2025/12/03 14:46:26 Block Report Received
2025/12/03 14:46:36 Block Report Received
2025/12/03 14:46:46 Block Report Received
2025/12/03 14:46:56 Block Report Received
2025/12/03 14:47:06 Block Report Received
2025/12/03 14:47:16 Block Report Received
2025/12/03 14:47:26 Block Report Received
2025/12/03 14:47:36 Block Report Received
2025/12/03 14:47:46 Block Report Received
2025/12/03 14:47:56 Block Report Received
2025/12/03 14:48:06 Block Report Received
2025/12/03 14:48:16 Block Report Received
2025/12/03 14:48:26 Block Report Received
2025/12/03 14:48:36 Block Report Received
2025/12/03 14:48:46 Block Report Received
2025/12/03 14:48:56 Block Report Received
2025/12/03 14:49:06 Block Report Received
2025/12/03 14:49:16 Block Report Received
2025/12/03 14:49:26 Block Report Received
2025/12/03 14:49:36 Block Report Received
2025/12/03 14:49:46 Block Report Received
2025/12/03 14:49:56 Block Report Received
2025/12/03 14:50:06 Block Report Received
2025/12/03 14:50:16 Block Report Received
2025/12/03 14:50:26 Block Report Received
2025/12/03 14:50:36 Block Report Received
2025/12/03 14:50:46 Block Report Received
2025/12/03 14:50:56 Block Report Received
2025/12/03 14:51:06 Block Report Received
2025/12/03 14:51:16 Block Report Received
2025/12/03 14:51:26 Block Report Received
2025/12/03 14:51:36 Block Report Received
2025/12/03 14:51:46 Block Report Received
2025/12/03 14:51:56 Block Report Received
2025/12/03 14:52:06 Block Report Received
2025/12/03 14:52:16 Block Report Received
2025/12/03 14:52:26 Block Report Received
2025/12/03 14:52:36 Block Report Received
2025/12/03 14:52:46 Block Report Received
2025/12/03 14:52:56 Block Report Received
2025/12/03 14:53:06 Block Report Received
2025/12/03 14:53:16 Block Report Received
2025/12/03 14:53:26 Block Report Received
2025/12/03 14:53:36 Block Report Received
2025/12/03 14:53:46 Block Report Received
2025/12/03 14:53:56 Block Report Received
2025/12/03 14:54:06 Block Report Received
2025/12/03 14:54:16 Block Report Received
2025/12/03 14:54:26 Block Report Received
2025/12/03 14:54:37 Block Report Received
2025/12/03 14:54:46 Block Report Received
2025/12/03 14:54:56 Block Report Received
2025/12/03 14:55:06 Block Report Received
2025/12/03 14:55:16 Block Report Received
2025/12/03 14:55:26 Block Report Received
2025/12/03 14:55:36 Block Report Received
2025/12/03 14:55:46 Block Report Received
2025/12/03 14:55:56 Block Report Received
2025/12/03 14:56:06 Block Report Received
2025/12/03 14:56:16 Block Report Received
2025/12/03 14:56:26 Block Report Received
2025/12/03 14:56:36 Block Report Received
2025/12/03 14:56:46 Block Report Received
2025/12/03 14:56:56 Block Report Received
2025/12/03 14:57:06 Block Report Received
2025/12/03 14:57:16 Block Report Received
2025/12/03 14:57:26 Block Report Received
2025/12/03 14:57:36 Block Report Received
2025/12/03 14:57:46 Block Report Received
2025/12/03 14:57:56 Block Report Received
2025/12/03 14:58:06 Block Report Received
2025/12/03 14:58:16 Block Report Received
2025/12/03 14:58:26 Block Report Received
2025/12/03 14:58:36 Block Report Received
2025/12/03 14:58:46 Block Report Received
2025/12/03 14:58:56 Block Report Received
2025/12/03 14:59:06 Block Report Received
2025/12/03 14:59:16 Block Report Received
2025/12/03 14:59:26 Block Report Received
2025/12/03 14:59:36 Block Report Received
2025/12/03 14:59:46 Block Report Received
2025/12/03 14:59:56 Block Report Received
2025/12/03 15:00:06 Block Report Received
2025/12/03 15:00:16 Block Report Received
2025/12/03 15:00:26 Block Report Received
2025/12/03 15:00:36 Block Report Received
2025/12/03 15:00:46 Block Report Received
2025/12/03 15:00:56 Block Report Received
2025/12/03 15:01:06 Block Report Received
2025/12/03 15:01:16 Block Report Received
2025/12/03 15:01:26 Block Report Received
2025/12/03 15:01:36 Block Report Received
2025/12/03 15:01:46 Block Report Received
2025/12/03 15:01:56 Block Report Received
2025/12/03 15:02:06 Block Report Received
2025/12/03 15:02:16 Block Report Received
2025/12/03 15:02:26 Block Report Received
2025/12/03 15:02:36 Block Report Received
2025/12/03 15:02:46 Block Report Received
2025/12/03 15:02:56 Block Report Received
2025/12/03 15:03:06 Block Report Received
2025/12/03 15:03:16 Block Report Received
2025/12/03 15:03:26 Block Report Received
2025/12/03 15:03:36 Block Report Received
2025/12/03 15:03:46 Block Report Received
2025/12/03 15:03:56 Block Report Received
2025/12/03 15:04:06 Block Report Received
2025/12/03 15:04:16 Block Report Received
2025/12/03 15:04:26 Block Report Received
2025/12/03 15:04:36 Block Report Received
2025/12/03 15:04:46 Block Report Received
2025/12/03 15:04:56 Block Report Received
2025/12/03 15:05:06 Block Report Received
2025/12/03 15:05:16 Block Report Received
2025/12/03 15:05:26 Block Report Received
2025/12/03 15:05:36 Block Report Received
2025/12/03 15:05:46 Block Report Received
2025/12/03 15:05:56 Block Report Received
2025/12/03 15:06:06 Block Report Received
2025/12/03 15:06:16 Block Report Received
2025/12/03 15:06:26 Block Report Received
2025/12/03 15:06:36 Block Report Received
2025/12/03 15:07:13 Block Report Received
2025/12/03 15:07:20 Block Report Received
2025/12/03 15:07:27 Block Report Received
2025/12/03 15:07:44 Block Report Received
2025/12/03 15:07:55 Block Report Received
2025/12/03 15:07:56 Block Report Received
2025/12/03 15:08:06 Block Report Received
2025/12/03 15:08:16 Block Report Received
2025/12/03 15:08:26 Block Report Received
2025/12/03 15:08:36 Block Report Received
2025/12/03 15:08:46 Block Report Received
2025/12/03 15:08:56 Block Report Received
2025/12/03 15:09:06 Block Report Received
2025/12/03 15:09:16 Block Report Received
2025/12/03 15:09:26 Block Report Received
2025/12/03 15:09:36 Block Report Received
2025/12/03 15:09:46 Block Report Received
2025/12/03 15:09:56 Block Report Received
2025/12/03 15:10:06 Block Report Received
2025/12/03 15:10:16 Block Report Received
2025/12/03 15:10:26 Block Report Received
2025/12/03 15:10:36 Block Report Received
2025/12/03 15:10:46 Block Report Received
2025/12/03 15:10:56 Block Report Received
2025/12/03 15:11:06 Block Report Received
2025/12/03 15:11:16 Block Report Received
2025/12/03 15:11:26 Block Report Received
2025/12/03 15:11:36 Block Report Received
2025/12/03 15:11:46 Block Report Received
2025/12/03 15:11:56 Block Report Received
2025/12/03 15:12:06 Block Report Received
2025/12/03 15:12:16 Block Report Received
2025/12/03 15:12:26 Block Report Received
2025/12/03 15:12:36 Block Report Received
2025/12/03 15:12:46 Block Report Received
2025/12/03 15:12:56 Block Report Received
2025/12/03 15:13:06 Block Report Received
2025/12/03 15:13:16 Block Report Received
2025/12/03 15:13:26 Block Report Received
2025/12/03 15:13:36 Block Report Received
2025/12/03 15:13:46 Block Report Received
2025/12/03 15:13:56 Block Report Received
2025/12/03 15:14:06 Block Report Received
2025/12/03 15:14:16 Block Report Received
2025/12/03 15:14:26 Block Report Received
2025/12/03 15:14:36 Block Report Received
2025/12/03 15:14:46 Block Report Received
2025/12/03 15:14:56 Block Report Received
2025/12/03 15:15:06 Block Report Received
2025/12/03 15:15:16 Block Report Received
2025/12/03 15:15:26 Block Report Received
2025/12/03 15:15:36 Block Report Received
2025/12/03 15:15:46 Block Report Received
2025/12/03 15:15:56 Block Report Received
2025/12/03 15:16:06 Block Report Received
2025/12/03 15:16:16 Block Report Received
2025/12/03 15:16:26 Block Report Received
2025/12/03 15:16:36 Block Report Received
2025/12/03 15:16:46 Block Report Received
2025/12/03 15:16:56 Block Report Received
2025/12/03 15:17:06 Block Report Received
2025/12/03 15:17:16 Block Report Received
2025/12/03 15:17:26 Block Report Received
2025/12/03 15:17:36 Block Report Received
2025/12/03 15:17:46 Block Report Received
2025/12/03 15:17:56 Block Report Received
2025/12/03 15:18:06 Block Report Received
2025/12/03 15:18:16 Block Report Received
2025/12/03 15:18:26 Block Report Received
2025/12/03 15:18:36 Block Report Received
2025/12/03 15:18:46 Block Report Received
2025/12/03 15:18:56 Block Report Received
2025/12/03 15:19:06 Block Report Received
2025/12/03 15:19:16 Block Report Received
2025/12/03 15:19:26 Block Report Received
2025/12/03 15:19:36 Block Report Received
2025/12/03 15:19:46 Block Report Received
2025/12/03 15:19:56 Block Report Received
2025/12/03 15:20:06 Block Report Received
2025/12/03 15:20:16 Block Report Received
2025/12/03 15:20:26 Block Report Received
2025/12/03 15:20:36 Block Report Received
2025/12/03 15:20:46 Block Report Received
2025/12/03 15:20:56 Block Report Received
2025/12/03 15:21:06 Block Report Received
2025/12/03 15:21:16 Block Report Received
2025/12/03 15:21:26 Block Report Received
2025/12/03 15:21:36 Block Report Received
2025/12/03 15:21:46 Block Report Received
2025/12/03 15:21:56 Block Report Received
2025/12/03 15:22:06 Block Report Received
2025/12/03 15:22:16 Block Report Received
2025/12/03 15:22:26 Block Report Received
2025/12/03 15:22:36 Block Report Received
2025/12/03 15:22:46 Block Report Received
2025/12/03 15:22:56 Block Report Received
2025/12/03 15:23:06 Block Report Received
2025/12/03 15:23:16 Block Report Received
2025/12/03 15:23:26 Block Report Received
2025/12/03 15:23:36 Block Report Received
2025/12/03 15:23:46 Block Report Received
2025/12/03 15:23:56 Block Report Received
2025/12/03 15:24:06 Block Report Received
2025/12/03 15:24:16 Block Report Received
2025/12/03 15:24:26 Block Report Received
2025/12/03 15:24:36 Block Report Received
2025/12/03 15:24:46 Block Report Received
2025/12/03 15:24:56 Block Report Received
2025/12/03 15:25:06 Block Report Received
2025/12/03 15:25:16 Block Report Received
2025/12/03 15:25:26 Block Report Received
2025/12/03 15:25:36 Block Report Received
2025/12/03 15:25:46 Block Report Received
2025/12/03 15:25:56 Block Report Received
2025/12/03 15:26:06 Block Report Received
2025/12/03 15:26:16 Block Report Received
2025/12/03 15:26:26 Block Report Received
2025/12/03 15:26:36 Block Report Received
2025/12/03 15:26:46 Block Report Received
2025/12/03 15:26:56 Block Report Received
2025/12/03 15:27:06 Block Report Received
2025/12/03 15:27:16 Block Report Received
2025/12/03 15:27:26 Block Report Received
2025/12/03 15:27:36 Block Report Received
2025/12/03 15:27:46 Block Report Received
2025/12/03 15:27:56 Block Report Received
2025/12/03 15:28:06 Block Report Received
2025/12/03 15:28:16 Block Report Received
2025/12/03 15:28:26 Block Report Received
2025/12/03 15:28:36 Block Report Received
2025/12/03 15:28:46 Block Report Received
2025/12/03 15:28:56 Block Report Received
2025/12/03 15:29:07 Block Report Received
2025/12/03 15:29:17 Block Report Received
2025/12/03 15:29:26 Block Report Received
2025/12/03 15:29:36 Block Report Received
2025/12/03 15:29:46 Block Report Received
2025/12/03 15:29:56 Block Report Received
2025/12/03 15:30:06 Block Report Received
2025/12/03 15:30:16 Block Report Received
2025/12/03 15:30:26 Block Report Received
2025/12/03 15:30:36 Block Report Received
2025/12/03 15:30:46 Block Report Received
2025/12/03 15:30:56 Block Report Received
2025/12/03 15:31:06 Block Report Received
2025/12/03 15:31:16 Block Report Received
2025/12/03 15:31:26 Block Report Received
2025/12/03 15:31:36 Block Report Received
2025/12/03 15:31:46 Block Report Received
2025/12/03 15:31:56 Block Report Received
2025/12/03 15:32:06 Block Report Received
2025/12/03 15:32:16 Block Report Received
2025/12/03 15:32:26 Block Report Received
2025/12/03 15:32:36 Block Report Received
2025/12/03 15:32:46 Block Report Received
2025/12/03 15:32:56 Block Report Received
2025/12/03 15:33:06 Block Report Received
2025/12/03 15:33:16 Block Report Received
2025/12/03 15:33:26 Block Report Received
2025/12/03 15:33:36 Block Report Received
2025/12/03 15:33:46 Block Report Received
2025/12/03 15:33:56 Block Report Received
2025/12/03 15:34:06 Block Report Received
2025/12/03 15:34:16 Block Report Received
2025/12/03 15:34:26 Block Report Received
2025/12/03 15:34:36 Block Report Received
2025/12/03 15:34:46 Block Report Received
2025/12/03 15:34:56 Block Report Received
2025/12/03 15:35:06 Block Report Received
2025/12/03 15:35:16 Block Report Received
2025/12/03 15:35:26 Block Report Received
2025/12/03 15:35:36 Block Report Received
2025/12/03 15:35:46 Block Report Received
2025/12/03 15:35:56 Block Report Received
2025/12/03 15:36:06 Block Report Received
2025/12/03 15:36:16 Block Report Received
2025/12/03 15:36:26 Block Report Received
2025/12/03 15:36:36 Block Report Received
2025/12/03 15:36:46 Block Report Received
2025/12/03 15:36:56 Block Report Received
2025/12/03 15:37:06 Block Report Received
2025/12/03 15:37:16 Block Report Received
2025/12/03 15:37:26 Block Report Received
2025/12/03 15:37:36 Block Report Received
2025/12/03 15:37:46 Block Report Received
2025/12/03 15:37:56 Block Report Received
2025/12/03 15:38:06 Block Report Received
2025/12/03 15:38:16 Block Report Received
2025/12/03 15:38:26 Block Report Received
2025/12/03 15:38:36 Block Report Received
2025/12/03 15:38:46 Block Report Received
2025/12/03 15:38:56 Block Report Received
2025/12/03 15:39:06 Block Report Received
2025/12/03 15:39:16 Block Report Received
2025/12/03 15:39:26 Block Report Received
2025/12/03 15:39:36 Block Report Received
2025/12/03 15:39:46 Block Report Received
2025/12/03 15:39:56 Block Report Received
2025/12/03 15:40:06 Block Report Received
2025/12/03 15:40:16 Block Report Received
2025/12/03 15:40:26 Block Report Received
2025/12/03 15:40:36 Block Report Received
2025/12/03 15:40:46 Block Report Received
2025/12/03 15:40:56 Block Report Received
2025/12/03 15:41:06 Block Report Received
2025/12/03 15:41:16 Block Report Received
2025/12/03 15:41:26 Block Report Received
2025/12/03 15:41:36 Block Report Received
2025/12/03 15:41:46 Block Report Received
2025/12/03 15:41:56 Block Report Received
2025/12/03 15:42:06 Block Report Received
2025/12/03 15:42:16 Block Report Received
2025/12/03 15:42:26 Block Report Received
2025/12/03 15:42:36 Block Report Received
2025/12/03 15:42:46 Block Report Received
2025/12/03 15:42:56 Block Report Received
2025/12/03 15:43:06 Block Report Received
2025/12/03 15:43:16 Block Report Received
2025/12/03 15:43:26 Block Report Received
2025/12/03 15:43:36 Block Report Received
2025/12/03 15:43:46 Block Report Received
2025/12/03 15:43:56 Block Report Received
2025/12/03 15:44:06 Block Report Received
2025/12/03 15:44:16 Block Report Received
2025/12/03 15:44:26 Block Report Received
2025/12/03 15:44:36 Block Report Received
2025/12/03 15:44:46 Block Report Received
2025/12/03 15:44:56 Block Report Received
2025/12/03 15:45:06 Block Report Received
2025/12/03 15:45:16 Block Report Received
2025/12/03 15:45:26 Block Report Received
2025/12/03 15:45:36 Block Report Received
2025/12/03 15:45:46 Block Report Received
2025/12/03 15:45:56 Block Report Received
2025/12/03 15:46:06 Block Report Received
2025/12/03 15:46:16 Block Report Received
2025/12/03 15:46:26 Block Report Received
2025/12/03 15:46:36 Block Report Received
2025/12/03 15:46:46 Block Report Received
2025/12/03 15:46:56 Block Report Received
2025/12/03 15:47:06 Block Report Received
2025/12/03 15:47:16 Block Report Received
2025/12/03 15:47:26 Block Report Received
2025/12/03 15:47:36 Block Report Received
2025/12/03 15:47:46 Block Report Received
2025/12/03 15:47:56 Block Report Received
2025/12/03 15:48:06 Block Report Received
2025/12/03 15:48:16 Block Report Received
2025/12/03 15:48:26 Block Report Received
2025/12/03 15:48:36 Block Report Received
2025/12/03 15:48:46 Block Report Received
2025/12/03 15:48:56 Block Report Received
2025/12/03 15:49:06 Block Report Received
2025/12/03 15:49:16 Block Report Received
2025/12/03 15:49:26 Block Report Received
2025/12/03 15:49:36 Block Report Received
2025/12/03 15:49:46 Block Report Received
2025/12/03 15:49:56 Block Report Received
2025/12/03 15:50:06 Block Report Received
2025/12/03 15:50:16 Block Report Received
2025/12/03 15:50:26 Block Report Received
2025/12/03 15:50:36 Block Report Received
2025/12/03 15:50:46 Block Report Received
2025/12/03 15:50:56 Block Report Received
2025/12/03 15:51:06 Block Report Received
2025/12/03 15:51:16 Block Report Received
2025/12/03 15:51:26 Block Report Received
2025/12/03 15:51:36 Block Report Received
2025/12/03 15:51:46 Block Report Received
2025/12/03 15:51:56 Block Report Received
2025/12/03 15:52:06 Block Report Received
2025/12/03 15:52:16 Block Report Received
2025/12/03 15:52:26 Block Report Received
2025/12/03 15:52:36 Block Report Received
2025/12/03 15:52:46 Block Report Received
2025/12/03 15:52:56 Block Report Received
2025/12/03 15:53:06 Block Report Received
2025/12/03 15:53:16 Block Report Received
2025/12/03 15:53:26 Block Report Received
2025/12/03 15:53:36 Block Report Received
2025/12/03 15:53:46 Block Report Received
2025/12/03 15:53:56 Block Report Received
2025/12/03 15:54:06 Block Report Received
2025/12/03 15:54:16 Block Report Received
2025/12/03 15:54:26 Block Report Received
2025/12/03 15:54:36 Block Report Received
2025/12/03 15:54:46 Block Report Received
2025/12/03 15:54:56 Block Report Received
2025/12/03 15:55:06 Block Report Received
2025/12/03 15:55:16 Block Report Received
2025/12/03 15:55:26 Block Report Received
2025/12/03 15:55:36 Block Report Received
2025/12/03 15:55:46 Block Report Received
2025/12/03 15:55:56 Block Report Received
2025/12/03 15:56:06 Block Report Received
2025/12/03 15:56:16 Block Report Received
2025/12/03 15:56:26 Block Report Received
2025/12/03 15:56:36 Block Report Received
2025/12/03 15:56:46 Block Report Received
2025/12/03 15:56:56 Block Report Received
2025/12/03 15:57:06 Block Report Received
2025/12/03 15:57:16 Block Report Received
2025/12/03 15:57:26 Block Report Received
2025/12/03 15:57:36 Block Report Received
2025/12/03 15:57:46 Block Report Received
2025/12/03 15:57:56 Block Report Received
2025/12/03 15:58:06 Block Report Received
2025/12/03 15:58:16 Block Report Received
2025/12/03 15:58:26 Block Report Received
2025/12/03 15:58:36 Block Report Received
2025/12/03 15:58:46 Block Report Received
2025/12/03 15:58:56 Block Report Received
2025/12/03 15:59:06 Block Report Received
2025/12/03 15:59:16 Block Report Received
2025/12/03 15:59:26 Block Report Received
2025/12/03 15:59:36 Block Report Received
2025/12/03 15:59:46 Block Report Received
2025/12/03 20:50:56 Block Report Received
2025/12/03 20:51:03 Block Report Received
2025/12/03 20:51:13 Block Report Received
2025/12/03 20:51:23 Block Report Received
2025/12/03 20:51:31 Block Report Received
2025/12/03 20:51:41 Block Report Received
2025/12/03 20:51:51 Block Report Received
2025/12/03 20:52:01 Block Report Received
2025/12/03 20:52:13 Block Report Received
2025/12/03 20:52:23 Block Report Received
2025/12/03 20:52:33 Block Report Received
2025/12/03 20:52:43 Block Report Received
2025/12/03 20:52:53 Block Report Received
2025/12/03 20:53:03 Block Report Received
2025/12/03 20:53:13 Block Report Received
2025/12/03 20:53:23 Block Report Received
2025/12/03 20:53:33 Block Report Received
2025/12/03 20:53:43 Block Report Received
2025/12/03 20:53:53 Block Report Received
2025/12/03 20:54:03 Block Report Received
2025/12/03 20:54:13 Block Report Received
2025/12/03 20:54:23 Block Report Received
2025/12/03 20:54:33 Block Report Received
2025/12/03 20:54:43 Block Report Received
2025/12/03 20:54:53 Block Report Received
2025/12/03 20:55:03 Block Report Received
2025/12/03 20:55:13 Block Report Received
2025/12/03 20:55:23 Block Report Received
2025/12/03 20:55:33 Block Report Received
2025/12/03 20:55:43 Block Report Received
2025/12/03 20:55:53 Block Report Received
2025/12/03 20:56:03 Block Report Received
2025/12/03 20:56:13 Block Report Received
2025/12/03 20:56:23 Block Report Received
2025/12/03 20:56:33 Block Report Received
2025/12/03 20:56:43 Block Report Received
2025/12/03 20:56:53 Block Report Received
2025/12/03 20:57:03 Block Report Received
2025/12/03 20:57:13 Block Report Received
2025/12/03 20:57:23 Block Report Received
2025/12/03 20:57:33 Block Report Received
2025/12/03 20:57:43 Block Report Received
2025/12/03 20:57:53 Block Report Received
2025/12/03 20:58:03 Block Report Received
2025/12/03 20:58:13 Block Report Received
2025/12/03 20:58:23 Block Report Received
2025/12/03 20:58:33 Block Report Received
2025/12/03 20:58:43 Block Report Received
2025/12/03 20:58:53 Block Report Received
2025/12/03 20:59:03 Block Report Received
2025/12/03 20:59:13 Block Report Received
2025/12/03 20:59:23 Block Report Received
2025/12/03 20:59:33 Block Report Received
2025/12/03 20:59:43 Block Report Received
2025/12/03 20:59:53 Block Report Received
2025/12/03 21:00:03 Block Report Received
2025/12/03 21:00:13 Block Report Received
2025/12/03 21:00:23 Block Report Received
2025/12/03 21:00:33 Block Report Received
2025/12/03 21:00:43 Block Report Received
2025/12/03 21:00:53 Block Report Received
2025/12/03 21:01:03 Block Report Received
2025/12/03 21:01:13 Block Report Received
2025/12/03 21:01:23 Block Report Received
2025/12/03 21:01:33 Block Report Received
2025/12/03 21:01:43 Block Report Received
2025/12/03 21:01:53 Block Report Received
2025/12/03 21:02:03 Block Report Received
2025/12/03 21:02:13 Block Report Received
2025/12/03 21:02:23 Block Report Received
2025/12/03 21:02:33 Block Report Received
2025/12/03 21:02:43 Block Report Received
2025/12/03 21:02:53 Block Report Received
2025/12/03 21:03:03 Block Report Received
2025/12/03 21:03:13 Block Report Received
2025/12/03 21:03:23 Block Report Received
2025/12/03 21:03:33 Block Report Received
2025/12/03 21:03:43 Block Report Received
2025/12/03 21:03:53 Block Report Received
2025/12/03 21:04:03 Block Report Received
2025/12/03 21:04:13 Block Report Received
2025/12/03 21:04:23 Block Report Received
2025/12/03 21:04:33 Block Report Received
2025/12/03 21:04:43 Block Report Received
2025/12/03 21:04:53 Block Report Received
2025/12/03 21:05:03 Block Report Received
2025/12/03 21:05:13 Block Report Received
2025/12/03 21:05:23 Block Report Received
2025/12/03 21:05:33 Block Report Received
2025/12/03 21:05:43 Block Report Received
2025/12/03 21:05:53 Block Report Received
2025/12/03 21:06:03 Block Report Received
2025/12/03 21:06:13 Block Report Received
2025/12/03 21:06:23 Block Report Received
2025/12/03 21:06:33 Block Report Received
2025/12/03 21:06:43 Block Report Received
2025/12/03 21:06:53 Block Report Received
2025/12/03 21:07:03 Block Report Received
2025/12/03 21:07:13 Block Report Received
2025/12/03 21:07:23 Block Report Received
2025/12/03 21:07:33 Block Report Received
2025/12/03 21:07:43 Block Report Received
2025/12/03 21:07:53 Block Report Received
2025/12/03 21:08:03 Block Report Received
2025/12/03 21:08:13 Block Report Received
2025/12/03 21:08:23 Block Report Received
2025/12/03 21:08:33 Block Report Received
2025/12/03 21:08:43 Block Report Received
2025/12/03 21:08:53 Block Report Received
2025/12/03 21:09:03 Block Report Received
2025/12/03 21:09:13 Block Report Received
2025/12/03 21:09:23 Block Report Received
2025/12/03 21:09:33 Block Report Received
2025/12/03 21:09:43 Block Report Received
2025/12/03 21:09:53 Block Report Received
2025/12/03 21:10:03 Block Report Received
2025/12/03 21:10:13 Block Report Received
2025/12/03 21:10:23 Block Report Received
2025/12/03 21:10:33 Block Report Received
2025/12/03 21:10:43 Block Report Received
2025/12/03 21:10:53 Block Report Received
2025/12/03 21:11:03 Block Report Received
2025/12/03 21:11:13 Block Report Received
2025/12/03 21:11:23 Block Report Received
2025/12/03 21:11:33 Block Report Received
2025/12/03 21:11:43 Block Report Received
2025/12/03 21:11:53 Block Report Received
2025/12/03 21:12:03 Block Report Received
2025/12/03 21:12:13 Block Report Received
2025/12/03 21:12:23 Block Report Received
2025/12/03 21:12:33 Block Report Received
2025/12/03 21:12:43 Block Report Received
2025/12/03 21:12:53 Block Report Received
2025/12/03 21:13:03 Block Report Received
2025/12/03 21:13:13 Block Report Received
2025/12/03 21:13:23 Block Report Received
2025/12/03 21:13:33 Block Report Received
2025/12/03 21:13:43 Block Report Received
2025/12/03 21:13:53 Block Report Received
2025/12/03 21:14:03 Block Report Received
2025/12/03 21:14:13 Block Report Received
2025/12/03 21:14:23 Block Report Received
2025/12/03 21:14:33 Block Report Received
2025/12/03 21:14:43 Block Report Received
2025/12/03 21:14:53 Block Report Received
2025/12/03 21:15:03 Block Report Received
2025/12/03 21:15:13 Block Report Received
2025/12/03 21:15:23 Block Report Received
2025/12/03 21:15:33 Block Report Received
2025/12/03 21:15:43 Block Report Received
2025/12/03 21:15:53 Block Report Received
2025/12/03 21:16:03 Block Report Received
2025/12/03 21:16:13 Block Report Received
2025/12/03 21:16:23 Block Report Received
2025/12/03 21:16:33 Block Report Received
2025/12/03 21:16:43 Block Report Received
2025/12/03 21:16:53 Block Report Received
2025/12/03 21:17:03 Block Report Received
2025/12/03 21:17:13 Block Report Received
2025/12/03 21:17:23 Block Report Received
2025/12/03 21:17:33 Block Report Received
2025/12/03 21:17:43 Block Report Received
2025/12/03 21:17:53 Block Report Received
2025/12/03 21:18:03 Block Report Received
2025/12/03 21:18:13 Block Report Received
2025/12/03 21:18:23 Block Report Received
2025/12/03 21:18:33 Block Report Received
2025/12/03 21:18:43 Block Report Received
2025/12/03 21:18:53 Block Report Received
2025/12/03 21:19:03 Block Report Received
2025/12/03 21:19:13 Block Report Received
2025/12/03 21:19:23 Block Report Received
2025/12/03 21:19:33 Block Report Received
2025/12/03 21:19:43 Block Report Received
2025/12/03 21:19:53 Block Report Received
2025/12/03 21:20:03 Block Report Received
2025/12/03 21:20:13 Block Report Received
2025/12/03 21:20:23 Block Report Received
2025/12/03 21:20:33 Block Report Received
2025/12/03 21:20:43 Block Report Received
2025/12/03 21:20:53 Block Report Received
2025/12/03 21:21:03 Block Report Received
2025/12/03 21:21:13 Block Report Received
2025/12/03 21:21:23 Block Report Received
2025/12/03 21:21:33 Block Report Received
2025/12/03 21:21:43 Block Report Received
2025/12/03 21:21:53 Block Report Received
2025/12/03 21:22:03 Block Report Received
2025/12/03 21:22:13 Block Report Received
2025/12/03 21:22:23 Block Report Received
2025/12/03 21:22:33 Block Report Received
2025/12/03 21:22:43 Block Report Received
2025/12/03 21:22:53 Block Report Received
2025/12/03 21:23:03 Block Report Received
2025/12/03 21:23:13 Block Report Received
2025/12/03 21:23:23 Block Report Received
2025/12/03 21:23:33 Block Report Received
2025/12/03 21:23:43 Block Report Received
2025/12/03 21:23:53 Block Report Received
2025/12/03 21:24:03 Block Report Received
2025/12/03 21:24:13 Block Report Received
2025/12/03 21:24:23 Block Report Received
2025/12/03 21:24:33 Block Report Received
2025/12/03 21:24:43 Block Report Received
2025/12/03 21:24:53 Block Report Received
2025/12/03 21:25:03 Block Report Received
2025/12/03 21:25:13 Block Report Received
2025/12/03 21:25:23 Block Report Received
2025/12/03 21:25:33 Block Report Received
2025/12/03 21:25:43 Block Report Received
2025/12/03 21:25:53 Block Report Received
2025/12/03 21:26:03 Block Report Received
2025/12/03 21:26:13 Block Report Received
2025/12/03 21:26:23 Block Report Received
2025/12/03 21:26:33 Block Report Received
2025/12/03 21:26:43 Block Report Received
2025/12/03 21:26:53 Block Report Received
2025/12/03 21:27:03 Block Report Received
2025/12/03 21:27:13 Block Report Received
2025/12/03 21:27:23 Block Report Received
2025/12/03 21:27:33 Block Report Received
2025/12/03 21:27:43 Block Report Received
2025/12/03 21:27:53 Block Report Received
2025/12/03 21:28:03 Block Report Received
2025/12/03 21:28:13 Block Report Received
2025/12/03 21:28:23 Block Report Received
2025/12/03 21:28:33 Block Report Received
2025/12/03 21:28:43 Block Report Received
2025/12/03 21:28:53 Block Report Received
2025/12/03 21:29:03 Block Report Received
2025/12/03 21:29:13 Block Report Received
2025/12/03 21:29:23 Block Report Received
2025/12/03 21:29:33 Block Report Received
2025/12/03 21:29:43 Block Report Received
2025/12/03 21:29:53 Block Report Received
2025/12/03 21:30:03 Block Report Received
2025/12/03 21:30:13 Block Report Received
2025/12/03 21:30:23 Block Report Received
2025/12/03 21:30:33 Block Report Received
2025/12/03 21:30:43 Block Report Received
2025/12/03 21:30:53 Block Report Received
2025/12/03 21:31:03 Block Report Received
2025/12/03 21:31:13 Block Report Received
2025/12/03 21:31:23 Block Report Received
2025/12/03 21:31:33 Block Report Received
2025/12/03 21:31:43 Block Report Received
2025/12/03 21:31:53 Block Report Received
2025/12/03 21:32:03 Block Report Received
2025/12/03 21:32:13 Block Report Received
2025/12/03 21:32:23 Block Report Received
2025/12/03 21:32:33 Block Report Received
2025/12/03 21:32:43 Block Report Received
2025/12/03 21:32:53 Block Report Received
2025/12/03 21:33:03 Block Report Received
2025/12/03 21:33:13 Block Report Received
2025/12/03 21:33:23 Block Report Received
2025/12/03 21:33:33 Block Report Received
2025/12/03 21:33:43 Block Report Received
2025/12/03 21:33:53 Block Report Received
2025/12/03 21:34:03 Block Report Received
2025/12/03 21:34:13 Block Report Received
2025/12/03 21:34:23 Block Report Received
2025/12/03 21:34:33 Block Report Received
2025/12/03 21:34:43 Block Report Received
2025/12/03 21:34:53 Block Report Received
2025/12/03 21:35:03 Block Report Received
2025/12/03 21:35:13 Block Report Received
2025/12/03 21:35:23 Block Report Received
2025/12/03 21:35:33 Block Report Received
2025/12/03 21:35:43 Block Report Received
2025/12/03 21:35:53 Block Report Received
2025/12/03 21:36:03 Block Report Received
2025/12/03 21:36:13 Block Report Received
2025/12/03 21:36:23 Block Report Received
2025/12/03 21:36:33 Block Report Received
2025/12/03 21:36:43 Block Report Received
2025/12/03 21:36:53 Block Report Received
2025/12/03 21:37:03 Block Report Received
2025/12/03 21:37:13 Block Report Received
2025/12/03 21:37:23 Block Report Received
2025/12/03 21:37:33 Block Report Received
2025/12/03 21:37:43 Block Report Received
2025/12/03 21:37:53 Block Report Received
2025/12/03 21:38:03 Block Report Received
2025/12/03 21:38:13 Block Report Received
2025/12/03 21:38:23 Block Report Received
2025/12/03 21:38:33 Block Report Received
2025/12/03 21:38:43 Block Report Received
2025/12/03 21:38:53 Block Report Received
2025/12/03 21:39:03 Block Report Received
2025/12/03 21:39:13 Block Report Received
2025/12/03 21:39:23 Block Report Received
2025/12/03 21:39:33 Block Report Received
2025/12/03 21:39:43 Block Report Received
2025/12/03 21:39:53 Block Report Received
2025/12/03 21:40:03 Block Report Received
2025/12/03 21:40:13 Block Report Received
2025/12/03 21:40:23 Block Report Received
2025/12/03 21:40:33 Block Report Received
2025/12/03 21:40:43 Block Report Received
2025/12/03 21:40:53 Block Report Received
2025/12/03 21:41:03 Block Report Received
2025/12/03 21:41:13 Block Report Received
2025/12/03 21:41:23 Block Report Received
2025/12/03 21:41:33 Block Report Received
2025/12/03 21:41:43 Block Report Received
2025/12/03 21:41:53 Block Report Received
2025/12/03 21:42:03 Block Report Received
2025/12/03 21:42:13 Block Report Received
2025/12/03 21:42:23 Block Report Received
2025/12/03 21:42:33 Block Report Received
2025/12/03 21:42:43 Block Report Received
2025/12/03 21:42:53 Block Report Received
2025/12/03 21:43:03 Block Report Received
2025/12/03 21:43:13 Block Report Received
2025/12/03 21:43:23 Block Report Received
2025/12/03 21:43:33 Block Report Received
2025/12/03 21:43:43 Block Report Received
2025/12/03 21:43:53 Block Report Received
2025/12/03 21:44:03 Block Report Received
2025/12/03 21:44:13 Block Report Received
2025/12/03 21:44:23 Block Report Received
2025/12/03 21:44:33 Block Report Received
2025/12/03 21:44:43 Block Report Received
2025/12/03 21:44:53 Block Report Received
2025/12/03 21:45:03 Block Report Received
2025/12/03 21:45:13 Block Report Received
2025/12/03 21:45:23 Block Report Received
2025/12/03 21:45:33 Block Report Received
2025/12/03 21:45:43 Block Report Received
2025/12/03 21:45:53 Block Report Received
2025/12/03 21:46:03 Block Report Received
2025/12/03 21:46:13 Block Report Received
2025/12/03 21:46:23 Block Report Received
2025/12/03 21:46:33 Block Report Received
2025/12/03 21:46:43 Block Report Received
2025/12/03 21:46:53 Block Report Received
2025/12/03 21:47:03 Block Report Received
2025/12/03 21:47:13 Block Report Received
2025/12/03 21:47:23 Block Report Received
2025/12/03 21:47:33 Block Report Received
2025/12/03 21:47:43 Block Report Received
2025/12/03 21:47:53 Block Report Received
2025/12/03 21:48:03 Block Report Received
2025/12/03 21:48:13 Block Report Received
2025/12/03 21:48:23 Block Report Received
2025/12/03 21:48:33 Block Report Received
2025/12/03 21:48:43 Block Report Received
2025/12/03 21:48:53 Block Report Received
2025/12/03 21:49:03 Block Report Received
2025/12/03 21:49:13 Block Report Received
2025/12/03 21:49:23 Block Report Received
2025/12/03 21:49:33 Block Report Received
2025/12/03 21:49:43 Block Report Received
2025/12/03 21:49:53 Block Report Received
2025/12/03 21:50:03 Block Report Received
2025/12/03 21:50:13 Block Report Received
2025/12/03 21:50:23 Block Report Received
2025/12/03 21:50:33 Block Report Received
2025/12/03 21:50:43 Block Report Received
2025/12/03 21:50:53 Block Report Received
2025/12/03 21:51:03 Block Report Received
2025/12/03 21:51:13 Block Report Received
2025/12/03 21:51:23 Block Report Received
2025/12/03 21:51:33 Block Report Received
2025/12/03 21:51:43 Block Report Received
2025/12/03 21:51:53 Block Report Received
2025/12/03 21:52:03 Block Report Received
2025/12/03 21:52:13 Block Report Received
2025/12/03 21:52:23 Block Report Received
2025/12/03 21:52:33 Block Report Received
2025/12/03 21:52:43 Block Report Received
2025/12/03 21:52:53 Block Report Received
2025/12/03 21:53:03 Block Report Received
2025/12/03 21:53:13 Block Report Received
2025/12/03 21:53:23 Block Report Received
2025/12/03 21:53:33 Block Report Received
2025/12/03 21:53:43 Block Report Received
2025/12/03 21:53:53 Block Report Received
2025/12/03 21:54:03 Block Report Received
2025/12/03 21:54:13 Block Report Received
2025/12/03 21:54:23 Block Report Received
2025/12/03 21:54:33 Block Report Received
2025/12/03 21:54:43 Block Report Received
2025/12/03 21:54:53 Block Report Received
2025/12/03 21:55:03 Block Report Received
2025/12/03 21:55:13 Block Report Received
2025/12/03 21:55:23 Block Report Received
2025/12/03 21:55:33 Block Report Received
2025/12/03 21:55:43 Block Report Received
2025/12/03 21:55:53 Block Report Received
2025/12/03 21:56:03 Block Report Received
2025/12/03 21:56:13 Block Report Received
2025/12/03 21:56:23 Block Report Received
2025/12/03 21:56:33 Block Report Received
2025/12/03 21:56:43 Block Report Received
2025/12/03 21:56:53 Block Report Received
2025/12/03 21:57:03 Block Report Received
2025/12/03 21:57:13 Block Report Received
2025/12/03 21:57:23 Block Report Received
2025/12/03 21:57:33 Block Report Received
2025/12/03 21:57:43 Block Report Received
2025/12/03 21:57:53 Block Report Received
2025/12/03 21:58:03 Block Report Received
2025/12/03 21:58:13 Block Report Received
2025/12/03 21:58:23 Block Report Received
2025/12/03 21:58:33 Block Report Received
2025/12/03 21:58:43 Block Report Received
2025/12/03 21:58:53 Block Report Received
2025/12/03 21:59:03 Block Report Received
2025/12/03 21:59:13 Block Report Received
2025/12/03 21:59:23 Block Report Received
2025/12/03 21:59:33 Block Report Received
2025/12/03 21:59:43 Block Report Received
2025/12/03 21:59:53 Block Report Received
2025/12/03 22:00:03 Block Report Received
2025/12/03 22:00:13 Block Report Received
2025/12/03 22:00:23 Block Report Received
2025/12/03 22:00:33 Block Report Received
2025/12/03 22:00:43 Block Report Received
2025/12/03 22:00:53 Block Report Received
2025/12/03 22:01:03 Block Report Received
2025/12/03 22:01:13 Block Report Received
2025/12/03 22:01:23 Block Report Received
2025/12/03 22:01:33 Block Report Received
2025/12/03 22:01:43 Block Report Received
2025/12/03 22:01:53 Block Report Received
2025/12/03 22:02:03 Block Report Received
2025/12/03 22:02:13 Block Report Received
2025/12/03 22:02:23 Block Report Received
2025/12/03 22:02:33 Block Report Received
2025/12/03 22:02:43 Block Report Received
2025/12/03 22:02:53 Block Report Received
2025/12/03 22:03:03 Block Report Received
2025/12/03 22:03:13 Block Report Received
2025/12/03 22:03:23 Block Report Received
2025/12/03 22:03:33 Block Report Received
2025/12/03 22:03:43 Block Report Received
2025/12/03 22:03:53 Block Report Received
2025/12/03 22:04:03 Block Report Received
2025/12/03 22:04:13 Block Report Received
2025/12/03 22:04:23 Block Report Received
2025/12/03 22:04:33 Block Report Received
2025/12/03 22:04:43 Block Report Received
2025/12/03 22:04:53 Block Report Received
2025/12/03 22:05:03 Block Report Received
2025/12/03 22:05:13 Block Report Received
2025/12/03 22:05:23 Block Report Received
2025/12/03 22:05:33 Block Report Received
2025/12/03 22:05:43 Block Report Received
2025/12/03 22:05:53 Block Report Received
2025/12/03 22:06:03 Block Report Received
2025/12/03 22:06:13 Block Report Received
2025/12/03 22:06:23 Block Report Received
2025/12/03 22:06:33 Block Report Received
2025/12/03 22:06:43 Block Report Received
2025/12/03 22:06:53 Block Report Received
2025/12/03 22:07:03 Block Report Received
2025/12/03 22:07:13 Block Report Received
2025/12/03 22:07:23 Block Report Received
2025/12/03 22:07:33 Block Report Received
2025/12/03 22:07:43 Block Report Received
2025/12/03 22:07:53 Block Report Received
2025/12/03 22:08:03 Block Report Received
2025/12/03 22:08:13 Block Report Received
2025/12/03 22:08:23 Block Report Received
2025/12/03 22:08:33 Block Report Received
2025/12/03 22:08:43 Block Report Received
2025/12/03 22:08:53 Block Report Received
2025/12/03 22:09:03 Block Report Received
2025/12/03 22:09:13 Block Report Received
2025/12/03 22:09:23 Block Report Received
2025/12/03 22:09:33 Block Report Received
2025/12/03 22:09:43 Block Report Received
2025/12/03 22:09:53 Block Report Received
2025/12/03 22:10:03 Block Report Received
2025/12/03 22:10:13 Block Report Received
2025/12/03 22:10:23 Block Report Received
2025/12/03 22:10:33 Block Report Received
2025/12/03 22:10:43 Block Report Received
2025/12/03 22:10:53 Block Report Received
2025/12/03 22:11:03 Block Report Received
2025/12/03 22:11:13 Block Report Received
2025/12/03 22:11:23 Block Report Received
2025/12/03 22:11:33 Block Report Received
2025/12/03 22:11:43 Block Report Received
2025/12/03 22:11:53 Block Report Received
2025/12/03 22:12:03 Block Report Received
2025/12/03 22:12:13 Block Report Received
2025/12/03 22:12:23 Block Report Received
2025/12/03 22:12:33 Block Report Received
2025/12/03 22:12:43 Block Report Received
2025/12/03 22:12:53 Block Report Received
2025/12/03 22:13:03 Block Report Received
2025/12/03 22:13:13 Block Report Received
2025/12/03 22:13:23 Block Report Received
2025/12/03 22:13:33 Block Report Received
2025/12/03 22:13:43 Block Report Received
2025/12/03 22:13:53 Block Report Received
2025/12/03 22:14:03 Block Report Received
2025/12/03 22:14:13 Block Report Received
2025/12/03 22:14:23 Block Report Received
2025/12/03 22:14:33 Block Report Received
2025/12/03 22:14:43 Block Report Received
2025/12/03 22:14:53 Block Report Received
2025/12/03 22:15:03 Block Report Received
2025/12/03 22:15:13 Block Report Received
2025/12/03 22:15:23 Block Report Received
2025/12/03 22:15:33 Block Report Received
2025/12/03 22:15:43 Block Report Received
2025/12/03 22:15:53 Block Report Received
2025/12/03 22:16:03 Block Report Received
2025/12/03 22:16:13 Block Report Received
2025/12/03 22:16:23 Block Report Received
2025/12/03 22:16:33 Block Report Received
2025/12/03 22:16:43 Block Report Received
2025/12/03 22:16:53 Block Report Received
2025/12/03 22:17:03 Block Report Received
2025/12/03 22:17:13 Block Report Received
2025/12/03 22:17:23 Block Report Received
2025/12/03 22:17:33 Block Report Received
2025/12/03 22:17:43 Block Report Received
2025/12/03 22:17:53 Block Report Received
2025/12/03 22:18:03 Block Report Received
2025/12/03 22:18:13 Block Report Received
2025/12/03 22:18:23 Block Report Received
2025/12/03 22:18:33 Block Report Received
2025/12/03 22:18:43 Block Report Received
2025/12/03 22:18:53 Block Report Received
2025/12/03 22:19:03 Block Report Received
2025/12/03 22:19:13 Block Report Received
2025/12/03 22:19:23 Block Report Received
2025/12/03 22:19:33 Block Report Received
2025/12/03 22:19:43 Block Report Received
2025/12/03 22:19:53 Block Report Received
2025/12/03 22:20:03 Block Report Received
2025/12/03 22:20:13 Block Report Received
2025/12/03 22:20:23 Block Report Received
2025/12/03 22:20:33 Block Report Received
2025/12/03 22:20:43 Block Report Received
2025/12/03 22:20:53 Block Report Received
2025/12/03 22:21:03 Block Report Received
2025/12/03 22:21:13 Block Report Received
2025/12/03 22:21:23 Block Report Received
2025/12/03 22:21:33 Block Report Received
2025/12/03 22:21:43 Block Report Received
2025/12/03 22:21:53 Block Report Received
2025/12/03 22:22:03 Block Report Received
2025/12/03 22:22:13 Block Report Received
2025/12/03 22:22:23 Block Report Received
2025/12/03 22:22:33 Block Report Received
2025/12/03 22:22:43 Block Report Received
2025/12/03 22:22:53 Block Report Received
2025/12/03 22:23:03 Block Report Received
2025/12/03 22:23:13 Block Report Received
2025/12/03 22:23:23 Block Report Received
2025/12/03 22:23:33 Block Report Received
2025/12/03 22:23:43 Block Report Received
2025/12/03 22:23:53 Block Report Received
2025/12/03 22:24:03 Block Report Received
2025/12/03 22:24:13 Block Report Received
2025/12/03 22:24:23 Block Report Received
2025/12/03 22:24:33 Block Report Received
2025/12/03 22:24:43 Block Report Received
2025/12/03 22:24:53 Block Report Received
2025/12/03 22:25:03 Block Report Received
2025/12/03 22:25:13 Block Report Received
2025/12/03 22:25:23 Block Report Received
2025/12/03 22:25:33 Block Report Received
2025/12/03 22:25:43 Block Report Received
2025/12/03 22:25:53 Block Report Received
2025/12/03 22:26:03 Block Report Received
2025/12/03 22:26:13 Block Report Received
2025/12/03 22:26:23 Block Report Received
2025/12/03 22:26:33 Block Report Received
2025/12/03 22:26:43 Block Report Received
2025/12/03 22:26:53 Block Report Received
2025/12/03 22:27:03 Block Report Received
2025/12/03 22:27:13 Block Report Received
2025/12/03 22:27:23 Block Report Received
2025/12/03 22:27:33 Block Report Received
2025/12/03 22:27:43 Block Report Received
2025/12/03 22:27:53 Block Report Received
2025/12/03 22:28:03 Block Report Received
2025/12/03 22:28:13 Block Report Received
2025/12/03 22:28:23 Block Report Received
2025/12/03 22:28:33 Block Report Received
2025/12/03 22:28:43 Block Report Received
2025/12/03 22:28:53 Block Report Received
2025/12/03 22:29:03 Block Report Received
2025/12/03 22:29:13 Block Report Received
2025/12/03 22:29:23 Block Report Received
2025/12/03 22:29:33 Block Report Received
2025/12/03 22:29:43 Block Report Received
2025/12/03 22:29:53 Block Report Received
2025/12/03 22:30:03 Block Report Received
2025/12/03 22:30:13 Block Report Received
2025/12/03 22:30:23 Block Report Received
2025/12/03 22:30:33 Block Report Received
2025/12/03 22:30:43 Block Report Received
2025/12/03 22:30:53 Block Report Received
2025/12/03 22:31:03 Block Report Received
2025/12/03 22:31:13 Block Report Received
2025/12/03 22:31:23 Block Report Received
2025/12/03 22:31:33 Block Report Received
2025/12/03 22:31:43 Block Report Received
2025/12/03 22:31:53 Block Report Received
2025/12/03 22:32:03 Block Report Received
2025/12/03 22:32:13 Block Report Received
2025/12/03 22:32:23 Block Report Received
2025/12/03 22:32:33 Block Report Received
2025/12/03 22:32:43 Block Report Received
2025/12/03 22:32:53 Block Report Received
2025/12/03 22:33:03 Block Report Received
2025/12/03 22:33:13 Block Report Received
2025/12/03 22:33:23 Block Report Received
2025/12/03 22:33:33 Block Report Received
2025/12/03 22:33:43 Block Report Received
2025/12/03 22:33:53 Block Report Received
2025/12/03 22:34:03 Block Report Received
2025/12/03 22:34:13 Block Report Received
2025/12/03 22:34:23 Block Report Received
2025/12/03 22:34:33 Block Report Received
2025/12/03 22:34:43 Block Report Received
2025/12/03 22:34:53 Block Report Received
2025/12/03 22:35:03 Block Report Received
2025/12/03 22:35:13 Block Report Received
2025/12/03 22:35:23 Block Report Received
2025/12/03 22:35:33 Block Report Received
2025/12/03 22:35:43 Block Report Received
2025/12/03 22:35:53 Block Report Received
2025/12/03 22:36:03 Block Report Received
2025/12/03 22:36:13 Block Report Received
2025/12/03 22:36:23 Block Report Received
2025/12/03 22:36:33 Block Report Received
2025/12/03 22:36:43 Block Report Received
2025/12/03 22:36:53 Block Report Received
2025/12/03 22:37:03 Block Report Received
2025/12/03 22:37:13 Block Report Received
2025/12/03 22:37:23 Block Report Received
2025/12/03 22:37:33 Block Report Received
2025/12/03 22:37:43 Block Report Received
2025/12/03 22:37:53 Block Report Received
2025/12/03 22:38:03 Block Report Received
2025/12/03 22:38:13 Block Report Received
2025/12/03 22:38:23 Block Report Received
2025/12/03 22:38:33 Block Report Received
2025/12/03 22:38:43 Block Report Received
2025/12/03 22:38:53 Block Report Received
2025/12/03 22:39:03 Block Report Received
2025/12/03 22:39:13 Block Report Received
2025/12/03 22:39:23 Block Report Received
2025/12/03 22:39:33 Block Report Received
2025/12/03 22:39:43 Block Report Received
2025/12/03 22:39:53 Block Report Received
2025/12/03 22:40:03 Block Report Received
2025/12/03 22:40:13 Block Report Received
2025/12/03 22:40:23 Block Report Received
2025/12/03 22:40:33 Block Report Received
2025/12/03 22:40:43 Block Report Received
2025/12/03 22:40:53 Block Report Received
2025/12/03 22:41:03 Block Report Received
2025/12/03 22:41:13 Block Report Received
2025/12/03 22:41:23 Block Report Received
2025/12/03 22:41:33 Block Report Received
2025/12/03 22:41:43 Block Report Received
2025/12/03 22:41:53 Block Report Received
2025/12/03 22:42:03 Block Report Received
2025/12/03 22:42:13 Block Report Received
2025/12/03 22:42:23 Block Report Received
2025/12/03 22:42:33 Block Report Received
2025/12/03 22:42:43 Block Report Received
2025/12/03 22:42:53 Block Report Received
2025/12/03 22:43:03 Block Report Received
2025/12/03 22:43:13 Block Report Received
2025/12/03 22:43:23 Block Report Received
2025/12/03 22:43:33 Block Report Received
2025/12/03 22:43:43 Block Report Received
2025/12/03 22:43:53 Block Report Received
2025/12/03 22:44:03 Block Report Received
2025/12/03 22:44:13 Block Report Received
2025/12/03 22:44:23 Block Report Received
2025/12/03 22:44:33 Block Report Received
2025/12/03 22:44:43 Block Report Received
2025/12/03 22:44:53 Block Report Received
2025/12/03 22:45:03 Block Report Received
2025/12/03 22:45:13 Block Report Received
2025/12/03 22:45:23 Block Report Received
2025/12/03 22:45:33 Block Report Received
2025/12/03 22:45:43 Block Report Received
2025/12/03 22:45:53 Block Report Received
2025/12/03 22:46:03 Block Report Received
2025/12/03 22:46:13 Block Report Received
2025/12/03 22:46:23 Block Report Received
2025/12/03 22:46:33 Block Report Received
2025/12/03 22:46:43 Block Report Received
2025/12/03 22:46:53 Block Report Received
2025/12/03 22:47:03 Block Report Received
2025/12/03 22:47:13 Block Report Received
2025/12/03 22:47:23 Block Report Received
2025/12/03 22:47:33 Block Report Received
2025/12/03 22:47:43 Block Report Received
2025/12/03 22:47:53 Block Report Received
2025/12/03 22:48:03 Block Report Received
2025/12/03 22:48:13 Block Report Received
2025/12/03 22:48:23 Block Report Received
2025/12/03 22:48:33 Block Report Received
2025/12/03 22:48:43 Block Report Received
2025/12/03 22:48:53 Block Report Received
2025/12/03 22:49:03 Block Report Received
2025/12/03 22:49:13 Block Report Received
2025/12/03 22:49:23 Block Report Received
2025/12/03 22:49:33 Block Report Received
2025/12/03 22:49:43 Block Report Received
2025/12/03 22:49:53 Block Report Received
2025/12/03 22:50:03 Block Report Received
2025/12/03 22:50:13 Block Report Received
2025/12/03 22:50:23 Block Report Received
2025/12/03 22:50:33 Block Report Received
2025/12/03 22:50:43 Block Report Received
2025/12/03 22:50:53 Block Report Received
2025/12/03 22:51:03 Block Report Received
2025/12/03 22:51:13 Block Report Received
2025/12/03 22:51:23 Block Report Received
2025/12/03 22:51:33 Block Report Received
2025/12/03 22:51:43 Block Report Received
2025/12/03 22:51:53 Block Report Received
2025/12/03 22:52:03 Block Report Received
2025/12/03 22:52:13 Block Report Received
2025/12/03 22:52:24 Block Report Received
2025/12/03 22:52:34 Block Report Received
2025/12/03 22:52:48 Block Report Received
2025/12/03 22:52:54 Block Report Received
2025/12/03 22:53:05 Block Report Received
2025/12/03 22:53:17 Block Report Received
2025/12/03 22:53:24 Block Report Received
2025/12/03 22:53:34 Block Report Received
2025/12/03 22:53:46 Block Report Received
2025/12/03 22:53:53 Block Report Received
2025/12/03 22:54:07 Block Report Received
2025/12/03 22:54:14 Block Report Received
2025/12/03 22:54:23 Block Report Received
2025/12/03 22:54:33 Block Report Received
2025/12/03 22:54:43 Block Report Received
2025/12/03 22:54:53 Block Report Received
2025/12/03 22:55:03 Block Report Received
2025/12/03 22:55:14 Block Report Received
2025/12/03 22:55:25 Block Report Received
2025/12/03 22:55:33 Block Report Received
2025/12/03 22:55:43 Block Report Received
2025/12/03 22:55:56 Block Report Received
2025/12/03 22:56:03 Block Report Received
2025/12/03 22:56:13 Block Report Received
2025/12/03 22:56:23 Block Report Received
2025/12/03 22:56:33 Block Report Received
2025/12/03 22:56:43 Block Report Received
2025/12/03 22:56:53 Block Report Received
2025/12/03 22:57:03 Block Report Received
2025/12/03 22:57:13 Block Report Received
2025/12/03 22:57:23 Block Report Received
2025/12/03 22:57:33 Block Report Received
2025/12/03 22:57:43 Block Report Received
2025/12/03 22:57:53 Block Report Received
2025/12/03 22:58:03 Block Report Received
2025/12/03 22:58:13 Block Report Received
2025/12/03 22:58:23 Block Report Received
2025/12/03 22:58:33 Block Report Received
2025/12/03 22:58:43 Block Report Received
2025/12/03 22:58:53 Block Report Received
2025/12/03 22:59:03 Block Report Received
2025/12/03 22:59:13 Block Report Received
2025/12/03 22:59:23 Block Report Received
2025/12/03 22:59:33 Block Report Received
2025/12/03 22:59:43 Block Report Received
2025/12/03 22:59:53 Block Report Received
2025/12/03 23:00:03 Block Report Received
2025/12/03 23:00:13 Block Report Received
2025/12/03 23:00:23 Block Report Received
2025/12/03 23:00:33 Block Report Received
2025/12/03 23:00:43 Block Report Received
2025/12/03 23:00:53 Block Report Received
2025/12/03 23:01:03 Block Report Received
2025/12/03 23:01:13 Block Report Received
2025/12/03 23:01:23 Block Report Received
2025/12/03 23:01:33 Block Report Received
2025/12/03 23:01:43 Block Report Received
2025/12/03 23:01:53 Block Report Received
2025/12/03 23:02:03 Block Report Received
2025/12/03 23:02:13 Block Report Received
2025/12/03 23:02:23 Block Report Received
2025/12/03 23:02:33 Block Report Received
2025/12/03 23:02:43 Block Report Received
2025/12/03 23:02:53 Block Report Received
2025/12/03 23:03:03 Block Report Received
2025/12/03 23:03:13 Block Report Received
2025/12/03 23:03:23 Block Report Received
2025/12/03 23:03:33 Block Report Received
2025/12/03 23:03:43 Block Report Received
2025/12/03 23:03:53 Block Report Received
2025/12/03 23:04:03 Block Report Received
2025/12/03 23:04:13 Block Report Received
2025/12/03 23:04:23 Block Report Received
2025/12/03 23:04:33 Block Report Received
2025/12/03 23:04:43 Block Report Received
2025/12/03 23:04:53 Block Report Received
2025/12/03 23:05:03 Block Report Received
2025/12/03 23:05:13 Block Report Received
2025/12/03 23:05:23 Block Report Received
2025/12/03 23:05:33 Block Report Received
2025/12/03 23:05:43 Block Report Received
2025/12/03 23:05:53 Block Report Received
2025/12/03 23:06:03 Block Report Received
2025/12/03 23:06:13 Block Report Received
2025/12/03 23:06:23 Block Report Received
2025/12/03 23:06:33 Block Report Received
2025/12/03 23:06:43 Block Report Received
2025/12/03 23:06:53 Block Report Received
2025/12/03 23:07:03 Block Report Received
2025/12/03 23:07:13 Block Report Received
2025/12/03 23:07:23 Block Report Received
2025/12/03 23:07:33 Block Report Received
2025/12/03 23:07:43 Block Report Received
2025/12/03 23:07:53 Block Report Received
2025/12/03 23:08:03 Block Report Received
2025/12/03 23:08:13 Block Report Received
2025/12/03 23:08:23 Block Report Received
2025/12/03 23:08:33 Block Report Received
2025/12/03 23:08:43 Block Report Received
2025/12/03 23:08:53 Block Report Received
2025/12/03 23:09:03 Block Report Received
2025/12/03 23:09:13 Block Report Received
2025/12/03 23:09:23 Block Report Received
2025/12/03 23:09:33 Block Report Received
2025/12/03 23:09:43 Block Report Received
2025/12/03 23:09:53 Block Report Received
2025/12/03 23:10:03 Block Report Received
2025/12/03 23:10:13 Block Report Received
2025/12/03 23:10:23 Block Report Received
2025/12/03 23:10:33 Block Report Received
2025/12/03 23:10:43 Block Report Received
2025/12/03 23:10:53 Block Report Received
2025/12/03 23:11:03 Block Report Received
2025/12/03 23:11:13 Block Report Received
2025/12/03 23:11:23 Block Report Received
2025/12/03 23:11:33 Block Report Received
2025/12/03 23:11:43 Block Report Received
2025/12/03 23:11:53 Block Report Received
2025/12/03 23:12:03 Block Report Received
2025/12/03 23:12:13 Block Report Received
2025/12/03 23:12:23 Block Report Received
2025/12/03 23:12:33 Block Report Received
2025/12/03 23:12:43 Block Report Received
2025/12/03 23:12:53 Block Report Received
2025/12/03 23:13:03 Block Report Received
2025/12/03 23:13:13 Block Report Received
2025/12/03 23:13:23 Block Report Received
2025/12/03 23:13:33 Block Report Received
2025/12/03 23:13:43 Block Report Received
2025/12/03 23:13:53 Block Report Received
2025/12/03 23:14:03 Block Report Received
2025/12/03 23:14:13 Block Report Received
2025/12/03 23:14:23 Block Report Received
2025/12/03 23:14:33 Block Report Received
2025/12/03 23:14:43 Block Report Received
2025/12/03 23:14:53 Block Report Received
2025/12/03 23:15:03 Block Report Received
2025/12/03 23:15:13 Block Report Received
2025/12/03 23:15:23 Block Report Received
2025/12/03 23:15:33 Block Report Received
2025/12/03 23:15:43 Block Report Received
2025/12/03 23:15:53 Block Report Received
2025/12/03 23:16:03 Block Report Received
2025/12/03 23:16:13 Block Report Received
2025/12/03 23:16:23 Block Report Received
2025/12/03 23:16:33 Block Report Received
2025/12/03 23:16:43 Block Report Received
2025/12/03 23:16:53 Block Report Received
2025/12/03 23:17:03 Block Report Received
2025/12/03 23:17:13 Block Report Received
2025/12/03 23:17:23 Block Report Received
2025/12/03 23:17:33 Block Report Received
2025/12/03 23:17:43 Block Report Received
2025/12/03 23:17:53 Block Report Received
2025/12/03 23:18:03 Block Report Received
2025/12/03 23:18:13 Block Report Received
2025/12/03 23:18:23 Block Report Received
2025/12/03 23:18:33 Block Report Received
2025/12/03 23:18:43 Block Report Received
2025/12/03 23:18:53 Block Report Received
2025/12/03 23:19:03 Block Report Received
2025/12/03 23:19:13 Block Report Received
2025/12/03 23:19:23 Block Report Received
2025/12/03 23:19:33 Block Report Received
2025/12/03 23:19:43 Block Report Received
2025/12/03 23:19:53 Block Report Received
2025/12/03 23:20:03 Block Report Received
2025/12/03 23:20:13 Block Report Received
2025/12/03 23:20:23 Block Report Received
2025/12/03 23:20:33 Block Report Received
2025/12/03 23:20:43 Block Report Received
2025/12/03 23:20:53 Block Report Received
2025/12/03 23:21:03 Block Report Received
2025/12/03 23:21:13 Block Report Received
2025/12/03 23:21:23 Block Report Received
2025/12/03 23:21:33 Block Report Received
2025/12/03 23:21:43 Block Report Received
2025/12/03 23:21:53 Block Report Received
2025/12/03 23:22:03 Block Report Received
2025/12/03 23:22:13 Block Report Received
2025/12/03 23:22:23 Block Report Received
2025/12/03 23:22:33 Block Report Received
2025/12/03 23:22:43 Block Report Received
2025/12/03 23:22:53 Block Report Received
2025/12/03 23:23:03 Block Report Received
2025/12/03 23:23:13 Block Report Received
2025/12/03 23:23:23 Block Report Received
2025/12/03 23:23:33 Block Report Received
2025/12/03 23:23:43 Block Report Received
2025/12/03 23:23:53 Block Report Received
2025/12/03 23:24:03 Block Report Received
2025/12/03 23:24:13 Block Report Received
2025/12/03 23:24:23 Block Report Received
2025/12/03 23:24:33 Block Report Received
2025/12/03 23:24:43 Block Report Received
2025/12/03 23:24:53 Block Report Received
2025/12/03 23:25:03 Block Report Received
2025/12/03 23:25:13 Block Report Received
2025/12/03 23:25:23 Block Report Received
2025/12/03 23:25:33 Block Report Received
2025/12/03 23:25:43 Block Report Received
2025/12/03 23:25:53 Block Report Received
2025/12/03 23:26:03 Block Report Received
2025/12/03 23:26:13 Block Report Received
2025/12/03 23:26:23 Block Report Received
2025/12/03 23:26:33 Block Report Received
2025/12/03 23:26:43 Block Report Received
2025/12/03 23:26:53 Block Report Received
2025/12/03 23:27:03 Block Report Received
2025/12/03 23:27:13 Block Report Received
2025/12/03 23:27:23 Block Report Received
2025/12/03 23:27:33 Block Report Received
2025/12/03 23:27:43 Block Report Received
2025/12/03 23:27:53 Block Report Received
2025/12/03 23:28:03 Block Report Received
2025/12/03 23:28:13 Block Report Received
2025/12/03 23:28:23 Block Report Received
2025/12/03 23:28:33 Block Report Received
2025/12/03 23:28:43 Block Report Received
2025/12/03 23:28:53 Block Report Received
2025/12/03 23:29:03 Block Report Received
2025/12/03 23:29:13 Block Report Received
2025/12/03 23:29:23 Block Report Received
2025/12/03 23:29:33 Block Report Received
2025/12/03 23:29:43 Block Report Received
2025/12/03 23:29:53 Block Report Received
2025/12/03 23:30:03 Block Report Received
2025/12/03 23:30:13 Block Report Received
2025/12/03 23:30:23 Block Report Received
2025/12/03 23:30:33 Block Report Received
2025/12/03 23:30:43 Block Report Received
2025/12/03 23:30:53 Block Report Received
2025/12/03 23:31:03 Block Report Received
2025/12/03 23:31:13 Block Report Received
2025/12/03 23:31:23 Block Report Received
2025/12/03 23:31:33 Block Report Received
2025/12/03 23:31:43 Block Report Received
2025/12/03 23:31:53 Block Report Received
2025/12/03 23:32:03 Block Report Received
2025/12/03 23:32:13 Block Report Received
2025/12/03 23:32:23 Block Report Received
2025/12/03 23:32:33 Block Report Received
2025/12/03 23:32:43 Block Report Received
2025/12/03 23:32:53 Block Report Received
2025/12/03 23:33:03 Block Report Received
2025/12/03 23:33:13 Block Report Received
2025/12/03 23:33:23 Block Report Received
2025/12/03 23:33:33 Block Report Received
2025/12/03 23:33:43 Block Report Received
2025/12/03 23:33:53 Block Report Received
2025/12/03 23:34:03 Block Report Received
2025/12/03 23:34:13 Block Report Received
2025/12/03 23:34:23 Block Report Received
2025/12/03 23:34:33 Block Report Received
2025/12/03 23:34:43 Block Report Received
2025/12/03 23:34:53 Block Report Received
2025/12/03 23:35:03 Block Report Received
2025/12/03 23:35:13 Block Report Received
2025/12/03 23:35:23 Block Report Received
2025/12/03 23:35:33 Block Report Received
2025/12/03 23:35:43 Block Report Received
2025/12/03 23:35:53 Block Report Received
2025/12/03 23:36:03 Block Report Received
2025/12/03 23:36:13 Block Report Received
2025/12/03 23:36:23 Block Report Received
2025/12/03 23:36:33 Block Report Received
2025/12/03 23:36:43 Block Report Received
2025/12/03 23:36:53 Block Report Received
2025/12/03 23:37:03 Block Report Received
2025/12/03 23:37:13 Block Report Received
2025/12/03 23:37:23 Block Report Received
2025/12/03 23:37:33 Block Report Received
2025/12/03 23:37:43 Block Report Received
2025/12/03 23:37:53 Block Report Received
2025/12/03 23:38:03 Block Report Received
2025/12/03 23:38:13 Block Report Received
2025/12/03 23:38:23 Block Report Received
2025/12/03 23:38:33 Block Report Received
2025/12/03 23:38:43 Block Report Received
2025/12/03 23:38:53 Block Report Received
2025/12/03 23:39:03 Block Report Received
2025/12/03 23:39:13 Block Report Received
2025/12/03 23:39:23 Block Report Received
2025/12/03 23:39:33 Block Report Received
2025/12/03 23:39:43 Block Report Received
2025/12/03 23:39:53 Block Report Received
2025/12/03 23:40:03 Block Report Received
2025/12/03 23:40:13 Block Report Received
2025/12/03 23:40:23 Block Report Received
2025/12/03 23:40:33 Block Report Received
2025/12/03 23:40:43 Block Report Received
2025/12/03 23:40:53 Block Report Received
2025/12/03 23:41:03 Block Report Received
2025/12/03 23:41:13 Block Report Received
2025/12/03 23:41:23 Block Report Received
2025/12/03 23:41:33 Block Report Received
2025/12/03 23:41:43 Block Report Received
2025/12/03 23:41:53 Block Report Received
2025/12/03 23:42:03 Block Report Received
2025/12/03 23:42:13 Block Report Received
2025/12/03 23:42:23 Block Report Received
2025/12/03 23:42:33 Block Report Received
2025/12/03 23:42:43 Block Report Received
2025/12/03 23:42:53 Block Report Received
2025/12/03 23:43:03 Block Report Received
2025/12/03 23:43:13 Block Report Received
2025/12/03 23:43:23 Block Report Received
2025/12/03 23:43:33 Block Report Received
2025/12/03 23:43:43 Block Report Received
2025/12/03 23:43:53 Block Report Received
2025/12/03 23:44:03 Block Report Received
2025/12/03 23:44:13 Block Report Received
2025/12/03 23:44:23 Block Report Received
2025/12/03 23:44:33 Block Report Received
2025/12/03 23:44:43 Block Report Received
2025/12/03 23:44:53 Block Report Received
2025/12/03 23:45:03 Block Report Received
2025/12/03 23:45:13 Block Report Received
2025/12/03 23:45:23 Block Report Received
2025/12/03 23:45:33 Block Report Received
2025/12/03 23:45:43 Block Report Received
2025/12/03 23:45:53 Block Report Received
2025/12/03 23:46:03 Block Report Received
2025/12/03 23:46:13 Block Report Received
2025/12/03 23:46:23 Block Report Received
2025/12/03 23:46:33 Block Report Received
2025/12/03 23:46:43 Block Report Received
2025/12/03 23:46:53 Block Report Received
2025/12/03 23:47:03 Block Report Received
2025/12/03 23:47:13 Block Report Received
2025/12/03 23:47:23 Block Report Received
2025/12/03 23:47:33 Block Report Received
2025/12/03 23:47:43 Block Report Received
2025/12/03 23:47:53 Block Report Received
2025/12/03 23:48:03 Block Report Received
2025/12/03 23:48:13 Block Report Received
2025/12/03 23:48:23 Block Report Received
2025/12/03 23:48:33 Block Report Received
2025/12/03 23:48:43 Block Report Received
2025/12/03 23:48:53 Block Report Received
2025/12/03 23:49:03 Block Report Received
2025/12/03 23:49:13 Block Report Received
2025/12/03 23:49:23 Block Report Received
2025/12/03 23:49:33 Block Report Received
2025/12/03 23:49:43 Block Report Received
2025/12/03 23:49:53 Block Report Received
2025/12/03 23:50:03 Block Report Received
2025/12/03 23:50:13 Block Report Received
2025/12/03 23:50:23 Block Report Received
2025/12/03 23:50:33 Block Report Received
2025/12/03 23:50:43 Block Report Received
2025/12/03 23:50:53 Block Report Received
2025/12/03 23:51:03 Block Report Received
2025/12/03 23:51:13 Block Report Received
2025/12/03 23:51:23 Block Report Received
2025/12/03 23:51:33 Block Report Received
2025/12/03 23:51:43 Block Report Received
2025/12/03 23:51:53 Block Report Received
2025/12/03 23:52:03 Block Report Received
2025/12/03 23:52:13 Block Report Received
2025/12/03 23:52:23 Block Report Received
2025/12/03 23:52:33 Block Report Received
2025/12/03 23:52:43 Block Report Received
2025/12/03 23:52:53 Block Report Received
2025/12/03 23:53:03 Block Report Received
2025/12/03 23:53:13 Block Report Received
2025/12/03 23:53:23 Block Report Received
2025/12/03 23:53:33 Block Report Received
2025/12/03 23:53:43 Block Report Received
2025/12/03 23:53:53 Block Report Received
2025/12/03 23:54:03 Block Report Received
2025/12/03 23:54:13 Block Report Received
2025/12/03 23:54:23 Block Report Received
2025/12/03 23:54:33 Block Report Received
2025/12/03 23:54:43 Block Report Received
2025/12/03 23:54:53 Block Report Received
2025/12/03 23:55:03 Block Report Received
2025/12/03 23:55:13 Block Report Received
2025/12/03 23:55:23 Block Report Received
2025/12/03 23:55:33 Block Report Received
2025/12/03 23:55:43 Block Report Received
2025/12/03 23:55:53 Block Report Received
2025/12/03 23:56:03 Block Report Received
2025/12/03 23:56:13 Block Report Received
2025/12/03 23:56:23 Block Report Received
2025/12/03 23:56:33 Block Report Received
2025/12/03 23:56:43 Block Report Received
2025/12/03 23:56:53 Block Report Received
2025/12/03 23:57:03 Block Report Received
2025/12/03 23:57:13 Block Report Received
2025/12/03 23:57:23 Block Report Received
2025/12/03 23:57:33 Block Report Received
2025/12/03 23:57:43 Block Report Received
2025/12/03 23:57:53 Block Report Received
2025/12/03 23:58:03 Block Report Received
2025/12/03 23:58:13 Block Report Received
2025/12/03 23:58:23 Block Report Received
2025/12/03 23:58:33 Block Report Received
2025/12/03 23:58:43 Block Report Received
2025/12/03 23:58:53 Block Report Received
2025/12/03 23:59:03 Block Report Received
2025/12/03 23:59:13 Block Report Received
2025/12/03 23:59:23 Block Report Received
2025/12/03 23:59:33 Block Report Received
2025/12/03 23:59:43 Block Report Received
2025/12/03 23:59:53 Block Report Received
2025/12/04 00:00:03 Block Report Received
2025/12/04 00:00:13 Block Report Received
2025/12/04 00:00:23 Block Report Received
2025/12/04 00:00:33 Block Report Received
2025/12/04 00:00:43 Block Report Received
2025/12/04 00:00:53 Block Report Received
2025/12/04 00:01:03 Block Report Received
2025/12/04 00:01:13 Block Report Received
2025/12/04 00:01:23 Block Report Received
2025/12/04 00:01:33 Block Report Received
2025/12/04 00:01:43 Block Report Received
2025/12/04 00:01:53 Block Report Received
2025/12/04 00:02:03 Block Report Received
2025/12/04 00:02:13 Block Report Received
2025/12/04 00:02:23 Block Report Received
2025/12/04 00:02:33 Block Report Received
2025/12/04 00:02:43 Block Report Received
2025/12/04 00:02:53 Block Report Received
2025/12/04 00:03:03 Block Report Received
2025/12/04 00:03:13 Block Report Received
2025/12/04 00:03:23 Block Report Received
2025/12/04 00:03:33 Block Report Received
2025/12/04 00:03:43 Block Report Received
2025/12/04 00:03:53 Block Report Received
2025/12/04 00:04:03 Block Report Received
2025/12/04 00:04:13 Block Report Received
2025/12/04 00:04:23 Block Report Received
2025/12/04 00:04:33 Block Report Received
2025/12/04 00:04:43 Block Report Received
2025/12/04 00:04:53 Block Report Received
2025/12/04 00:05:03 Block Report Received
2025/12/04 00:05:13 Block Report Received
2025/12/04 00:05:23 Block Report Received
2025/12/04 00:05:33 Block Report Received
2025/12/04 00:05:43 Block Report Received
2025/12/04 00:05:53 Block Report Received
2025/12/04 00:06:03 Block Report Received
2025/12/04 00:06:13 Block Report Received
2025/12/04 00:06:23 Block Report Received
2025/12/04 00:06:33 Block Report Received
2025/12/04 00:06:43 Block Report Received
2025/12/04 00:06:53 Block Report Received
2025/12/04 00:07:03 Block Report Received
2025/12/04 00:07:13 Block Report Received
2025/12/04 00:07:23 Block Report Received
2025/12/04 00:07:33 Block Report Received
2025/12/04 00:07:43 Block Report Received
2025/12/04 00:07:53 Block Report Received
2025/12/04 00:08:03 Block Report Received
2025/12/04 00:08:13 Block Report Received
2025/12/04 00:08:23 Block Report Received
2025/12/04 00:08:33 Block Report Received
2025/12/04 00:08:43 Block Report Received
2025/12/04 00:08:53 Block Report Received
2025/12/04 00:09:03 Block Report Received
2025/12/04 00:09:13 Block Report Received
2025/12/04 00:09:23 Block Report Received
2025/12/04 00:09:33 Block Report Received
2025/12/04 00:09:43 Block Report Received
2025/12/04 00:09:53 Block Report Received
2025/12/04 00:10:03 Block Report Received
2025/12/04 00:10:13 Block Report Received
2025/12/04 00:10:23 Block Report Received
2025/12/04 00:10:33 Block Report Received
2025/12/04 00:10:43 Block Report Received
2025/12/04 00:10:53 Block Report Received
2025/12/04 00:11:03 Block Report Received
2025/12/04 00:11:13 Block Report Received
2025/12/04 00:11:23 Block Report Received
2025/12/04 00:11:33 Block Report Received
2025/12/04 00:11:43 Block Report Received
2025/12/04 00:11:53 Block Report Received
2025/12/04 00:12:03 Block Report Received
2025/12/04 00:12:13 Block Report Received
2025/12/04 00:12:23 Block Report Received
2025/12/04 00:12:33 Block Report Received
2025/12/04 00:12:43 Block Report Received
2025/12/04 00:12:53 Block Report Received
2025/12/04 00:13:03 Block Report Received
2025/12/04 00:13:13 Block Report Received
2025/12/04 00:13:23 Block Report Received
2025/12/04 00:13:33 Block Report Received
2025/12/04 00:13:43 Block Report Received
2025/12/04 00:13:53 Block Report Received
2025/12/04 00:14:03 Block Report Received
2025/12/04 00:14:13 Block Report Received
2025/12/04 00:14:23 Block Report Received
2025/12/04 00:14:33 Block Report Received
2025/12/04 00:14:43 Block Report Received
2025/12/04 00:14:53 Block Report Received
2025/12/04 00:15:03 Block Report Received
2025/12/04 00:15:13 Block Report Received
2025/12/04 00:15:23 Block Report Received
2025/12/04 00:15:33 Block Report Received
2025/12/04 00:15:43 Block Report Received
2025/12/04 00:15:53 Block Report Received
2025/12/04 00:16:03 Block Report Received
2025/12/04 00:16:13 Block Report Received
2025/12/04 00:16:23 Block Report Received
2025/12/04 00:16:33 Block Report Received
2025/12/04 00:16:43 Block Report Received
2025/12/04 00:16:53 Block Report Received
2025/12/04 00:17:03 Block Report Received
2025/12/04 00:17:13 Block Report Received
2025/12/04 00:17:23 Block Report Received
2025/12/04 00:17:33 Block Report Received
2025/12/04 00:17:43 Block Report Received
2025/12/04 00:17:53 Block Report Received
2025/12/04 00:18:03 Block Report Received
2025/12/04 00:18:13 Block Report Received
2025/12/04 00:18:23 Block Report Received
2025/12/04 00:18:33 Block Report Received
2025/12/04 00:18:43 Block Report Received
2025/12/04 00:18:53 Block Report Received
2025/12/04 00:19:03 Block Report Received
2025/12/04 00:19:13 Block Report Received
2025/12/04 00:19:23 Block Report Received
2025/12/04 00:19:33 Block Report Received
2025/12/04 00:19:43 Block Report Received
2025/12/04 00:19:53 Block Report Received
2025/12/04 00:20:03 Block Report Received
2025/12/04 00:20:13 Block Report Received
2025/12/04 00:20:23 Block Report Received
2025/12/04 00:20:33 Block Report Received
2025/12/04 00:20:43 Block Report Received
2025/12/04 00:20:53 Block Report Received
2025/12/04 00:21:03 Block Report Received
2025/12/04 00:21:13 Block Report Received
2025/12/04 00:21:23 Block Report Received
2025/12/04 00:21:33 Block Report Received
2025/12/04 00:21:43 Block Report Received
2025/12/04 00:21:53 Block Report Received
2025/12/04 00:22:03 Block Report Received
2025/12/04 00:22:13 Block Report Received
2025/12/04 00:22:23 Block Report Received
2025/12/04 00:22:33 Block Report Received
2025/12/04 00:22:43 Block Report Received
2025/12/04 00:22:53 Block Report Received
2025/12/04 00:23:03 Block Report Received
2025/12/04 00:23:13 Block Report Received
2025/12/04 00:23:23 Block Report Received
2025/12/04 00:23:33 Block Report Received
2025/12/04 00:23:43 Block Report Received
2025/12/04 00:23:53 Block Report Received
2025/12/04 00:24:03 Block Report Received
2025/12/04 00:24:13 Block Report Received
2025/12/04 00:24:23 Block Report Received
2025/12/04 00:24:33 Block Report Received
2025/12/04 00:24:43 Block Report Received
2025/12/04 00:24:53 Block Report Received
2025/12/04 00:25:03 Block Report Received
2025/12/04 00:25:13 Block Report Received
2025/12/04 00:25:23 Block Report Received
2025/12/04 00:25:33 Block Report Received
2025/12/04 00:25:43 Block Report Received
2025/12/04 00:25:53 Block Report Received
2025/12/04 00:26:03 Block Report Received
2025/12/04 00:26:13 Block Report Received
2025/12/04 00:26:23 Block Report Received
2025/12/04 00:26:33 Block Report Received
2025/12/04 00:26:43 Block Report Received
2025/12/04 00:26:53 Block Report Received
2025/12/04 00:27:03 Block Report Received
2025/12/04 00:27:13 Block Report Received
2025/12/04 00:27:23 Block Report Received
2025/12/04 00:27:33 Block Report Received
2025/12/04 00:27:43 Block Report Received
2025/12/04 00:27:53 Block Report Received
2025/12/04 00:28:03 Block Report Received
2025/12/04 00:28:13 Block Report Received
2025/12/04 00:28:23 Block Report Received
2025/12/04 00:28:33 Block Report Received
2025/12/04 00:28:43 Block Report Received
2025/12/04 00:28:53 Block Report Received
2025/12/04 00:29:03 Block Report Received
2025/12/04 00:29:13 Block Report Received
2025/12/04 00:29:23 Block Report Received
2025/12/04 00:29:33 Block Report Received
2025/12/04 00:29:43 Block Report Received
2025/12/04 00:29:53 Block Report Received
2025/12/04 00:30:03 Block Report Received
2025/12/04 00:30:13 Block Report Received
2025/12/04 00:30:23 Block Report Received
2025/12/04 00:30:33 Block Report Received
2025/12/04 00:30:43 Block Report Received
2025/12/04 00:30:53 Block Report Received
2025/12/04 00:31:03 Block Report Received
2025/12/04 00:31:13 Block Report Received
2025/12/04 00:31:23 Block Report Received
2025/12/04 00:31:33 Block Report Received
2025/12/04 00:31:43 Block Report Received
2025/12/04 00:31:53 Block Report Received
2025/12/04 00:32:03 Block Report Received
2025/12/04 00:32:13 Block Report Received
2025/12/04 00:32:23 Block Report Received
2025/12/04 00:32:33 Block Report Received
2025/12/04 00:32:43 Block Report Received
2025/12/04 00:32:53 Block Report Received
2025/12/04 00:33:03 Block Report Received
2025/12/04 00:33:13 Block Report Received
2025/12/04 00:33:23 Block Report Received
2025/12/04 00:33:33 Block Report Received
2025/12/04 00:33:43 Block Report Received
2025/12/04 00:33:53 Block Report Received
2025/12/04 00:34:03 Block Report Received
2025/12/04 00:34:13 Block Report Received
2025/12/04 00:34:23 Block Report Received
2025/12/04 00:34:33 Block Report Received
2025/12/04 00:34:43 Block Report Received
2025/12/04 00:34:53 Block Report Received
2025/12/04 00:35:03 Block Report Received
2025/12/04 00:35:13 Block Report Received
2025/12/04 00:35:23 Block Report Received
2025/12/04 00:35:33 Block Report Received
2025/12/04 00:35:43 Block Report Received
2025/12/04 00:35:53 Block Report Received
2025/12/04 00:36:03 Block Report Received
2025/12/04 00:36:13 Block Report Received
2025/12/04 00:36:23 Block Report Received
2025/12/04 00:36:33 Block Report Received
2025/12/04 00:36:43 Block Report Received
2025/12/04 00:36:53 Block Report Received
2025/12/04 00:37:03 Block Report Received
2025/12/04 00:37:13 Block Report Received
2025/12/04 00:37:23 Block Report Received
2025/12/04 00:37:33 Block Report Received
2025/12/04 00:37:43 Block Report Received
2025/12/04 00:37:53 Block Report Received
2025/12/04 00:38:03 Block Report Received
2025/12/04 00:38:13 Block Report Received
2025/12/04 00:38:23 Block Report Received
2025/12/04 00:38:33 Block Report Received
2025/12/04 00:38:43 Block Report Received
2025/12/04 00:38:53 Block Report Received
2025/12/04 00:39:03 Block Report Received
2025/12/04 00:39:13 Block Report Received
2025/12/04 00:39:23 Block Report Received
2025/12/04 00:39:33 Block Report Received
2025/12/04 00:39:43 Block Report Received
2025/12/04 00:39:53 Block Report Received
2025/12/04 00:40:03 Block Report Received
2025/12/04 00:40:13 Block Report Received
2025/12/04 00:40:23 Block Report Received
2025/12/04 00:40:33 Block Report Received
2025/12/04 00:40:43 Block Report Received
2025/12/04 00:40:53 Block Report Received
2025/12/04 00:41:03 Block Report Received
2025/12/04 00:41:13 Block Report Received
2025/12/04 00:41:23 Block Report Received
2025/12/04 00:41:33 Block Report Received
2025/12/04 00:41:43 Block Report Received
2025/12/04 00:41:53 Block Report Received
2025/12/04 00:42:03 Block Report Received
2025/12/04 00:42:13 Block Report Received
2025/12/04 00:42:23 Block Report Received
2025/12/04 00:42:33 Block Report Received
2025/12/04 00:42:43 Block Report Received
2025/12/04 00:42:53 Block Report Received
2025/12/04 00:43:03 Block Report Received
2025/12/04 00:43:13 Block Report Received
2025/12/04 00:43:23 Block Report Received
2025/12/04 00:43:33 Block Report Received
2025/12/04 00:43:43 Block Report Received
2025/12/04 00:43:53 Block Report Received
2025/12/04 00:44:03 Block Report Received
2025/12/04 00:44:13 Block Report Received
2025/12/04 00:44:23 Block Report Received
2025/12/04 00:44:33 Block Report Received
2025/12/04 00:44:43 Block Report Received
2025/12/04 00:44:53 Block Report Received
2025/12/04 00:45:03 Block Report Received
2025/12/04 00:45:13 Block Report Received
2025/12/04 00:45:23 Block Report Received
2025/12/04 00:45:33 Block Report Received
2025/12/04 00:45:43 Block Report Received
2025/12/04 00:45:53 Block Report Received
2025/12/04 00:46:03 Block Report Received
2025/12/04 00:46:13 Block Report Received
2025/12/04 00:46:23 Block Report Received
2025/12/04 00:46:33 Block Report Received
2025/12/04 00:46:43 Block Report Received
2025/12/04 00:46:53 Block Report Received
2025/12/04 00:47:03 Block Report Received
2025/12/04 00:47:13 Block Report Received
2025/12/04 00:47:23 Block Report Received
2025/12/04 00:47:33 Block Report Received
2025/12/04 00:47:43 Block Report Received
2025/12/04 00:47:53 Block Report Received
2025/12/04 00:48:03 Block Report Received
2025/12/04 00:48:13 Block Report Received
2025/12/04 00:48:23 Block Report Received
2025/12/04 00:48:33 Block Report Received
2025/12/04 00:48:43 Block Report Received
2025/12/04 00:48:53 Block Report Received
2025/12/04 00:49:03 Block Report Received
2025/12/04 00:49:13 Block Report Received
2025/12/04 00:49:23 Block Report Received
2025/12/04 00:49:33 Block Report Received
2025/12/04 00:49:43 Block Report Received
2025/12/04 00:49:53 Block Report Received
2025/12/04 00:50:03 Block Report Received
2025/12/04 00:50:13 Block Report Received
2025/12/04 00:50:23 Block Report Received
2025/12/04 00:50:33 Block Report Received
2025/12/04 00:50:43 Block Report Received
2025/12/04 00:50:53 Block Report Received
2025/12/04 00:51:03 Block Report Received
2025/12/04 00:51:13 Block Report Received
2025/12/04 00:51:23 Block Report Received
2025/12/04 00:51:33 Block Report Received
2025/12/04 00:51:43 Block Report Received
2025/12/04 00:51:53 Block Report Received
2025/12/04 00:52:03 Block Report Received
2025/12/04 00:52:13 Block Report Received
2025/12/04 00:52:23 Block Report Received
2025/12/04 00:52:33 Block Report Received
2025/12/04 00:52:43 Block Report Received
2025/12/04 00:52:53 Block Report Received
2025/12/04 00:53:03 Block Report Received
2025/12/04 00:53:13 Block Report Received
2025/12/04 00:53:23 Block Report Received
2025/12/04 00:53:33 Block Report Received
2025/12/04 00:53:43 Block Report Received
2025/12/04 00:53:53 Block Report Received
2025/12/04 00:54:03 Block Report Received
2025/12/04 00:54:13 Block Report Received
2025/12/04 00:54:23 Block Report Received
2025/12/04 00:54:33 Block Report Received
2025/12/04 00:54:43 Block Report Received
2025/12/04 00:54:53 Block Report Received
2025/12/04 00:55:03 Block Report Received
2025/12/04 00:55:13 Block Report Received
2025/12/04 00:55:23 Block Report Received
2025/12/04 00:55:33 Block Report Received
2025/12/04 00:55:43 Block Report Received
2025/12/04 00:55:53 Block Report Received
2025/12/04 00:56:03 Block Report Received
2025/12/04 00:56:13 Block Report Received
2025/12/04 00:56:23 Block Report Received
2025/12/04 00:56:33 Block Report Received
2025/12/04 00:56:43 Block Report Received
2025/12/04 00:56:53 Block Report Received
2025/12/04 00:57:03 Block Report Received
2025/12/04 00:57:13 Block Report Received
2025/12/04 00:57:23 Block Report Received
2025/12/04 00:57:33 Block Report Received
2025/12/04 00:57:43 Block Report Received
2025/12/04 00:57:53 Block Report Received
2025/12/04 00:58:03 Block Report Received
2025/12/04 00:58:13 Block Report Received
2025/12/04 00:58:23 Block Report Received
2025/12/04 00:58:33 Block Report Received
2025/12/04 00:58:43 Block Report Received
2025/12/04 00:58:53 Block Report Received
2025/12/04 00:59:03 Block Report Received
2025/12/04 00:59:13 Block Report Received
2025/12/04 00:59:23 Block Report Received
2025/12/04 00:59:33 Block Report Received
2025/12/04 00:59:43 Block Report Received
2025/12/04 00:59:53 Block Report Received
2025/12/04 01:00:03 Block Report Received
2025/12/04 01:00:13 Block Report Received
2025/12/04 01:00:23 Block Report Received
2025/12/04 01:00:33 Block Report Received
2025/12/04 01:00:43 Block Report Received
2025/12/04 01:00:53 Block Report Received
2025/12/04 01:01:03 Block Report Received
2025/12/04 01:01:13 Block Report Received
2025/12/04 01:01:23 Block Report Received
2025/12/04 01:01:33 Block Report Received
2025/12/04 01:01:43 Block Report Received
2025/12/04 01:01:53 Block Report Received
2025/12/04 01:02:03 Block Report Received
2025/12/04 01:02:13 Block Report Received
2025/12/04 01:02:23 Block Report Received
2025/12/04 01:02:33 Block Report Received
2025/12/04 01:02:43 Block Report Received
2025/12/04 01:02:53 Block Report Received
2025/12/04 01:03:03 Block Report Received
2025/12/04 01:03:13 Block Report Received
2025/12/04 01:03:23 Block Report Received
2025/12/04 01:03:33 Block Report Received
2025/12/04 01:03:43 Block Report Received
2025/12/04 01:03:53 Block Report Received
2025/12/04 01:04:03 Block Report Received
2025/12/04 01:04:13 Block Report Received
2025/12/04 01:04:23 Block Report Received
2025/12/04 01:04:33 Block Report Received
2025/12/04 01:04:43 Block Report Received
2025/12/04 01:04:53 Block Report Received
2025/12/04 01:05:03 Block Report Received
2025/12/04 01:05:13 Block Report Received
2025/12/04 01:05:23 Block Report Received
2025/12/04 01:05:33 Block Report Received
2025/12/04 01:05:43 Block Report Received
2025/12/04 01:05:53 Block Report Received
2025/12/04 01:06:03 Block Report Received
2025/12/04 01:06:13 Block Report Received
2025/12/04 01:06:23 Block Report Received
2025/12/04 01:06:33 Block Report Received
2025/12/04 01:06:43 Block Report Received
2025/12/04 01:06:53 Block Report Received
2025/12/04 01:07:03 Block Report Received
2025/12/04 01:07:13 Block Report Received
2025/12/04 01:07:23 Block Report Received
2025/12/04 01:07:33 Block Report Received
2025/12/04 01:07:43 Block Report Received
2025/12/04 01:07:53 Block Report Received
2025/12/04 01:08:03 Block Report Received
2025/12/04 01:08:13 Block Report Received
2025/12/04 01:08:23 Block Report Received
2025/12/04 01:08:33 Block Report Received
2025/12/04 01:08:43 Block Report Received
2025/12/04 01:08:53 Block Report Received
2025/12/04 01:09:03 Block Report Received
2025/12/04 01:09:13 Block Report Received
2025/12/04 01:09:23 Block Report Received
2025/12/04 01:09:33 Block Report Received
2025/12/04 01:09:43 Block Report Received
2025/12/04 01:09:53 Block Report Received
2025/12/04 01:10:03 Block Report Received
2025/12/04 01:10:13 Block Report Received
2025/12/04 01:10:23 Block Report Received
2025/12/04 01:10:33 Block Report Received
2025/12/04 01:10:43 Block Report Received
2025/12/04 01:10:53 Block Report Received
2025/12/04 01:11:03 Block Report Received
2025/12/04 01:11:13 Block Report Received
2025/12/04 01:11:23 Block Report Received
2025/12/04 01:11:33 Block Report Received
2025/12/04 01:11:43 Block Report Received
2025/12/04 01:11:53 Block Report Received
2025/12/04 01:12:03 Block Report Received
2025/12/04 01:12:13 Block Report Received
2025/12/04 01:12:23 Block Report Received
2025/12/04 01:12:33 Block Report Received
2025/12/04 01:12:43 Block Report Received
2025/12/04 01:12:53 Block Report Received
2025/12/04 01:13:03 Block Report Received
2025/12/04 01:13:13 Block Report Received
2025/12/04 01:13:23 Block Report Received
2025/12/04 01:13:33 Block Report Received
2025/12/04 01:13:43 Block Report Received
2025/12/04 01:13:53 Block Report Received
2025/12/04 01:14:03 Block Report Received
2025/12/04 01:14:13 Block Report Received
2025/12/04 01:14:23 Block Report Received
2025/12/04 01:14:33 Block Report Received
2025/12/04 01:14:43 Block Report Received
2025/12/04 01:14:53 Block Report Received
2025/12/04 01:15:03 Block Report Received
2025/12/04 01:15:13 Block Report Received
2025/12/04 01:15:23 Block Report Received
2025/12/04 01:15:33 Block Report Received
2025/12/04 01:15:43 Block Report Received
2025/12/04 01:15:53 Block Report Received
2025/12/04 01:16:03 Block Report Received
2025/12/04 01:16:13 Block Report Received
2025/12/04 01:16:23 Block Report Received
2025/12/04 01:16:33 Block Report Received
2025/12/04 01:16:43 Block Report Received
2025/12/04 01:16:53 Block Report Received
2025/12/04 01:17:03 Block Report Received
2025/12/04 01:17:13 Block Report Received
2025/12/04 01:17:23 Block Report Received
2025/12/04 01:17:33 Block Report Received
2025/12/04 01:17:43 Block Report Received
2025/12/04 01:17:53 Block Report Received
2025/12/04 01:18:03 Block Report Received
2025/12/04 01:18:13 Block Report Received
2025/12/04 01:18:23 Block Report Received
2025/12/04 01:18:33 Block Report Received
2025/12/04 01:18:43 Block Report Received
2025/12/04 01:18:53 Block Report Received
2025/12/04 01:19:03 Block Report Received
2025/12/04 01:19:13 Block Report Received
2025/12/04 01:19:23 Block Report Received
2025/12/04 01:19:33 Block Report Received
2025/12/04 01:19:43 Block Report Received
2025/12/04 01:19:53 Block Report Received
2025/12/04 01:20:03 Block Report Received
2025/12/04 01:20:13 Block Report Received
2025/12/04 01:20:23 Block Report Received
2025/12/04 01:20:33 Block Report Received
2025/12/04 01:20:43 Block Report Received
2025/12/04 01:20:53 Block Report Received
2025/12/04 01:21:03 Block Report Received
2025/12/04 01:21:13 Block Report Received
2025/12/04 01:21:23 Block Report Received
2025/12/04 01:21:33 Block Report Received
2025/12/04 01:21:43 Block Report Received
2025/12/04 01:21:53 Block Report Received
2025/12/04 01:22:03 Block Report Received
2025/12/04 01:22:13 Block Report Received
2025/12/04 01:22:23 Block Report Received
2025/12/04 01:22:33 Block Report Received
2025/12/04 01:22:43 Block Report Received
2025/12/04 01:22:53 Block Report Received
2025/12/04 01:23:03 Block Report Received
2025/12/04 01:23:13 Block Report Received
2025/12/04 01:23:23 Block Report Received
2025/12/04 01:23:33 Block Report Received
2025/12/04 01:23:43 Block Report Received
2025/12/04 01:23:53 Block Report Received
2025/12/04 01:24:03 Block Report Received
2025/12/04 01:24:13 Block Report Received
2025/12/04 01:24:23 Block Report Received
2025/12/04 01:24:33 Block Report Received
2025/12/04 01:24:43 Block Report Received
2025/12/04 01:24:53 Block Report Received
2025/12/04 01:25:03 Block Report Received
2025/12/04 01:25:13 Block Report Received
2025/12/04 01:25:23 Block Report Received
2025/12/04 01:25:33 Block Report Received
2025/12/04 01:25:43 Block Report Received
2025/12/04 01:25:53 Block Report Received
2025/12/04 01:26:03 Block Report Received
2025/12/04 01:26:13 Block Report Received
2025/12/04 01:26:23 Block Report Received
2025/12/04 01:26:33 Block Report Received
2025/12/04 01:26:43 Block Report Received
2025/12/04 01:26:53 Block Report Received
2025/12/04 01:27:03 Block Report Received
2025/12/04 01:27:13 Block Report Received
2025/12/04 01:27:23 Block Report Received
2025/12/04 01:27:33 Block Report Received
2025/12/04 01:27:43 Block Report Received
2025/12/04 01:27:53 Block Report Received
2025/12/04 01:28:03 Block Report Received
2025/12/04 01:28:13 Block Report Received
2025/12/04 01:28:23 Block Report Received
2025/12/04 01:28:33 Block Report Received
2025/12/04 01:28:43 Block Report Received
2025/12/04 01:28:53 Block Report Received
2025/12/04 01:29:03 Block Report Received
2025/12/04 01:29:13 Block Report Received
2025/12/04 01:29:23 Block Report Received
2025/12/04 01:29:33 Block Report Received
2025/12/04 01:29:43 Block Report Received
2025/12/04 01:29:53 Block Report Received
2025/12/04 01:30:03 Block Report Received
2025/12/04 01:30:13 Block Report Received
2025/12/04 01:30:23 Block Report Received
2025/12/04 01:30:33 Block Report Received
2025/12/04 01:30:43 Block Report Received
2025/12/04 01:30:53 Block Report Received
2025/12/04 01:31:03 Block Report Received
2025/12/04 01:31:13 Block Report Received
2025/12/04 01:31:23 Block Report Received
2025/12/04 01:31:33 Block Report Received
2025/12/04 01:31:43 Block Report Received
2025/12/04 01:31:53 Block Report Received
2025/12/04 01:32:03 Block Report Received
2025/12/04 01:32:13 Block Report Received
2025/12/04 01:32:23 Block Report Received
2025/12/04 01:32:33 Block Report Received
2025/12/04 01:32:43 Block Report Received
2025/12/04 01:32:53 Block Report Received
2025/12/04 01:33:03 Block Report Received
2025/12/04 01:33:13 Block Report Received
2025/12/04 01:33:23 Block Report Received
2025/12/04 01:33:33 Block Report Received
2025/12/04 01:33:43 Block Report Received
2025/12/04 01:33:53 Block Report Received
2025/12/04 01:34:03 Block Report Received
2025/12/04 01:34:13 Block Report Received
2025/12/04 01:34:23 Block Report Received
2025/12/04 01:34:33 Block Report Received
2025/12/04 01:34:43 Block Report Received
2025/12/04 01:34:53 Block Report Received
2025/12/04 01:35:03 Block Report Received
2025/12/04 01:35:13 Block Report Received
2025/12/04 01:35:23 Block Report Received
2025/12/04 01:35:33 Block Report Received
2025/12/04 01:35:43 Block Report Received
2025/12/04 01:35:53 Block Report Received
2025/12/04 01:36:03 Block Report Received
2025/12/04 01:36:13 Block Report Received
2025/12/04 01:36:23 Block Report Received
2025/12/04 01:36:33 Block Report Received
2025/12/04 01:36:43 Block Report Received
2025/12/04 01:36:53 Block Report Received
2025/12/04 01:37:03 Block Report Received
2025/12/04 01:37:13 Block Report Received
2025/12/04 01:37:23 Block Report Received
2025/12/04 01:37:33 Block Report Received
2025/12/04 01:37:43 Block Report Received
2025/12/04 01:37:53 Block Report Received
2025/12/04 01:38:03 Block Report Received
2025/12/04 01:38:13 Block Report Received
2025/12/04 01:38:23 Block Report Received
2025/12/04 01:38:33 Block Report Received
2025/12/04 01:38:43 Block Report Received
2025/12/04 01:38:53 Block Report Received
2025/12/04 01:39:03 Block Report Received
2025/12/04 01:39:13 Block Report Received
2025/12/04 01:39:23 Block Report Received
2025/12/04 01:39:33 Block Report Received
2025/12/04 01:39:43 Block Report Received
2025/12/04 01:39:53 Block Report Received
2025/12/04 01:40:03 Block Report Received
2025/12/04 01:40:13 Block Report Received
2025/12/04 01:40:23 Block Report Received
2025/12/04 01:40:33 Block Report Received
2025/12/04 01:40:43 Block Report Received
2025/12/04 01:40:53 Block Report Received
2025/12/04 01:41:03 Block Report Received
2025/12/04 01:41:13 Block Report Received
2025/12/04 01:41:23 Block Report Received
2025/12/04 01:41:33 Block Report Received
2025/12/04 01:41:43 Block Report Received
2025/12/04 01:41:53 Block Report Received
2025/12/04 01:42:03 Block Report Received
2025/12/04 01:42:13 Block Report Received
2025/12/04 01:42:23 Block Report Received
2025/12/04 01:42:33 Block Report Received
2025/12/04 01:42:43 Block Report Received
2025/12/04 01:42:53 Block Report Received
2025/12/04 01:43:03 Block Report Received
2025/12/04 01:43:13 Block Report Received
2025/12/04 01:43:23 Block Report Received
2025/12/04 01:43:33 Block Report Received
2025/12/04 01:43:43 Block Report Received
2025/12/04 01:43:53 Block Report Received
2025/12/04 01:44:03 Block Report Received
2025/12/04 01:44:13 Block Report Received
2025/12/04 01:44:23 Block Report Received
2025/12/04 01:44:33 Block Report Received
2025/12/04 01:44:43 Block Report Received
2025/12/04 01:44:53 Block Report Received
2025/12/04 01:45:03 Block Report Received
2025/12/04 01:45:13 Block Report Received
2025/12/04 01:45:23 Block Report Received
2025/12/04 01:45:33 Block Report Received
2025/12/04 01:45:43 Block Report Received
2025/12/04 01:45:53 Block Report Received
2025/12/04 01:46:03 Block Report Received
2025/12/04 01:46:13 Block Report Received
2025/12/04 01:46:23 Block Report Received
2025/12/04 01:46:33 Block Report Received
2025/12/04 01:46:43 Block Report Received
2025/12/04 01:46:53 Block Report Received
2025/12/04 01:47:03 Block Report Received
2025/12/04 01:47:13 Block Report Received
2025/12/04 01:47:23 Block Report Received
2025/12/04 01:47:33 Block Report Received
2025/12/04 01:47:43 Block Report Received
2025/12/04 01:47:53 Block Report Received
2025/12/04 01:48:03 Block Report Received
2025/12/04 01:48:13 Block Report Received
2025/12/04 01:48:23 Block Report Received
2025/12/04 01:48:33 Block Report Received
2025/12/04 01:48:43 Block Report Received
2025/12/04 01:48:53 Block Report Received
2025/12/04 01:49:03 Block Report Received
2025/12/04 01:49:13 Block Report Received
2025/12/04 01:49:23 Block Report Received
2025/12/04 01:49:33 Block Report Received
2025/12/04 01:49:43 Block Report Received
2025/12/04 01:49:53 Block Report Received
2025/12/04 01:50:03 Block Report Received
2025/12/04 01:50:13 Block Report Received
2025/12/04 01:50:23 Block Report Received
2025/12/04 01:50:33 Block Report Received
2025/12/04 01:50:43 Block Report Received
2025/12/04 01:50:53 Block Report Received
2025/12/04 01:51:03 Block Report Received
2025/12/04 01:51:13 Block Report Received
2025/12/04 01:51:23 Block Report Received
2025/12/04 01:51:33 Block Report Received
2025/12/04 01:51:43 Block Report Received
2025/12/04 01:51:53 Block Report Received
2025/12/04 01:52:03 Block Report Received
2025/12/04 01:52:13 Block Report Received
2025/12/04 01:52:23 Block Report Received
2025/12/04 01:52:33 Block Report Received
2025/12/04 01:52:43 Block Report Received
2025/12/04 01:52:53 Block Report Received
2025/12/04 01:53:03 Block Report Received
2025/12/04 01:53:13 Block Report Received
2025/12/04 01:53:23 Block Report Received
2025/12/04 01:53:33 Block Report Received
2025/12/04 01:53:43 Block Report Received
2025/12/04 01:53:53 Block Report Received
2025/12/04 01:54:03 Block Report Received
2025/12/04 01:54:13 Block Report Received
2025/12/04 01:54:23 Block Report Received
2025/12/04 01:54:33 Block Report Received
2025/12/04 01:54:43 Block Report Received
2025/12/04 01:54:53 Block Report Received
2025/12/04 01:55:03 Block Report Received
2025/12/04 01:55:13 Block Report Received
2025/12/04 01:55:23 Block Report Received
2025/12/04 01:55:33 Block Report Received
2025/12/04 01:55:43 Block Report Received
2025/12/04 01:55:53 Block Report Received
2025/12/04 01:56:03 Block Report Received
2025/12/04 01:56:13 Block Report Received
2025/12/04 01:56:23 Block Report Received
2025/12/04 01:56:33 Block Report Received
2025/12/04 01:56:43 Block Report Received
2025/12/04 01:56:53 Block Report Received
2025/12/04 01:57:03 Block Report Received
2025/12/04 01:57:13 Block Report Received
2025/12/04 01:57:23 Block Report Received
2025/12/04 01:57:33 Block Report Received
2025/12/04 01:57:43 Block Report Received
2025/12/04 01:57:53 Block Report Received
2025/12/04 01:58:03 Block Report Received
2025/12/04 01:58:13 Block Report Received
2025/12/04 01:58:23 Block Report Received
2025/12/04 01:58:33 Block Report Received
2025/12/04 01:58:43 Block Report Received
2025/12/04 01:58:53 Block Report Received
2025/12/04 01:59:03 Block Report Received
2025/12/04 01:59:13 Block Report Received
2025/12/04 01:59:23 Block Report Received
2025/12/04 01:59:33 Block Report Received
2025/12/04 01:59:43 Block Report Received
2025/12/04 01:59:53 Block Report Received
2025/12/04 02:00:03 Block Report Received
2025/12/04 02:00:13 Block Report Received
2025/12/04 02:00:23 Block Report Received
2025/12/04 02:00:33 Block Report Received
2025/12/04 02:00:43 Block Report Received
2025/12/04 02:00:53 Block Report Received
2025/12/04 02:01:03 Block Report Received
2025/12/04 02:01:13 Block Report Received
2025/12/04 02:01:23 Block Report Received
2025/12/04 02:01:33 Block Report Received
2025/12/04 02:01:43 Block Report Received
2025/12/04 02:01:53 Block Report Received
2025/12/04 02:02:03 Block Report Received
2025/12/04 02:02:13 Block Report Received
2025/12/04 02:02:23 Block Report Received
2025/12/04 02:02:33 Block Report Received
2025/12/04 02:02:43 Block Report Received
2025/12/04 02:02:53 Block Report Received
2025/12/04 02:03:03 Block Report Received
2025/12/04 02:03:13 Block Report Received
2025/12/04 02:03:23 Block Report Received
2025/12/04 02:03:33 Block Report Received
2025/12/04 02:03:43 Block Report Received
2025/12/04 02:03:53 Block Report Received
2025/12/04 02:04:03 Block Report Received
2025/12/04 02:04:13 Block Report Received
2025/12/04 02:04:23 Block Report Received
2025/12/04 02:04:33 Block Report Received
2025/12/04 02:04:43 Block Report Received
2025/12/04 02:04:53 Block Report Received
2025/12/04 02:05:03 Block Report Received
2025/12/04 02:05:13 Block Report Received
2025/12/04 02:05:23 Block Report Received
2025/12/04 02:05:33 Block Report Received
2025/12/04 02:05:43 Block Report Received
2025/12/04 02:05:53 Block Report Received
2025/12/04 02:06:03 Block Report Received
2025/12/04 02:06:13 Block Report Received
2025/12/04 02:06:23 Block Report Received
2025/12/04 02:06:33 Block Report Received
2025/12/04 02:06:43 Block Report Received
2025/12/04 02:06:53 Block Report Received
2025/12/04 02:07:03 Block Report Received
2025/12/04 02:07:13 Block Report Received
2025/12/04 02:07:23 Block Report Received
2025/12/04 02:07:33 Block Report Received
2025/12/04 02:07:43 Block Report Received
2025/12/04 02:07:53 Block Report Received
2025/12/04 02:08:03 Block Report Received
2025/12/04 02:08:13 Block Report Received
2025/12/04 02:08:23 Block Report Received
2025/12/04 02:08:33 Block Report Received
2025/12/04 02:08:43 Block Report Received
2025/12/04 02:08:53 Block Report Received
2025/12/04 02:09:03 Block Report Received
2025/12/04 02:09:13 Block Report Received
2025/12/04 02:09:23 Block Report Received
2025/12/04 02:09:33 Block Report Received
2025/12/04 02:09:43 Block Report Received
2025/12/04 02:09:53 Block Report Received
2025/12/04 02:10:03 Block Report Received
2025/12/04 02:10:13 Block Report Received
2025/12/04 02:10:23 Block Report Received
2025/12/04 02:10:33 Block Report Received
2025/12/04 02:10:43 Block Report Received
2025/12/04 02:10:53 Block Report Received
2025/12/04 02:11:03 Block Report Received
2025/12/04 02:11:13 Block Report Received
2025/12/04 02:11:23 Block Report Received
2025/12/04 02:11:33 Block Report Received
2025/12/04 02:11:43 Block Report Received
2025/12/04 02:11:53 Block Report Received
2025/12/04 02:12:03 Block Report Received
2025/12/04 02:12:13 Block Report Received
2025/12/04 02:12:23 Block Report Received
2025/12/04 02:12:33 Block Report Received
2025/12/04 02:12:43 Block Report Received
2025/12/04 02:12:53 Block Report Received
2025/12/04 02:13:03 Block Report Received
2025/12/04 02:13:13 Block Report Received
2025/12/04 02:13:23 Block Report Received
2025/12/04 02:13:33 Block Report Received
2025/12/04 02:13:43 Block Report Received
2025/12/04 02:13:53 Block Report Received
2025/12/04 02:14:03 Block Report Received
2025/12/04 02:14:13 Block Report Received
2025/12/04 02:14:23 Block Report Received
2025/12/04 02:14:33 Block Report Received
2025/12/04 02:14:43 Block Report Received
2025/12/04 02:14:53 Block Report Received
2025/12/04 02:15:03 Block Report Received
2025/12/04 02:15:13 Block Report Received
2025/12/04 02:15:23 Block Report Received
2025/12/04 02:15:33 Block Report Received
2025/12/04 02:15:43 Block Report Received
2025/12/04 02:15:53 Block Report Received
2025/12/04 02:16:03 Block Report Received
2025/12/04 02:16:13 Block Report Received
2025/12/04 02:16:23 Block Report Received
2025/12/04 02:16:33 Block Report Received
2025/12/04 02:16:43 Block Report Received
2025/12/04 02:16:53 Block Report Received
2025/12/04 02:17:03 Block Report Received
2025/12/04 02:17:13 Block Report Received
2025/12/04 02:17:23 Block Report Received
2025/12/04 02:17:33 Block Report Received
2025/12/04 02:17:43 Block Report Received
2025/12/04 02:17:53 Block Report Received
2025/12/04 02:18:03 Block Report Received
2025/12/04 02:18:13 Block Report Received
2025/12/04 02:18:23 Block Report Received
2025/12/04 02:18:33 Block Report Received
2025/12/04 02:18:43 Block Report Received
2025/12/04 02:18:53 Block Report Received
2025/12/04 02:19:03 Block Report Received
2025/12/04 02:19:13 Block Report Received
2025/12/04 02:19:23 Block Report Received
2025/12/04 02:19:33 Block Report Received
2025/12/04 02:19:43 Block Report Received
2025/12/04 02:19:53 Block Report Received
2025/12/04 02:20:03 Block Report Received
2025/12/04 02:20:13 Block Report Received
2025/12/04 02:20:23 Block Report Received
2025/12/04 02:20:33 Block Report Received
2025/12/04 02:20:43 Block Report Received
2025/12/04 02:20:53 Block Report Received
2025/12/04 02:21:03 Block Report Received
2025/12/04 02:21:13 Block Report Received
2025/12/04 02:21:23 Block Report Received
2025/12/04 02:21:33 Block Report Received
2025/12/04 02:21:43 Block Report Received
2025/12/04 02:21:53 Block Report Received
2025/12/04 02:22:03 Block Report Received
2025/12/04 02:22:13 Block Report Received
2025/12/04 02:22:23 Block Report Received
2025/12/04 02:22:33 Block Report Received
2025/12/04 02:22:43 Block Report Received
2025/12/04 02:22:53 Block Report Received
2025/12/04 02:23:03 Block Report Received
2025/12/04 02:23:13 Block Report Received
2025/12/04 02:23:23 Block Report Received
2025/12/04 02:23:33 Block Report Received
2025/12/04 02:23:43 Block Report Received
2025/12/04 02:23:53 Block Report Received
2025/12/04 02:24:03 Block Report Received
2025/12/04 02:24:13 Block Report Received
2025/12/04 02:24:23 Block Report Received
2025/12/04 02:24:33 Block Report Received
2025/12/04 02:24:43 Block Report Received
2025/12/04 02:24:53 Block Report Received
2025/12/04 02:25:03 Block Report Received
2025/12/04 02:25:13 Block Report Received
2025/12/04 02:25:23 Block Report Received
2025/12/04 02:25:33 Block Report Received
2025/12/04 02:25:43 Block Report Received
2025/12/04 02:25:53 Block Report Received
2025/12/04 02:26:03 Block Report Received
2025/12/04 02:26:13 Block Report Received
2025/12/04 02:26:23 Block Report Received
2025/12/04 02:26:33 Block Report Received
2025/12/04 02:26:43 Block Report Received
2025/12/04 02:26:53 Block Report Received
2025/12/04 02:27:03 Block Report Received
2025/12/04 02:27:13 Block Report Received
2025/12/04 02:27:23 Block Report Received
2025/12/04 02:27:33 Block Report Received
2025/12/04 02:27:43 Block Report Received
2025/12/04 02:27:53 Block Report Received
2025/12/04 02:28:03 Block Report Received
2025/12/04 02:28:13 Block Report Received
2025/12/04 02:28:23 Block Report Received
2025/12/04 02:28:33 Block Report Received
2025/12/04 02:28:43 Block Report Received
2025/12/04 02:28:53 Block Report Received
2025/12/04 02:29:03 Block Report Received
2025/12/04 02:29:13 Block Report Received
2025/12/04 02:29:23 Block Report Received
2025/12/04 02:29:33 Block Report Received
2025/12/04 02:29:43 Block Report Received
2025/12/04 02:29:53 Block Report Received
2025/12/04 02:30:03 Block Report Received
2025/12/04 02:30:13 Block Report Received
2025/12/04 02:30:23 Block Report Received
2025/12/04 02:30:33 Block Report Received
2025/12/04 02:30:43 Block Report Received
2025/12/04 02:30:53 Block Report Received
2025/12/04 02:31:03 Block Report Received
2025/12/04 02:31:13 Block Report Received
2025/12/04 02:31:23 Block Report Received
2025/12/04 02:31:33 Block Report Received
2025/12/04 02:31:43 Block Report Received
2025/12/04 02:31:53 Block Report Received
2025/12/04 02:32:03 Block Report Received
2025/12/04 02:32:13 Block Report Received
2025/12/04 02:32:23 Block Report Received
2025/12/04 02:32:33 Block Report Received
2025/12/04 02:32:43 Block Report Received
2025/12/04 02:32:53 Block Report Received
2025/12/04 02:33:03 Block Report Received
2025/12/04 02:33:13 Block Report Received
2025/12/04 02:33:23 Block Report Received
2025/12/04 02:33:33 Block Report Received
2025/12/04 02:33:43 Block Report Received
2025/12/04 02:33:53 Block Report Received
2025/12/04 02:34:03 Block Report Received
2025/12/04 02:34:13 Block Report Received
2025/12/04 02:34:23 Block Report Received
2025/12/04 02:34:33 Block Report Received
2025/12/04 02:34:43 Block Report Received
2025/12/04 02:34:53 Block Report Received
2025/12/04 02:35:03 Block Report Received
2025/12/04 02:35:13 Block Report Received
2025/12/04 02:35:23 Block Report Received
2025/12/04 02:35:33 Block Report Received
2025/12/04 02:35:43 Block Report Received
2025/12/04 02:35:53 Block Report Received
2025/12/04 02:36:03 Block Report Received
2025/12/04 02:36:13 Block Report Received
2025/12/04 02:36:23 Block Report Received
2025/12/04 02:36:33 Block Report Received
2025/12/04 02:36:43 Block Report Received
2025/12/04 02:36:53 Block Report Received
2025/12/04 02:37:03 Block Report Received
2025/12/04 02:37:13 Block Report Received
2025/12/04 02:37:23 Block Report Received
2025/12/04 02:37:33 Block Report Received
2025/12/04 02:37:43 Block Report Received
2025/12/04 02:37:53 Block Report Received
2025/12/04 02:38:03 Block Report Received
2025/12/04 02:38:13 Block Report Received
2025/12/04 02:38:23 Block Report Received
2025/12/04 02:38:33 Block Report Received
2025/12/04 02:38:43 Block Report Received
2025/12/04 02:38:53 Block Report Received
2025/12/04 02:39:03 Block Report Received
2025/12/04 02:39:13 Block Report Received
2025/12/04 02:39:23 Block Report Received
2025/12/04 02:39:33 Block Report Received
2025/12/04 02:39:43 Block Report Received
2025/12/04 02:39:53 Block Report Received
2025/12/04 02:40:03 Block Report Received
2025/12/04 02:40:13 Block Report Received
2025/12/04 02:40:23 Block Report Received
2025/12/04 02:40:33 Block Report Received
2025/12/04 02:40:43 Block Report Received
2025/12/04 02:40:53 Block Report Received
2025/12/04 09:52:03 Block Report Received
2025/12/04 09:52:07 Block Report Received
2025/12/04 09:52:17 Block Report Received
2025/12/04 09:52:27 Block Report Received
2025/12/04 09:52:37 Block Report Received
2025/12/04 09:52:47 Block Report Received
2025/12/04 09:52:57 Block Report Received
2025/12/04 09:53:07 Block Report Received
2025/12/04 09:53:17 Block Report Received
2025/12/04 09:53:27 Block Report Received
2025/12/04 09:53:37 Block Report Received
2025/12/04 09:53:47 Block Report Received
2025/12/04 09:53:57 Block Report Received
2025/12/04 09:54:07 Block Report Received
2025/12/04 09:54:17 Block Report Received
2025/12/04 09:54:27 Block Report Received
2025/12/04 09:54:37 Block Report Received
2025/12/04 09:54:47 Block Report Received
2025/12/04 09:54:57 Block Report Received
2025/12/04 09:55:07 Block Report Received
2025/12/04 09:55:17 Block Report Received
2025/12/04 09:55:27 Block Report Received
2025/12/04 09:55:37 Block Report Received
2025/12/04 09:55:47 Block Report Received
2025/12/04 09:55:57 Block Report Received
2025/12/04 09:56:07 Block Report Received
2025/12/04 09:56:17 Block Report Received
2025/12/04 09:56:27 Block Report Received
2025/12/04 09:56:37 Block Report Received
2025/12/04 09:56:47 Block Report Received
2025/12/04 09:56:57 Block Report Received
2025/12/04 09:57:07 Block Report Received
2025/12/04 09:57:17 Block Report Received
2025/12/04 09:57:27 Block Report Received
2025/12/04 09:57:37 Block Report Received
2025/12/04 09:57:47 Block Report Received
2025/12/04 09:57:57 Block Report Received
2025/12/04 09:58:07 Block Report Received
2025/12/04 09:58:17 Block Report Received
2025/12/04 09:58:27 Block Report Received
2025/12/04 09:58:37 Block Report Received
2025/12/04 09:58:47 Block Report Received
2025/12/04 09:58:57 Block Report Received
2025/12/04 09:59:07 Block Report Received
2025/12/04 09:59:17 Block Report Received
2025/12/04 09:59:27 Block Report Received
2025/12/04 09:59:37 Block Report Received
2025/12/04 09:59:47 Block Report Received
2025/12/04 09:59:57 Block Report Received
2025/12/04 10:00:07 Block Report Received
2025/12/04 10:00:17 Block Report Received
2025/12/04 10:00:27 Block Report Received
2025/12/04 10:00:37 Block Report Received
2025/12/04 10:00:47 Block Report Received
2025/12/04 10:00:57 Block Report Received
2025/12/04 10:01:07 Block Report Received
2025/12/04 10:01:17 Block Report Received
2025/12/04 10:01:27 Block Report Received
2025/12/04 10:01:37 Block Report Received
2025/12/04 10:01:47 Block Report Received
2025/12/04 10:01:57 Block Report Received
2025/12/04 10:02:07 Block Report Received
2025/12/04 10:02:17 Block Report Received
2025/12/04 10:02:27 Block Report Received
2025/12/04 10:02:37 Block Report Received
2025/12/04 10:02:47 Block Report Received
2025/12/04 10:02:57 Block Report Received
2025/12/04 10:03:07 Block Report Received
2025/12/04 10:03:17 Block Report Received
2025/12/04 10:03:27 Block Report Received
2025/12/04 10:03:37 Block Report Received
2025/12/04 10:03:47 Block Report Received
2025/12/04 10:03:57 Block Report Received
2025/12/04 10:04:07 Block Report Received
2025/12/04 10:04:17 Block Report Received
2025/12/04 10:04:27 Block Report Received
2025/12/04 10:04:37 Block Report Received
2025/12/04 10:04:47 Block Report Received
2025/12/04 10:04:57 Block Report Received
2025/12/04 10:05:07 Block Report Received
2025/12/04 10:05:17 Block Report Received
2025/12/04 10:05:27 Block Report Received
2025/12/04 10:05:37 Block Report Received
2025/12/04 10:05:47 Block Report Received
2025/12/04 10:05:57 Block Report Received
2025/12/04 10:06:07 Block Report Received
2025/12/04 10:06:17 Block Report Received
2025/12/04 10:06:27 Block Report Received
2025/12/04 10:06:37 Block Report Received
2025/12/04 10:06:47 Block Report Received
2025/12/04 10:06:57 Block Report Received
2025/12/04 10:07:07 Block Report Received
2025/12/04 10:07:17 Block Report Received
2025/12/04 10:07:27 Block Report Received
2025/12/04 10:07:37 Block Report Received
2025/12/04 10:07:47 Block Report Received
2025/12/04 10:07:57 Block Report Received
2025/12/04 10:08:07 Block Report Received
2025/12/04 10:08:17 Block Report Received
2025/12/04 10:08:27 Block Report Received
2025/12/04 10:08:37 Block Report Received
2025/12/04 10:08:47 Block Report Received
2025/12/04 10:08:57 Block Report Received
2025/12/04 10:09:07 Block Report Received
2025/12/04 10:09:17 Block Report Received
2025/12/04 10:09:27 Block Report Received
2025/12/04 10:09:37 Block Report Received
2025/12/04 10:09:47 Block Report Received
2025/12/04 10:09:57 Block Report Received
2025/12/04 10:10:07 Block Report Received
2025/12/04 10:10:17 Block Report Received
2025/12/04 10:10:27 Block Report Received
2025/12/04 10:10:37 Block Report Received
2025/12/04 10:10:47 Block Report Received
2025/12/04 10:10:57 Block Report Received
2025/12/04 10:11:07 Block Report Received
2025/12/04 10:11:17 Block Report Received
2025/12/04 10:11:27 Block Report Received
2025/12/04 10:11:37 Block Report Received
2025/12/04 10:11:47 Block Report Received
2025/12/04 10:11:57 Block Report Received
2025/12/04 10:12:07 Block Report Received
2025/12/04 10:12:17 Block Report Received
2025/12/04 10:12:27 Block Report Received
2025/12/04 10:12:37 Block Report Received
2025/12/04 10:12:47 Block Report Received
2025/12/04 10:12:57 Block Report Received
2025/12/04 10:13:07 Block Report Received
2025/12/04 10:13:17 Block Report Received
2025/12/04 10:13:27 Block Report Received
2025/12/04 10:13:37 Block Report Received
2025/12/04 10:13:47 Block Report Received
2025/12/04 10:13:57 Block Report Received
2025/12/04 10:14:07 Block Report Received
2025/12/04 10:14:17 Block Report Received
2025/12/04 10:14:27 Block Report Received
2025/12/04 10:14:37 Block Report Received
2025/12/04 10:14:47 Block Report Received
2025/12/04 10:14:57 Block Report Received
2025/12/04 10:15:07 Block Report Received
2025/12/04 10:15:17 Block Report Received
2025/12/04 10:15:27 Block Report Received
2025/12/04 10:15:37 Block Report Received
2025/12/04 10:15:47 Block Report Received
2025/12/04 10:15:57 Block Report Received
2025/12/04 10:16:07 Block Report Received
2025/12/04 10:16:17 Block Report Received
2025/12/04 10:16:27 Block Report Received
2025/12/04 10:16:37 Block Report Received
2025/12/04 10:16:47 Block Report Received
2025/12/04 10:16:57 Block Report Received
2025/12/04 10:17:07 Block Report Received
2025/12/04 10:17:17 Block Report Received
2025/12/04 10:17:27 Block Report Received
2025/12/04 10:17:37 Block Report Received
2025/12/04 10:17:47 Block Report Received
2025/12/04 10:17:57 Block Report Received
2025/12/04 10:18:07 Block Report Received
2025/12/04 10:18:17 Block Report Received
2025/12/04 10:18:27 Block Report Received
2025/12/04 10:18:37 Block Report Received
2025/12/04 10:18:47 Block Report Received
2025/12/04 10:18:58 Block Report Received
2025/12/04 10:19:07 Block Report Received
2025/12/04 10:19:17 Block Report Received
2025/12/04 10:19:27 Block Report Received
2025/12/04 10:19:37 Block Report Received
2025/12/04 10:19:47 Block Report Received
2025/12/04 10:19:57 Block Report Received
2025/12/04 10:20:07 Block Report Received
2025/12/04 10:20:17 Block Report Received
2025/12/04 10:20:27 Block Report Received
2025/12/04 10:20:37 Block Report Received
2025/12/04 10:20:47 Block Report Received
2025/12/04 10:20:57 Block Report Received
2025/12/04 10:21:07 Block Report Received
2025/12/04 10:21:17 Block Report Received
2025/12/04 10:21:27 Block Report Received
2025/12/04 10:21:37 Block Report Received
2025/12/04 10:21:47 Block Report Received
2025/12/04 10:21:57 Block Report Received
2025/12/04 10:22:07 Block Report Received
2025/12/04 10:22:17 Block Report Received
2025/12/04 10:22:27 Block Report Received
2025/12/04 10:22:37 Block Report Received
2025/12/04 10:22:47 Block Report Received
2025/12/04 10:22:57 Block Report Received
2025/12/04 10:23:07 Block Report Received
2025/12/04 10:23:17 Block Report Received
2025/12/04 10:23:27 Block Report Received
2025/12/04 10:23:37 Block Report Received
2025/12/04 10:23:47 Block Report Received
2025/12/04 10:23:57 Block Report Received
2025/12/04 10:24:07 Block Report Received
2025/12/04 10:24:17 Block Report Received
2025/12/04 10:24:27 Block Report Received
2025/12/04 10:24:37 Block Report Received
2025/12/04 10:24:47 Block Report Received
2025/12/04 10:24:57 Block Report Received
2025/12/04 10:25:07 Block Report Received
2025/12/04 10:25:17 Block Report Received
2025/12/04 10:25:27 Block Report Received
2025/12/04 10:25:37 Block Report Received
2025/12/04 10:25:47 Block Report Received
2025/12/04 10:25:57 Block Report Received
2025/12/04 10:26:07 Block Report Received
2025/12/04 10:26:17 Block Report Received
2025/12/04 10:26:27 Block Report Received
2025/12/04 10:26:37 Block Report Received
2025/12/04 10:26:47 Block Report Received
2025/12/04 10:26:57 Block Report Received
2025/12/04 10:27:07 Block Report Received
2025/12/04 10:27:17 Block Report Received
2025/12/04 10:27:27 Block Report Received
2025/12/04 10:27:37 Block Report Received
2025/12/04 10:27:47 Block Report Received
2025/12/04 10:27:57 Block Report Received
2025/12/04 10:28:07 Block Report Received
2025/12/04 10:28:17 Block Report Received
2025/12/04 10:28:27 Block Report Received
2025/12/04 10:28:37 Block Report Received
2025/12/04 10:28:47 Block Report Received
2025/12/04 10:28:57 Block Report Received
2025/12/04 10:29:07 Block Report Received
2025/12/04 10:29:17 Block Report Received
2025/12/04 10:29:27 Block Report Received
2025/12/04 10:29:37 Block Report Received
2025/12/04 10:29:47 Block Report Received
2025/12/04 10:29:57 Block Report Received
2025/12/04 10:30:07 Block Report Received
2025/12/04 10:30:17 Block Report Received
2025/12/04 10:30:27 Block Report Received
2025/12/04 10:30:37 Block Report Received
2025/12/04 10:30:47 Block Report Received
2025/12/04 10:30:57 Block Report Received
2025/12/04 10:31:07 Block Report Received
2025/12/04 10:31:17 Block Report Received
2025/12/04 10:31:27 Block Report Received
2025/12/04 10:31:37 Block Report Received
2025/12/04 10:31:47 Block Report Received
2025/12/04 10:31:57 Block Report Received
2025/12/04 10:32:07 Block Report Received
2025/12/04 10:32:17 Block Report Received
2025/12/04 10:32:27 Block Report Received
2025/12/04 10:32:37 Block Report Received
2025/12/04 10:32:47 Block Report Received
2025/12/04 10:32:57 Block Report Received
2025/12/04 10:33:07 Block Report Received
2025/12/04 10:33:17 Block Report Received
2025/12/04 10:33:27 Block Report Received
2025/12/04 10:33:37 Block Report Received
2025/12/04 10:33:47 Block Report Received
2025/12/04 10:33:57 Block Report Received
2025/12/04 10:34:07 Block Report Received
2025/12/04 10:34:17 Block Report Received
2025/12/04 10:34:27 Block Report Received
2025/12/04 10:34:37 Block Report Received
2025/12/04 10:34:47 Block Report Received
2025/12/04 10:34:57 Block Report Received
2025/12/04 10:35:07 Block Report Received
2025/12/04 10:35:17 Block Report Received
2025/12/04 10:35:27 Block Report Received
2025/12/04 10:35:37 Block Report Received
2025/12/04 10:35:47 Block Report Received
2025/12/04 10:35:57 Block Report Received
2025/12/04 10:36:07 Block Report Received
2025/12/04 10:36:17 Block Report Received
2025/12/04 10:36:27 Block Report Received
2025/12/04 10:36:37 Block Report Received
2025/12/04 10:36:47 Block Report Received
2025/12/04 10:36:57 Block Report Received
2025/12/04 10:37:07 Block Report Received
2025/12/04 10:37:17 Block Report Received
2025/12/04 10:37:27 Block Report Received
2025/12/04 10:37:37 Block Report Received
2025/12/04 10:37:47 Block Report Received
2025/12/04 10:37:57 Block Report Received
2025/12/04 10:38:07 Block Report Received
2025/12/04 10:38:17 Block Report Received
2025/12/04 10:38:27 Block Report Received
2025/12/04 10:38:37 Block Report Received
2025/12/04 10:38:47 Block Report Received
2025/12/04 10:38:57 Block Report Received
2025/12/04 10:39:07 Block Report Received
2025/12/04 10:39:17 Block Report Received
2025/12/04 10:39:27 Block Report Received
2025/12/04 10:39:37 Block Report Received
2025/12/04 10:39:47 Block Report Received
2025/12/04 10:39:57 Block Report Received
2025/12/04 10:40:07 Block Report Received
2025/12/04 10:40:17 Block Report Received
2025/12/04 10:40:27 Block Report Received
2025/12/04 10:40:37 Block Report Received
2025/12/04 10:40:47 Block Report Received
2025/12/04 10:40:57 Block Report Received
2025/12/04 10:41:07 Block Report Received
2025/12/04 10:41:19 Block Report Received
2025/12/04 10:41:29 Block Report Received
2025/12/04 10:41:41 Block Report Received
2025/12/04 10:41:51 Block Report Received
2025/12/04 10:41:57 Block Report Received
2025/12/04 10:42:07 Block Report Received
2025/12/04 10:42:17 Block Report Received
2025/12/04 10:42:27 Block Report Received
2025/12/04 10:42:37 Block Report Received
2025/12/04 10:42:47 Block Report Received
2025/12/04 10:42:57 Block Report Received
2025/12/04 10:43:07 Block Report Received
2025/12/04 10:43:17 Block Report Received
2025/12/04 10:43:27 Block Report Received
2025/12/04 10:43:37 Block Report Received
2025/12/04 10:43:47 Block Report Received
2025/12/04 10:43:57 Block Report Received
2025/12/04 10:44:07 Block Report Received
2025/12/04 10:44:17 Block Report Received
2025/12/04 10:44:27 Block Report Received
2025/12/04 10:44:37 Block Report Received
2025/12/04 10:44:47 Block Report Received
2025/12/04 10:44:57 Block Report Received
2025/12/04 10:45:08 Block Report Received
2025/12/04 10:45:17 Block Report Received
2025/12/04 10:45:28 Block Report Received
2025/12/04 10:45:37 Block Report Received
2025/12/04 10:45:47 Block Report Received
2025/12/04 10:45:58 Block Report Received
2025/12/04 10:46:07 Block Report Received
2025/12/04 10:46:17 Block Report Received
2025/12/04 10:46:27 Block Report Received
2025/12/04 10:46:37 Block Report Received
2025/12/04 10:46:47 Block Report Received
2025/12/04 10:46:57 Block Report Received
2025/12/04 10:47:07 Block Report Received
2025/12/04 10:47:17 Block Report Received
2025/12/04 10:47:27 Block Report Received
2025/12/04 10:47:37 Block Report Received
2025/12/04 10:47:47 Block Report Received
2025/12/04 10:47:57 Block Report Received
2025/12/04 10:48:07 Block Report Received
2025/12/04 10:48:17 Block Report Received
2025/12/04 10:48:27 Block Report Received
2025/12/04 10:48:37 Block Report Received
2025/12/04 10:48:47 Block Report Received
2025/12/04 10:48:57 Block Report Received
2025/12/04 10:49:07 Block Report Received
2025/12/04 10:49:17 Block Report Received
2025/12/04 10:49:27 Block Report Received
2025/12/04 10:49:37 Block Report Received
2025/12/04 10:49:47 Block Report Received
2025/12/04 10:49:57 Block Report Received
2025/12/04 10:50:07 Block Report Received
2025/12/04 10:50:17 Block Report Received
2025/12/04 10:50:27 Block Report Received
2025/12/04 10:50:37 Block Report Received
2025/12/04 10:50:47 Block Report Received
2025/12/04 10:50:57 Block Report Received
2025/12/04 10:51:07 Block Report Received
2025/12/04 10:51:17 Block Report Received
2025/12/04 10:51:27 Block Report Received
2025/12/04 10:51:37 Block Report Received
2025/12/04 10:51:47 Block Report Received
2025/12/04 10:51:57 Block Report Received
2025/12/04 10:52:08 Block Report Received
2025/12/04 10:52:17 Block Report Received
2025/12/04 10:52:27 Block Report Received
2025/12/04 10:52:38 Block Report Received
2025/12/04 10:52:47 Block Report Received
2025/12/04 10:52:57 Block Report Received
2025/12/04 10:53:07 Block Report Received
2025/12/04 10:53:17 Block Report Received
2025/12/04 10:53:27 Block Report Received
2025/12/04 10:53:37 Block Report Received
2025/12/04 10:53:47 Block Report Received
2025/12/04 10:53:57 Block Report Received
2025/12/04 10:54:07 Block Report Received
2025/12/04 10:54:17 Block Report Received
2025/12/04 10:54:27 Block Report Received
2025/12/04 10:54:37 Block Report Received
2025/12/04 10:54:47 Block Report Received
2025/12/04 10:54:57 Block Report Received
2025/12/04 10:55:07 Block Report Received
2025/12/04 10:55:17 Block Report Received
2025/12/04 10:55:27 Block Report Received
2025/12/04 10:55:37 Block Report Received
2025/12/04 10:55:47 Block Report Received
2025/12/04 10:55:57 Block Report Received
2025/12/04 10:56:07 Block Report Received
2025/12/04 10:56:17 Block Report Received
2025/12/04 10:56:27 Block Report Received
2025/12/04 10:56:37 Block Report Received
2025/12/04 10:56:47 Block Report Received
2025/12/04 10:56:57 Block Report Received
2025/12/04 10:57:08 Block Report Received
2025/12/04 10:57:17 Block Report Received
2025/12/04 10:57:27 Block Report Received
2025/12/04 10:57:37 Block Report Received
2025/12/04 10:57:47 Block Report Received
2025/12/04 10:57:57 Block Report Received
2025/12/04 10:58:07 Block Report Received
2025/12/04 10:58:17 Block Report Received
2025/12/04 10:58:27 Block Report Received
2025/12/04 10:58:37 Block Report Received
2025/12/04 10:58:47 Block Report Received
2025/12/04 10:58:57 Block Report Received
2025/12/04 10:59:07 Block Report Received
2025/12/04 10:59:17 Block Report Received
2025/12/04 10:59:27 Block Report Received
2025/12/04 10:59:37 Block Report Received
2025/12/04 10:59:47 Block Report Received
2025/12/04 10:59:57 Block Report Received
2025/12/04 11:00:07 Block Report Received
2025/12/04 11:00:17 Block Report Received
2025/12/04 11:00:27 Block Report Received
2025/12/04 11:00:37 Block Report Received
2025/12/04 11:00:47 Block Report Received
2025/12/04 11:00:57 Block Report Received
2025/12/04 11:01:07 Block Report Received
2025/12/04 11:01:18 Block Report Received
2025/12/04 11:01:27 Block Report Received
2025/12/04 11:01:37 Block Report Received
2025/12/04 11:01:47 Block Report Received
2025/12/04 11:01:57 Block Report Received
2025/12/04 11:02:07 Block Report Received
2025/12/04 11:02:17 Block Report Received
2025/12/04 11:02:27 Block Report Received
2025/12/04 11:02:37 Block Report Received
2025/12/04 11:02:47 Block Report Received
2025/12/04 11:02:57 Block Report Received
2025/12/04 11:03:09 Block Report Received
2025/12/04 11:03:18 Block Report Received
2025/12/04 11:03:31 Block Report Received
2025/12/04 11:03:39 Block Report Received
2025/12/04 11:03:49 Block Report Received
2025/12/04 11:03:59 Block Report Received
2025/12/04 11:04:08 Block Report Received
2025/12/04 11:04:19 Block Report Received
2025/12/04 11:04:29 Block Report Received
2025/12/04 11:04:39 Block Report Received
2025/12/04 11:04:49 Block Report Received
2025/12/04 11:05:02 Block Report Received
2025/12/04 11:05:08 Block Report Received
2025/12/04 11:05:17 Block Report Received
2025/12/04 11:05:27 Block Report Received
2025/12/04 11:05:37 Block Report Received
2025/12/04 11:05:47 Block Report Received
2025/12/04 11:05:58 Block Report Received
2025/12/04 11:06:07 Block Report Received
2025/12/04 11:06:17 Block Report Received
2025/12/04 11:06:27 Block Report Received
2025/12/04 11:06:37 Block Report Received
2025/12/04 11:06:47 Block Report Received
2025/12/04 11:06:57 Block Report Received
2025/12/04 11:07:07 Block Report Received
2025/12/04 11:07:17 Block Report Received
2025/12/04 11:07:27 Block Report Received
2025/12/04 11:07:37 Block Report Received
2025/12/04 11:07:47 Block Report Received
2025/12/04 11:07:58 Block Report Received
2025/12/04 11:08:07 Block Report Received
2025/12/04 11:08:17 Block Report Received
2025/12/04 11:08:27 Block Report Received
2025/12/04 11:08:37 Block Report Received
2025/12/04 11:08:47 Block Report Received
2025/12/04 11:08:57 Block Report Received
2025/12/04 11:09:07 Block Report Received
2025/12/04 11:09:17 Block Report Received
2025/12/04 11:09:27 Block Report Received
2025/12/04 11:09:37 Block Report Received
2025/12/04 11:09:47 Block Report Received
2025/12/04 11:09:57 Block Report Received
2025/12/04 11:10:07 Block Report Received
2025/12/04 11:10:17 Block Report Received
2025/12/04 11:10:27 Block Report Received
2025/12/04 11:10:37 Block Report Received
2025/12/04 11:10:47 Block Report Received
2025/12/04 11:10:57 Block Report Received
2025/12/04 11:11:07 Block Report Received
2025/12/04 11:11:17 Block Report Received
2025/12/04 11:11:27 Block Report Received
2025/12/04 11:11:37 Block Report Received
2025/12/04 11:11:47 Block Report Received
2025/12/04 11:11:57 Block Report Received
2025/12/04 11:12:07 Block Report Received
2025/12/04 11:12:17 Block Report Received
2025/12/04 11:12:27 Block Report Received
2025/12/04 11:12:37 Block Report Received
2025/12/04 11:12:47 Block Report Received
2025/12/04 11:12:57 Block Report Received
2025/12/04 11:13:07 Block Report Received
2025/12/04 11:13:17 Block Report Received
2025/12/04 11:13:27 Block Report Received
2025/12/04 11:13:37 Block Report Received
2025/12/04 11:13:47 Block Report Received
2025/12/04 11:13:58 Block Report Received
2025/12/04 11:14:07 Block Report Received
2025/12/04 11:14:17 Block Report Received
2025/12/04 11:14:27 Block Report Received
2025/12/04 11:14:37 Block Report Received
2025/12/04 11:14:47 Block Report Received
2025/12/04 11:14:57 Block Report Received
2025/12/04 11:15:07 Block Report Received
2025/12/04 11:15:17 Block Report Received
2025/12/04 11:15:27 Block Report Received
2025/12/04 11:15:37 Block Report Received
2025/12/04 11:15:47 Block Report Received
2025/12/04 11:15:57 Block Report Received
2025/12/04 11:16:07 Block Report Received
2025/12/04 11:16:17 Block Report Received
2025/12/04 11:16:27 Block Report Received
2025/12/04 11:16:37 Block Report Received
2025/12/04 11:16:47 Block Report Received
2025/12/04 11:16:57 Block Report Received
2025/12/04 11:17:07 Block Report Received
2025/12/04 11:17:17 Block Report Received
2025/12/04 11:17:27 Block Report Received
2025/12/04 11:17:37 Block Report Received
2025/12/04 11:17:47 Block Report Received
2025/12/04 11:17:57 Block Report Received
2025/12/04 11:18:07 Block Report Received
2025/12/04 11:18:17 Block Report Received
2025/12/04 11:18:27 Block Report Received
2025/12/04 11:18:37 Block Report Received
2025/12/04 11:18:47 Block Report Received
2025/12/04 11:18:57 Block Report Received
2025/12/04 11:19:07 Block Report Received
2025/12/04 11:19:17 Block Report Received
2025/12/04 11:19:27 Block Report Received
2025/12/04 11:19:37 Block Report Received
2025/12/04 11:19:47 Block Report Received
2025/12/04 11:19:57 Block Report Received
2025/12/04 11:20:07 Block Report Received
2025/12/04 11:20:17 Block Report Received
2025/12/04 11:20:27 Block Report Received
2025/12/04 11:20:37 Block Report Received
2025/12/04 11:20:47 Block Report Received
2025/12/04 11:20:58 Block Report Received
2025/12/04 11:21:07 Block Report Received
2025/12/04 11:21:17 Block Report Received
2025/12/04 11:21:27 Block Report Received
2025/12/04 11:21:37 Block Report Received
2025/12/04 11:21:47 Block Report Received
2025/12/04 11:21:57 Block Report Received
2025/12/04 11:22:07 Block Report Received
2025/12/04 11:22:17 Block Report Received
2025/12/04 11:22:27 Block Report Received
2025/12/04 11:22:37 Block Report Received
2025/12/04 11:22:47 Block Report Received
2025/12/04 11:22:57 Block Report Received
2025/12/04 11:23:07 Block Report Received
2025/12/04 11:23:17 Block Report Received
2025/12/04 11:23:27 Block Report Received
2025/12/04 11:23:37 Block Report Received
2025/12/04 11:23:47 Block Report Received
2025/12/04 11:23:57 Block Report Received
2025/12/04 11:24:07 Block Report Received
2025/12/04 11:24:17 Block Report Received
2025/12/04 11:24:27 Block Report Received
2025/12/04 11:24:37 Block Report Received
2025/12/04 11:24:47 Block Report Received
2025/12/04 11:24:57 Block Report Received
2025/12/04 11:25:07 Block Report Received
2025/12/04 11:25:17 Block Report Received
2025/12/04 11:25:27 Block Report Received
2025/12/04 11:25:37 Block Report Received
2025/12/04 11:25:47 Block Report Received
2025/12/04 11:25:57 Block Report Received
2025/12/04 11:26:07 Block Report Received
2025/12/04 11:26:17 Block Report Received
2025/12/04 11:26:27 Block Report Received
2025/12/04 11:26:37 Block Report Received
2025/12/04 11:26:47 Block Report Received
2025/12/04 11:26:57 Block Report Received
2025/12/04 11:27:07 Block Report Received
2025/12/04 11:27:17 Block Report Received
2025/12/04 11:27:27 Block Report Received
2025/12/04 11:27:37 Block Report Received
2025/12/04 11:27:47 Block Report Received
2025/12/04 11:27:57 Block Report Received
2025/12/04 11:28:07 Block Report Received
2025/12/04 11:28:17 Block Report Received
2025/12/04 11:28:27 Block Report Received
2025/12/04 11:28:37 Block Report Received
2025/12/04 11:28:47 Block Report Received
2025/12/04 11:28:57 Block Report Received
2025/12/04 11:29:07 Block Report Received
2025/12/04 11:29:17 Block Report Received
2025/12/04 11:29:27 Block Report Received
2025/12/04 11:29:37 Block Report Received
2025/12/04 11:29:47 Block Report Received
2025/12/04 11:29:57 Block Report Received
2025/12/04 11:30:07 Block Report Received
2025/12/04 11:30:17 Block Report Received
2025/12/04 11:30:27 Block Report Received
2025/12/04 11:30:37 Block Report Received
2025/12/04 11:30:47 Block Report Received
2025/12/04 11:30:57 Block Report Received
2025/12/04 11:31:07 Block Report Received
2025/12/04 11:31:17 Block Report Received
2025/12/04 11:31:27 Block Report Received
2025/12/04 11:31:37 Block Report Received
2025/12/04 11:31:47 Block Report Received
2025/12/04 11:31:57 Block Report Received
2025/12/04 11:32:07 Block Report Received
2025/12/04 11:32:17 Block Report Received
2025/12/04 11:32:27 Block Report Received
2025/12/04 11:32:38 Block Report Received
2025/12/04 11:32:47 Block Report Received
2025/12/04 11:32:57 Block Report Received
2025/12/04 11:33:07 Block Report Received
2025/12/04 11:33:17 Block Report Received
2025/12/04 11:33:27 Block Report Received
2025/12/04 11:33:37 Block Report Received
2025/12/04 11:33:47 Block Report Received
2025/12/04 11:33:57 Block Report Received
2025/12/04 11:34:07 Block Report Received
2025/12/04 11:34:17 Block Report Received
2025/12/04 11:34:27 Block Report Received
2025/12/04 11:34:37 Block Report Received
2025/12/04 11:34:47 Block Report Received
2025/12/04 11:34:57 Block Report Received
2025/12/04 11:35:07 Block Report Received
2025/12/04 11:35:17 Block Report Received
2025/12/04 11:35:27 Block Report Received
2025/12/04 11:35:37 Block Report Received
2025/12/04 11:35:47 Block Report Received
2025/12/04 11:35:58 Block Report Received
2025/12/04 11:36:07 Block Report Received
2025/12/04 11:36:17 Block Report Received
2025/12/04 11:36:28 Block Report Received
2025/12/04 11:36:38 Block Report Received
2025/12/04 11:36:47 Block Report Received
2025/12/04 11:36:58 Block Report Received
2025/12/04 11:37:07 Block Report Received
2025/12/04 11:37:17 Block Report Received
2025/12/04 11:37:27 Block Report Received
2025/12/04 11:37:37 Block Report Received
2025/12/04 11:37:47 Block Report Received
2025/12/04 11:37:58 Block Report Received
2025/12/04 11:38:08 Block Report Received
2025/12/04 11:38:18 Block Report Received
2025/12/04 11:38:27 Block Report Received
2025/12/04 11:38:37 Block Report Received
2025/12/04 11:38:47 Block Report Received
2025/12/04 11:38:58 Block Report Received
2025/12/04 11:39:07 Block Report Received
2025/12/04 11:39:17 Block Report Received
2025/12/04 11:39:27 Block Report Received
2025/12/04 11:39:37 Block Report Received
2025/12/04 11:39:48 Block Report Received
2025/12/04 11:39:58 Block Report Received
2025/12/04 11:40:08 Block Report Received
2025/12/04 11:40:17 Block Report Received
2025/12/04 11:40:27 Block Report Received
2025/12/04 11:40:37 Block Report Received
2025/12/04 11:40:47 Block Report Received
2025/12/04 11:40:58 Block Report Received
2025/12/04 11:41:07 Block Report Received
2025/12/04 11:41:17 Block Report Received
2025/12/04 11:41:28 Block Report Received
2025/12/04 11:41:37 Block Report Received
2025/12/04 11:41:48 Block Report Received
2025/12/04 11:41:58 Block Report Received
2025/12/04 11:42:07 Block Report Received
2025/12/04 11:42:17 Block Report Received
2025/12/04 11:42:27 Block Report Received
2025/12/04 11:42:37 Block Report Received
2025/12/04 11:42:47 Block Report Received
2025/12/04 12:13:55 Block Report Received
2025/12/04 12:14:05 Block Report Received
2025/12/04 12:14:15 Block Report Received
2025/12/04 12:14:25 Block Report Received
2025/12/04 12:14:35 Block Report Received
2025/12/04 12:14:45 Block Report Received
2025/12/04 12:14:55 Block Report Received
2025/12/04 12:15:05 Block Report Received
2025/12/04 12:15:15 Block Report Received
2025/12/04 12:15:25 Block Report Received
2025/12/04 12:15:35 Block Report Received
2025/12/04 12:15:45 Block Report Received
2025/12/04 12:15:55 Block Report Received
2025/12/04 12:16:05 Block Report Received
2025/12/04 12:16:15 Block Report Received
2025/12/04 12:16:25 Block Report Received
2025/12/04 12:16:35 Block Report Received
2025/12/04 12:16:45 Block Report Received
2025/12/04 12:16:55 Block Report Received
2025/12/04 12:17:05 Block Report Received
2025/12/04 12:17:15 Block Report Received
2025/12/04 12:17:25 Block Report Received
2025/12/04 12:17:35 Block Report Received
2025/12/04 12:17:45 Block Report Received
2025/12/04 12:17:55 Block Report Received
2025/12/04 12:18:05 Block Report Received
2025/12/04 12:18:15 Block Report Received
2025/12/04 12:18:25 Block Report Received
2025/12/04 12:18:35 Block Report Received
2025/12/04 12:18:45 Block Report Received
2025/12/04 12:18:55 Block Report Received
2025/12/04 12:19:05 Block Report Received
2025/12/04 12:19:15 Block Report Received
2025/12/04 12:19:25 Block Report Received
2025/12/04 12:19:35 Block Report Received
2025/12/04 12:19:45 Block Report Received
2025/12/04 12:19:55 Block Report Received
2025/12/04 12:20:05 Block Report Received
2025/12/04 12:20:15 Block Report Received
2025/12/04 12:20:25 Block Report Received
2025/12/04 12:20:35 Block Report Received
2025/12/04 12:20:45 Block Report Received
2025/12/04 12:20:55 Block Report Received
2025/12/04 12:21:05 Block Report Received
2025/12/04 12:21:15 Block Report Received
2025/12/04 12:21:25 Block Report Received
2025/12/04 12:21:35 Block Report Received
2025/12/04 12:21:45 Block Report Received
2025/12/04 12:21:55 Block Report Received
2025/12/04 12:22:05 Block Report Received
2025/12/04 12:22:15 Block Report Received
2025/12/04 12:22:25 Block Report Received
2025/12/04 12:22:35 Block Report Received
2025/12/04 12:22:45 Block Report Received
2025/12/04 12:22:55 Block Report Received
2025/12/04 12:23:05 Block Report Received
2025/12/04 12:23:15 Block Report Received
2025/12/04 12:23:25 Block Report Received
2025/12/04 12:23:35 Block Report Received
2025/12/04 12:23:45 Block Report Received
2025/12/04 12:23:55 Block Report Received
2025/12/04 12:24:05 Block Report Received
2025/12/04 12:24:15 Block Report Received
2025/12/04 12:24:25 Block Report Received
2025/12/04 12:24:35 Block Report Received
2025/12/04 12:24:45 Block Report Received
2025/12/04 12:24:55 Block Report Received
2025/12/04 12:25:05 Block Report Received
2025/12/04 12:25:15 Block Report Received
2025/12/04 12:25:25 Block Report Received
2025/12/04 12:25:35 Block Report Received
2025/12/04 12:25:45 Block Report Received
2025/12/04 12:25:55 Block Report Received
2025/12/04 12:26:05 Block Report Received
2025/12/04 12:26:15 Block Report Received
2025/12/04 12:26:25 Block Report Received
2025/12/04 12:26:35 Block Report Received
2025/12/04 12:26:45 Block Report Received
2025/12/04 12:26:55 Block Report Received
2025/12/04 12:27:05 Block Report Received
2025/12/04 12:27:15 Block Report Received
2025/12/04 12:27:25 Block Report Received
2025/12/04 12:27:35 Block Report Received
2025/12/04 12:27:45 Block Report Received
2025/12/04 12:27:55 Block Report Received
2025/12/04 12:28:05 Block Report Received
2025/12/04 12:28:15 Block Report Received
2025/12/04 12:28:25 Block Report Received
2025/12/04 12:28:35 Block Report Received
2025/12/04 12:28:45 Block Report Received
2025/12/04 12:28:55 Block Report Received
2025/12/04 12:29:05 Block Report Received
2025/12/04 12:29:15 Block Report Received
2025/12/04 12:29:25 Block Report Received
2025/12/04 12:29:35 Block Report Received
2025/12/04 12:29:45 Block Report Received
2025/12/04 12:29:55 Block Report Received
2025/12/04 12:30:05 Block Report Received
2025/12/04 12:30:15 Block Report Received
2025/12/04 12:30:25 Block Report Received
2025/12/04 12:30:35 Block Report Received
2025/12/04 12:30:45 Block Report Received
2025/12/04 12:30:55 Block Report Received
2025/12/04 12:31:05 Block Report Received
2025/12/04 12:31:15 Block Report Received
2025/12/04 12:31:25 Block Report Received
2025/12/04 12:31:35 Block Report Received
2025/12/04 12:31:45 Block Report Received
2025/12/04 12:31:55 Block Report Received
2025/12/04 12:32:05 Block Report Received
2025/12/04 12:32:15 Block Report Received
2025/12/04 12:32:25 Block Report Received
2025/12/04 12:32:35 Block Report Received
2025/12/04 12:32:45 Block Report Received
2025/12/04 12:32:55 Block Report Received
2025/12/04 12:33:05 Block Report Received
2025/12/04 12:33:15 Block Report Received
2025/12/04 12:33:25 Block Report Received
2025/12/04 12:33:35 Block Report Received
2025/12/04 12:33:45 Block Report Received
2025/12/04 12:33:55 Block Report Received
2025/12/04 12:34:05 Block Report Received
2025/12/04 12:34:15 Block Report Received
2025/12/04 12:34:25 Block Report Received
2025/12/04 12:34:35 Block Report Received
2025/12/04 12:34:45 Block Report Received
2025/12/04 12:34:55 Block Report Received
2025/12/04 12:35:05 Block Report Received
2025/12/04 12:35:15 Block Report Received
2025/12/04 12:35:25 Block Report Received
2025/12/04 12:35:35 Block Report Received
2025/12/04 12:35:45 Block Report Received
2025/12/04 12:35:55 Block Report Received
2025/12/04 12:36:05 Block Report Received
2025/12/04 12:36:15 Block Report Received
2025/12/04 12:36:25 Block Report Received
2025/12/04 12:36:35 Block Report Received
2025/12/04 12:36:45 Block Report Received
2025/12/04 12:36:55 Block Report Received
2025/12/04 12:37:05 Block Report Received
2025/12/04 12:37:15 Block Report Received
2025/12/04 12:37:25 Block Report Received
2025/12/04 12:37:35 Block Report Received
2025/12/04 12:37:45 Block Report Received
2025/12/04 12:37:55 Block Report Received
2025/12/04 12:38:05 Block Report Received
2025/12/04 12:38:15 Block Report Received
2025/12/04 12:38:25 Block Report Received
2025/12/04 12:38:35 Block Report Received
2025/12/04 12:38:45 Block Report Received
2025/12/04 12:38:55 Block Report Received
2025/12/04 12:39:05 Block Report Received
2025/12/04 12:39:15 Block Report Received
2025/12/04 12:39:25 Block Report Received
2025/12/04 12:39:35 Block Report Received
2025/12/04 12:39:45 Block Report Received
2025/12/04 12:39:55 Block Report Received
2025/12/04 12:40:05 Block Report Received
2025/12/04 12:40:15 Block Report Received
2025/12/04 12:40:25 Block Report Received
2025/12/04 12:40:35 Block Report Received
2025/12/04 12:40:45 Block Report Received
2025/12/04 12:40:55 Block Report Received
2025/12/04 12:41:05 Block Report Received
2025/12/04 12:41:15 Block Report Received
2025/12/04 12:41:25 Block Report Received
2025/12/04 12:41:35 Block Report Received
2025/12/04 12:41:45 Block Report Received
2025/12/04 12:41:55 Block Report Received
2025/12/04 12:42:05 Block Report Received
2025/12/04 12:42:15 Block Report Received
2025/12/04 12:42:25 Block Report Received
2025/12/04 12:42:35 Block Report Received
2025/12/04 12:42:45 Block Report Received
2025/12/04 12:42:55 Block Report Received
2025/12/04 12:43:05 Block Report Received
2025/12/04 12:43:15 Block Report Received
2025/12/04 12:43:25 Block Report Received
2025/12/04 12:43:35 Block Report Received
2025/12/04 12:43:45 Block Report Received
2025/12/04 12:43:55 Block Report Received
2025/12/04 12:44:05 Block Report Received
2025/12/04 12:44:15 Block Report Received
2025/12/04 12:44:25 Block Report Received
2025/12/04 12:44:35 Block Report Received
2025/12/04 12:44:45 Block Report Received
2025/12/04 12:44:55 Block Report Received
2025/12/04 12:45:05 Block Report Received
2025/12/04 12:45:15 Block Report Received
2025/12/04 12:45:25 Block Report Received
2025/12/04 12:45:35 Block Report Received
2025/12/04 12:45:45 Block Report Received
2025/12/04 12:45:55 Block Report Received
2025/12/04 12:46:05 Block Report Received
2025/12/04 12:46:15 Block Report Received
2025/12/04 12:46:25 Block Report Received
2025/12/04 12:46:35 Block Report Received
2025/12/04 12:46:45 Block Report Received
2025/12/04 12:46:55 Block Report Received
2025/12/04 12:47:05 Block Report Received
2025/12/04 12:47:15 Block Report Received
2025/12/04 12:47:25 Block Report Received
2025/12/04 12:47:35 Block Report Received
2025/12/04 12:47:45 Block Report Received
2025/12/04 12:47:55 Block Report Received
2025/12/04 12:48:05 Block Report Received
2025/12/04 12:48:15 Block Report Received
2025/12/04 12:48:25 Block Report Received
2025/12/04 12:48:35 Block Report Received
2025/12/04 12:48:45 Block Report Received
2025/12/04 12:48:55 Block Report Received
2025/12/04 12:49:05 Block Report Received
2025/12/04 12:49:15 Block Report Received
2025/12/04 12:49:25 Block Report Received
2025/12/04 12:49:35 Block Report Received
2025/12/04 12:49:45 Block Report Received
2025/12/04 12:49:55 Block Report Received
2025/12/04 12:50:05 Block Report Received
2025/12/04 12:50:15 Block Report Received
2025/12/04 12:50:25 Block Report Received
2025/12/04 12:50:35 Block Report Received
2025/12/04 12:50:45 Block Report Received
2025/12/04 12:50:55 Block Report Received
2025/12/04 12:51:05 Block Report Received
2025/12/04 12:51:15 Block Report Received
2025/12/04 12:51:25 Block Report Received
2025/12/04 12:51:35 Block Report Received
2025/12/04 12:51:45 Block Report Received
2025/12/04 12:51:55 Block Report Received
2025/12/04 12:52:05 Block Report Received
2025/12/04 12:52:15 Block Report Received
2025/12/04 12:52:25 Block Report Received
2025/12/04 12:52:35 Block Report Received
2025/12/04 12:52:45 Block Report Received
2025/12/04 12:52:55 Block Report Received
2025/12/04 12:53:05 Block Report Received
2025/12/04 12:53:15 Block Report Received
2025/12/04 12:53:25 Block Report Received
2025/12/04 12:53:35 Block Report Received
2025/12/04 12:53:45 Block Report Received
2025/12/04 12:53:55 Block Report Received
2025/12/04 12:54:05 Block Report Received
2025/12/04 12:54:15 Block Report Received
2025/12/04 12:54:25 Block Report Received
2025/12/04 12:54:35 Block Report Received
2025/12/04 12:54:45 Block Report Received
2025/12/04 12:54:55 Block Report Received
2025/12/04 12:55:05 Block Report Received
2025/12/04 12:55:15 Block Report Received
2025/12/04 12:55:25 Block Report Received
2025/12/04 12:55:35 Block Report Received
2025/12/04 12:55:45 Block Report Received
2025/12/04 12:55:55 Block Report Received
2025/12/04 12:56:05 Block Report Received
2025/12/04 12:56:15 Block Report Received
2025/12/04 12:56:25 Block Report Received
2025/12/04 12:56:35 Block Report Received
2025/12/04 12:56:45 Block Report Received
2025/12/04 12:56:55 Block Report Received
2025/12/04 12:57:05 Block Report Received
2025/12/04 12:57:15 Block Report Received
2025/12/04 12:57:25 Block Report Received
2025/12/04 12:57:35 Block Report Received
2025/12/04 12:57:45 Block Report Received
2025/12/04 12:57:55 Block Report Received
2025/12/04 12:58:05 Block Report Received
2025/12/04 12:58:15 Block Report Received
2025/12/04 12:58:25 Block Report Received
2025/12/04 12:58:35 Block Report Received
2025/12/04 12:58:45 Block Report Received
2025/12/04 12:58:55 Block Report Received
2025/12/04 12:59:05 Block Report Received
2025/12/04 12:59:15 Block Report Received
2025/12/04 12:59:25 Block Report Received
2025/12/04 12:59:35 Block Report Received
2025/12/04 12:59:45 Block Report Received
2025/12/04 12:59:55 Block Report Received
2025/12/04 13:00:05 Block Report Received
2025/12/04 13:00:15 Block Report Received
2025/12/04 13:00:25 Block Report Received
2025/12/04 13:00:35 Block Report Received
2025/12/04 13:00:45 Block Report Received
2025/12/04 13:00:55 Block Report Received
2025/12/04 13:01:05 Block Report Received
2025/12/04 13:01:15 Block Report Received
2025/12/04 13:01:25 Block Report Received
2025/12/04 13:01:35 Block Report Received
2025/12/04 13:01:45 Block Report Received
2025/12/04 13:01:55 Block Report Received
2025/12/04 13:02:05 Block Report Received
2025/12/04 13:02:15 Block Report Received
2025/12/04 13:02:25 Block Report Received
2025/12/04 13:02:35 Block Report Received
2025/12/04 13:02:45 Block Report Received
2025/12/04 13:02:55 Block Report Received
2025/12/04 13:03:05 Block Report Received
2025/12/04 13:03:15 Block Report Received
2025/12/04 13:03:25 Block Report Received
2025/12/04 13:03:35 Block Report Received
2025/12/04 13:03:45 Block Report Received
2025/12/04 13:03:55 Block Report Received
2025/12/04 13:04:05 Block Report Received
2025/12/04 13:04:15 Block Report Received
2025/12/04 13:04:25 Block Report Received
2025/12/04 13:04:35 Block Report Received
2025/12/04 13:04:45 Block Report Received
2025/12/04 13:04:55 Block Report Received
2025/12/04 13:05:05 Block Report Received
2025/12/04 13:05:15 Block Report Received
2025/12/04 13:05:25 Block Report Received
2025/12/04 13:05:35 Block Report Received
2025/12/04 13:05:45 Block Report Received
2025/12/04 13:05:55 Block Report Received
2025/12/04 13:06:05 Block Report Received
2025/12/04 13:06:15 Block Report Received
2025/12/04 13:06:25 Block Report Received
2025/12/04 13:06:35 Block Report Received
2025/12/04 13:06:45 Block Report Received
2025/12/04 13:06:55 Block Report Received
2025/12/04 13:07:05 Block Report Received
2025/12/04 13:07:15 Block Report Received
2025/12/04 13:07:25 Block Report Received
2025/12/04 13:07:35 Block Report Received
2025/12/04 13:07:45 Block Report Received
2025/12/04 13:07:55 Block Report Received
2025/12/04 13:08:05 Block Report Received
2025/12/04 13:08:15 Block Report Received
2025/12/04 13:08:25 Block Report Received
2025/12/04 13:08:35 Block Report Received
2025/12/04 13:08:45 Block Report Received
2025/12/04 13:08:55 Block Report Received
2025/12/04 13:09:05 Block Report Received
2025/12/04 13:09:15 Block Report Received
2025/12/04 13:09:25 Block Report Received
2025/12/04 13:09:35 Block Report Received
2025/12/04 13:09:45 Block Report Received
2025/12/04 13:09:55 Block Report Received
2025/12/04 13:10:05 Block Report Received
2025/12/04 13:10:15 Block Report Received
2025/12/04 13:10:25 Block Report Received
2025/12/04 13:10:35 Block Report Received
2025/12/04 13:10:45 Block Report Received
2025/12/04 13:10:55 Block Report Received
2025/12/04 13:11:05 Block Report Received
2025/12/04 13:11:15 Block Report Received
2025/12/04 13:11:25 Block Report Received
2025/12/04 13:11:35 Block Report Received
2025/12/04 13:11:45 Block Report Received
2025/12/04 13:11:55 Block Report Received
2025/12/04 13:12:05 Block Report Received
2025/12/04 13:12:15 Block Report Received
2025/12/04 13:12:25 Block Report Received
2025/12/04 13:12:35 Block Report Received
2025/12/04 13:12:45 Block Report Received
2025/12/04 13:12:55 Block Report Received
2025/12/04 13:13:05 Block Report Received
2025/12/04 13:13:15 Block Report Received
2025/12/04 13:13:25 Block Report Received
2025/12/04 13:13:35 Block Report Received
2025/12/04 13:13:45 Block Report Received
2025/12/04 13:13:55 Block Report Received
2025/12/04 13:14:05 Block Report Received
2025/12/04 13:14:15 Block Report Received
2025/12/04 13:14:25 Block Report Received
2025/12/04 13:14:35 Block Report Received
2025/12/04 13:14:45 Block Report Received
2025/12/04 13:14:55 Block Report Received
2025/12/04 13:15:05 Block Report Received
2025/12/04 13:15:15 Block Report Received
2025/12/04 13:15:25 Block Report Received
2025/12/04 13:15:35 Block Report Received
2025/12/04 13:15:45 Block Report Received
2025/12/04 13:15:55 Block Report Received
2025/12/04 13:16:05 Block Report Received
2025/12/04 13:16:15 Block Report Received
2025/12/04 13:16:25 Block Report Received
2025/12/04 13:16:35 Block Report Received
2025/12/04 13:16:45 Block Report Received
2025/12/04 13:16:55 Block Report Received
2025/12/04 13:17:05 Block Report Received
2025/12/04 13:17:15 Block Report Received
2025/12/04 13:17:25 Block Report Received
2025/12/04 13:17:35 Block Report Received
2025/12/04 13:17:45 Block Report Received
2025/12/04 13:17:55 Block Report Received
2025/12/04 13:18:05 Block Report Received
2025/12/04 13:18:15 Block Report Received
2025/12/04 13:18:25 Block Report Received
2025/12/04 13:18:35 Block Report Received
2025/12/04 13:18:45 Block Report Received
2025/12/04 13:18:55 Block Report Received
2025/12/04 13:19:05 Block Report Received
2025/12/04 13:19:15 Block Report Received
2025/12/04 13:19:25 Block Report Received
2025/12/04 13:19:35 Block Report Received
2025/12/04 13:19:45 Block Report Received
2025/12/04 13:19:55 Block Report Received
2025/12/04 13:20:05 Block Report Received
2025/12/04 13:20:15 Block Report Received
2025/12/04 13:20:25 Block Report Received
2025/12/04 13:20:35 Block Report Received
2025/12/04 13:20:45 Block Report Received
2025/12/04 13:20:55 Block Report Received
2025/12/04 13:21:05 Block Report Received
2025/12/04 13:21:15 Block Report Received
2025/12/04 13:21:25 Block Report Received
2025/12/04 13:21:35 Block Report Received
2025/12/04 13:21:45 Block Report Received
2025/12/04 13:21:55 Block Report Received
2025/12/04 13:22:05 Block Report Received
2025/12/04 13:22:15 Block Report Received
2025/12/04 13:22:25 Block Report Received
2025/12/04 13:22:35 Block Report Received
2025/12/04 13:22:45 Block Report Received
2025/12/04 13:22:55 Block Report Received
2025/12/04 13:23:05 Block Report Received
2025/12/04 13:23:15 Block Report Received
2025/12/04 13:23:25 Block Report Received
2025/12/04 13:23:35 Block Report Received
2025/12/04 13:23:45 Block Report Received
2025/12/04 13:23:55 Block Report Received
2025/12/04 13:24:05 Block Report Received
2025/12/04 13:24:15 Block Report Received
2025/12/04 13:24:24 ⚠️  Connection to NameNode lost: rpc error: code = DeadlineExceeded desc = context deadline exceeded
2025/12/04 13:24:24 🔄 Attempting to reconnect...
2025/12/04 13:24:24 🛑 Block report stopped
2025/12/04 13:25:29 ⚠️  Primary NameNode localhost:8080 unavailable, trying alternates...
2025/12/04 13:25:30 ✅ Connected to NameNode at localhost:8081
2025/12/04 13:25:30 ✅ Reconnected to NameNode at localhost:8081
2025/12/04 15:03:08 🧩 DataNode 3d5e04d4-db7f-4080-952c-87f5c85e84af registration status: Registered
2025/12/04 15:03:08 🔄 Block report restarted
2025/12/04 15:03:18 Block Report Received
2025/12/04 15:03:28 Block Report Received
2025/12/04 15:03:39 Block Report Received
2025/12/04 15:03:48 Block Report Received
2025/12/04 15:03:58 Block Report Received
2025/12/04 15:04:08 Block Report Received
2025/12/04 15:04:18 Block Report Received
2025/12/04 15:04:28 Block Report Received
2025/12/04 15:04:38 Block Report Received
2025/12/04 15:04:48 Block Report Received
2025/12/04 15:04:58 Block Report Received
2025/12/04 15:05:08 Block Report Received
2025/12/04 15:05:18 Block Report Received
2025/12/04 15:05:28 Block Report Received
2025/12/04 15:05:38 Block Report Received
2025/12/04 15:05:48 Block Report Received
2025/12/04 15:05:58 Block Report Received
2025/12/04 15:06:08 Block Report Received
2025/12/04 15:06:18 Block Report Received
2025/12/04 15:06:28 Block Report Received
2025/12/04 15:06:38 Block Report Received
2025/12/04 15:06:48 Block Report Received
2025/12/04 15:06:58 Block Report Received
2025/12/04 15:07:08 Block Report Received
2025/12/04 15:07:18 Block Report Received
2025/12/04 15:07:28 Block Report Received
2025/12/04 15:07:38 Block Report Received
2025/12/04 15:07:48 Block Report Received
2025/12/04 15:07:58 Block Report Received
2025/12/04 15:08:08 Block Report Received
2025/12/04 15:08:18 Block Report Received
2025/12/04 15:08:28 Block Report Received
2025/12/04 15:08:38 Block Report Received
2025/12/04 15:08:48 Block Report Received
2025/12/04 15:08:58 Block Report Received
2025/12/04 15:09:08 Block Report Received
2025/12/04 15:09:18 Block Report Received
2025/12/04 15:09:28 Block Report Received
2025/12/04 15:09:38 Block Report Received
2025/12/04 15:09:48 Block Report Received
2025/12/04 15:09:58 Block Report Received
2025/12/04 15:10:08 Block Report Received
2025/12/04 15:10:18 Block Report Received
2025/12/04 15:10:28 Block Report Received
2025/12/04 15:10:38 Block Report Received
2025/12/04 15:10:48 Block Report Received
2025/12/04 15:10:58 Block Report Received
2025/12/04 15:11:08 Block Report Received
2025/12/04 15:11:18 Block Report Received
2025/12/04 15:11:28 Block Report Received
2025/12/04 15:11:38 Block Report Received
2025/12/04 15:11:48 Block Report Received
2025/12/04 15:11:58 Block Report Received
2025/12/04 15:12:08 Block Report Received
2025/12/04 15:12:18 Block Report Received
2025/12/04 15:12:28 Block Report Received
2025/12/04 15:12:38 Block Report Received
2025/12/04 15:12:48 Block Report Received
2025/12/04 15:12:58 Block Report Received
2025/12/04 15:13:08 Block Report Received
2025/12/04 15:13:18 Block Report Received
2025/12/04 15:13:28 Block Report Received
2025/12/04 15:13:38 Block Report Received
2025/12/04 15:13:48 Block Report Received
2025/12/04 15:13:58 Block Report Received
2025/12/04 15:14:08 Block Report Received
2025/12/04 15:14:18 Block Report Received
2025/12/04 15:14:28 Block Report Received
2025/12/04 15:14:38 Block Report Received
2025/12/04 15:14:48 Block Report Received
2025/12/04 15:14:58 Block Report Received
2025/12/04 15:15:08 Block Report Received
2025/12/04 15:15:18 Block Report Received
2025/12/04 15:15:28 Block Report Received
2025/12/04 15:15:38 Block Report Received
2025/12/04 15:15:48 Block Report Received
2025/12/04 15:15:58 Block Report Received
2025/12/04 15:16:08 Block Report Received
2025/12/04 15:16:18 Block Report Received
2025/12/04 15:16:28 Block Report Received
2025/12/04 15:16:38 Block Report Received
2025/12/04 15:16:48 Block Report Received
2025/12/04 15:16:58 Block Report Received
2025/12/04 15:17:08 Block Report Received
2025/12/04 15:17:18 Block Report Received
2025/12/04 15:17:28 Block Report Received
2025/12/04 15:17:38 Block Report Received
2025/12/04 15:17:48 Block Report Received
2025/12/04 15:17:58 Block Report Received
2025/12/04 15:18:08 Block Report Received
2025/12/04 15:18:18 Block Report Received
2025/12/04 15:18:28 Block Report Received
2025/12/04 15:18:38 Block Report Received
2025/12/04 15:18:48 Block Report Received
2025/12/04 15:18:58 Block Report Received
2025/12/04 15:19:08 Block Report Received
2025/12/04 15:19:18 Block Report Received
2025/12/04 15:19:28 Block Report Received
2025/12/04 15:19:38 Block Report Received
2025/12/04 15:19:48 Block Report Received
2025/12/04 15:19:58 Block Report Received
2025/12/04 15:20:08 Block Report Received
2025/12/04 15:20:18 Block Report Received
2025/12/04 15:20:28 Block Report Received
2025/12/04 15:20:38 Block Report Received
2025/12/04 15:20:48 Block Report Received
2025/12/04 15:20:58 Block Report Received
2025/12/04 15:21:08 Block Report Received
2025/12/04 15:21:18 Block Report Received
2025/12/04 15:21:28 Block Report Received
2025/12/04 15:21:38 Block Report Received
2025/12/04 15:21:48 Block Report Received
2025/12/04 15:21:58 Block Report Received
2025/12/04 15:22:08 Block Report Received
2025/12/04 15:22:18 Block Report Received
2025/12/04 15:22:28 Block Report Received
2025/12/04 15:22:38 Block Report Received
2025/12/04 15:22:48 Block Report Received
2025/12/04 15:22:58 Block Report Received
2025/12/04 15:23:08 Block Report Received
2025/12/04 15:23:18 Block Report Received
2025/12/04 15:23:28 Block Report Received
2025/12/04 15:23:38 Block Report Received
2025/12/04 15:23:48 Block Report Received
2025/12/04 15:23:58 Block Report Received
2025/12/04 15:24:08 Block Report Received
2025/12/04 15:24:18 Block Report Received
2025/12/04 15:24:28 Block Report Received
2025/12/04 15:24:38 Block Report Received
2025/12/04 15:24:48 Block Report Received
2025/12/04 15:24:58 Block Report Received
2025/12/04 15:25:08 Block Report Received
2025/12/04 15:25:18 Block Report Received
2025/12/04 15:25:28 Block Report Received
2025/12/04 15:25:38 Block Report Received
2025/12/04 15:25:48 Block Report Received
2025/12/04 15:25:58 Block Report Received
2025/12/04 15:26:08 Block Report Received
2025/12/04 15:26:18 Block Report Received
2025/12/04 15:26:28 Block Report Received
2025/12/04 15:26:38 Block Report Received
2025/12/04 15:26:48 Block Report Received
2025/12/04 15:26:58 Block Report Received
2025/12/04 15:27:08 Block Report Received
2025/12/04 15:27:18 Block Report Received
2025/12/04 15:27:28 Block Report Received
2025/12/04 15:27:38 Block Report Received
2025/12/04 15:27:48 Block Report Received
2025/12/04 15:27:58 Block Report Received
2025/12/04 15:28:08 Block Report Received
2025/12/04 15:28:18 Block Report Received
2025/12/04 15:28:28 Block Report Received
2025/12/04 15:28:38 Block Report Received
2025/12/04 15:28:48 Block Report Received
2025/12/04 15:28:58 Block Report Received
2025/12/04 15:29:08 Block Report Received
2025/12/04 15:29:18 Block Report Received
2025/12/04 15:29:28 Block Report Received
2025/12/04 15:29:38 Block Report Received
2025/12/04 15:29:48 Block Report Received
2025/12/04 15:29:58 Block Report Received
2025/12/04 15:30:08 Block Report Received
2025/12/04 15:30:18 Block Report Received
2025/12/04 15:30:28 Block Report Received
2025/12/04 15:30:38 Block Report Received
2025/12/04 15:30:48 Block Report Received
2025/12/04 15:30:58 Block Report Received
2025/12/04 15:31:08 Block Report Received
2025/12/04 15:31:18 Block Report Received
2025/12/04 15:31:28 Block Report Received
2025/12/04 15:31:38 Block Report Received
2025/12/04 15:31:48 Block Report Received
2025/12/04 15:31:58 Block Report Received
2025/12/04 15:32:08 Block Report Received
2025/12/04 15:32:18 Block Report Received
2025/12/04 15:32:28 Block Report Received
2025/12/04 15:32:38 Block Report Received
2025/12/04 15:32:48 Block Report Received
2025/12/04 15:32:58 Block Report Received
2025/12/04 15:33:08 Block Report Received
2025/12/04 15:33:18 Block Report Received
2025/12/04 15:33:28 Block Report Received
2025/12/04 15:33:38 Block Report Received
2025/12/04 15:33:48 Block Report Received
2025/12/04 15:33:58 Block Report Received
2025/12/04 15:34:08 Block Report Received
2025/12/04 15:34:18 Block Report Received
2025/12/04 15:34:28 Block Report Received
2025/12/04 15:34:38 Block Report Received
2025/12/04 15:34:48 Block Report Received
2025/12/04 15:34:58 Block Report Received
2025/12/04 15:35:08 Block Report Received
2025/12/04 15:35:18 Block Report Received
2025/12/04 15:35:28 Block Report Received
2025/12/04 15:35:38 Block Report Received
2025/12/04 15:35:48 Block Report Received
2025/12/04 15:35:58 Block Report Received
2025/12/04 15:36:08 Block Report Received
2025/12/04 15:36:18 Block Report Received
2025/12/04 15:36:28 Block Report Received
2025/12/04 15:36:38 Block Report Received
2025/12/04 16:13:36 Block Report Received
2025/12/04 16:13:42 Block Report Received
2025/12/04 16:13:52 Block Report Received
2025/12/04 16:14:02 Block Report Received
2025/12/04 16:14:12 Block Report Received
2025/12/04 16:14:22 Block Report Received
2025/12/04 16:14:32 Block Report Received
2025/12/04 16:14:42 Block Report Received
2025/12/04 16:14:52 Block Report Received
2025/12/04 16:15:02 Block Report Received
2025/12/04 16:15:12 Block Report Received
2025/12/04 16:15:22 Block Report Received
2025/12/04 16:15:32 Block Report Received
2025/12/04 16:15:42 Block Report Received
2025/12/04 16:15:52 Block Report Received
2025/12/04 16:16:02 Block Report Received
2025/12/04 16:16:12 Block Report Received
2025/12/04 16:16:22 Block Report Received
2025/12/04 16:16:32 Block Report Received
2025/12/04 16:16:42 Block Report Received
2025/12/04 16:16:52 Block Report Received
2025/12/04 16:17:02 Block Report Received
2025/12/04 16:17:12 Block Report Received
2025/12/04 16:17:22 Block Report Received
2025/12/04 16:17:32 Block Report Received
2025/12/04 16:17:42 Block Report Received
2025/12/04 16:17:52 Block Report Received
2025/12/04 16:18:02 Block Report Received
2025/12/04 16:18:12 Block Report Received
2025/12/04 16:18:22 Block Report Received
2025/12/04 16:18:32 Block Report Received
2025/12/04 16:18:42 Block Report Received
2025/12/04 16:18:52 Block Report Received
2025/12/04 16:19:02 Block Report Received
2025/12/04 16:19:12 Block Report Received
2025/12/04 16:19:22 Block Report Received
2025/12/04 16:19:32 Block Report Received
2025/12/04 16:19:42 Block Report Received
2025/12/04 16:19:52 Block Report Received
2025/12/04 16:20:02 Block Report Received
2025/12/04 16:20:12 Block Report Received
2025/12/04 16:20:22 Block Report Received
2025/12/04 16:20:32 Block Report Received
2025/12/04 16:20:42 Block Report Received
2025/12/04 16:20:52 Block Report Received
2025/12/04 16:21:02 Block Report Received
2025/12/04 16:21:12 Block Report Received
2025/12/04 16:21:22 Block Report Received
2025/12/04 16:21:32 Block Report Received
2025/12/04 16:21:42 Block Report Received
2025/12/04 16:21:52 Block Report Received
2025/12/04 16:22:02 Block Report Received
2025/12/04 16:22:12 Block Report Received
2025/12/04 16:22:22 Block Report Received
2025/12/04 16:22:32 Block Report Received
2025/12/04 16:22:42 Block Report Received
2025/12/04 16:22:52 Block Report Received
2025/12/04 16:23:02 Block Report Received
2025/12/04 16:23:12 Block Report Received
2025/12/04 16:23:22 Block Report Received
2025/12/04 16:23:32 Block Report Received
2025/12/04 16:23:42 Block Report Received
2025/12/04 16:23:52 Block Report Received
2025/12/04 16:24:02 Block Report Received
2025/12/04 16:24:12 Block Report Received
2025/12/04 16:24:22 Block Report Received
2025/12/04 16:24:32 Block Report Received
2025/12/04 16:24:42 Block Report Received
2025/12/04 16:24:52 Block Report Received
2025/12/04 16:25:02 Block Report Received
2025/12/04 16:25:12 Block Report Received
2025/12/04 16:25:22 Block Report Received
2025/12/04 16:25:32 Block Report Received
2025/12/04 16:25:42 Block Report Received
2025/12/04 16:25:52 Block Report Received
2025/12/04 16:26:02 Block Report Received
2025/12/04 16:26:12 Block Report Received
2025/12/04 16:26:22 Block Report Received
2025/12/04 16:26:32 Block Report Received
2025/12/04 16:26:42 Block Report Received
2025/12/04 16:26:52 Block Report Received
2025/12/04 16:27:02 Block Report Received
2025/12/04 16:27:12 Block Report Received
2025/12/04 16:27:22 Block Report Received
2025/12/04 16:27:32 Block Report Received
2025/12/04 16:27:42 Block Report Received
2025/12/04 16:27:52 Block Report Received
2025/12/04 16:28:02 Block Report Received
2025/12/04 16:28:12 Block Report Received
2025/12/04 16:28:22 Block Report Received
2025/12/04 16:28:32 Block Report Received
2025/12/04 16:28:42 Block Report Received
2025/12/04 16:28:52 Block Report Received
2025/12/04 16:29:02 Block Report Received
2025/12/04 16:29:12 Block Report Received
2025/12/04 16:29:22 Block Report Received
2025/12/04 16:29:32 Block Report Received
2025/12/04 16:29:42 Block Report Received
2025/12/04 16:29:52 Block Report Received
2025/12/04 16:48:03 Block Report Received
2025/12/04 16:48:11 Block Report Received
2025/12/04 16:48:22 Block Report Received
2025/12/04 16:48:32 Block Report Received
2025/12/04 16:48:42 Block Report Received
2025/12/04 16:48:52 Block Report Received
2025/12/04 16:49:01 Block Report Received
2025/12/04 16:49:11 Block Report Received
2025/12/04 16:49:21 Block Report Received
2025/12/04 16:49:31 Block Report Received
2025/12/04 16:49:41 Block Report Received
2025/12/04 16:49:51 Block Report Received
2025/12/04 16:50:01 Block Report Received
2025/12/04 16:50:11 Block Report Received
2025/12/04 16:50:21 Block Report Received
2025/12/04 16:50:31 Block Report Received
2025/12/04 16:50:41 Block Report Received
2025/12/04 16:50:51 Block Report Received
2025/12/04 16:51:01 Block Report Received
2025/12/04 16:51:11 Block Report Received
2025/12/04 16:51:21 Block Report Received
2025/12/04 16:51:31 Block Report Received
2025/12/04 16:51:41 Block Report Received
2025/12/04 16:51:51 Block Report Received
2025/12/04 16:52:01 Block Report Received
2025/12/04 16:52:11 Block Report Received
2025/12/04 16:52:21 Block Report Received
2025/12/04 16:52:31 Block Report Received
2025/12/04 16:52:41 Block Report Received
2025/12/04 16:52:51 Block Report Received
2025/12/04 16:53:01 Block Report Received
2025/12/04 16:53:11 Block Report Received
2025/12/04 16:53:21 Block Report Received
2025/12/04 16:53:31 Block Report Received
2025/12/04 16:53:41 Block Report Received
2025/12/04 16:53:51 Block Report Received
2025/12/04 16:54:01 Block Report Received
2025/12/04 16:54:11 Block Report Received
2025/12/04 16:54:21 Block Report Received
2025/12/04 16:54:31 Block Report Received
2025/12/04 16:54:41 Block Report Received
2025/12/04 16:54:51 Block Report Received
2025/12/04 16:55:01 Block Report Received
2025/12/04 16:55:11 Block Report Received
2025/12/04 16:55:21 Block Report Received
2025/12/04 16:55:31 Block Report Received
2025/12/04 16:55:41 Block Report Received
2025/12/04 16:55:51 Block Report Received
2025/12/04 16:56:01 Block Report Received
2025/12/04 16:56:11 Block Report Received
2025/12/04 16:56:21 Block Report Received
2025/12/04 16:56:31 Block Report Received
2025/12/04 16:56:41 Block Report Received
2025/12/04 16:56:51 Block Report Received
2025/12/04 16:57:01 Block Report Received
2025/12/04 16:57:11 Block Report Received
2025/12/04 16:57:21 Block Report Received
2025/12/04 16:57:31 Block Report Received
2025/12/04 16:57:41 Block Report Received
2025/12/04 16:57:51 Block Report Received
2025/12/04 16:58:01 Block Report Received
2025/12/04 16:58:11 Block Report Received
2025/12/04 16:58:21 Block Report Received
2025/12/04 16:58:31 Block Report Received
2025/12/04 16:58:41 Block Report Received
2025/12/04 16:58:51 Block Report Received
2025/12/04 16:59:01 Block Report Received
2025/12/04 16:59:11 Block Report Received
2025/12/04 16:59:21 Block Report Received
2025/12/04 16:59:31 Block Report Received
2025/12/04 16:59:41 Block Report Received
2025/12/04 16:59:51 Block Report Received
2025/12/04 17:00:01 Block Report Received
2025/12/04 17:00:11 Block Report Received
2025/12/04 17:00:21 Block Report Received
2025/12/04 17:00:31 Block Report Received
2025/12/04 17:00:41 Block Report Received
2025/12/04 17:00:51 Block Report Received
2025/12/04 17:01:01 Block Report Received
2025/12/04 17:01:11 Block Report Received
2025/12/04 17:01:21 Block Report Received
2025/12/04 17:01:31 Block Report Received
2025/12/04 17:01:41 Block Report Received
2025/12/04 17:01:51 Block Report Received
2025/12/04 17:02:01 Block Report Received
2025/12/04 17:02:11 Block Report Received
2025/12/04 17:02:21 Block Report Received
2025/12/04 17:02:31 Block Report Received
2025/12/04 17:02:41 Block Report Received
2025/12/04 17:02:51 Block Report Received
2025/12/04 17:03:01 Block Report Received
2025/12/04 17:03:11 Block Report Received
2025/12/04 17:03:21 Block Report Received
2025/12/04 17:03:31 Block Report Received
2025/12/04 17:03:41 Block Report Received
2025/12/05 12:32:28 Block Report Received
2025/12/05 12:32:31 Block Report Received
2025/12/05 12:32:39 Block Report Received
2025/12/05 12:32:49 Block Report Received
2025/12/05 12:32:59 Block Report Received
2025/12/05 12:33:09 Block Report Received
2025/12/05 12:33:19 Block Report Received
2025/12/05 12:33:29 Block Report Received
2025/12/05 12:33:39 Block Report Received
2025/12/15 09:35:56 Block Report Received
2025/12/15 09:36:06 Block Report Received
2025/12/15 09:36:16 Block Report Received
2025/12/15 09:36:26 Block Report Received
2025/12/15 09:36:36 Block Report Received
2025/12/15 09:36:46 Block Report Received
2025/12/15 09:36:56 Block Report Received
2025/12/15 09:37:06 Block Report Received
2025/12/15 09:37:16 Block Report Received
2025/12/15 09:37:26 Block Report Received
2025/12/15 09:37:36 Block Report Received
2025/12/15 09:37:46 Block Report Received
2025/12/15 09:37:56 Block Report Received
2025/12/15 09:38:06 Block Report Received
2025/12/15 09:38:16 Block Report Received
2025/12/15 09:38:26 Block Report Received
2025/12/15 09:38:36 Block Report Received
2025/12/15 09:38:46 Block Report Received
2025/12/15 09:38:56 Block Report Received
2025/12/15 09:39:06 Block Report Received
2025/12/15 09:39:19 Block Report Received
2025/12/15 09:39:27 Block Report Received
2025/12/15 09:39:39 Block Report Received
2025/12/15 09:39:51 Block Report Received
2025/12/15 09:39:56 Block Report Received
2025/12/15 09:40:06 Block Report Received
2025/12/15 09:40:16 Block Report Received
2025/12/15 09:40:26 Block Report Received
2025/12/15 09:40:36 Block Report Received
2025/12/15 09:40:46 Block Report Received
2025/12/15 09:40:56 Block Report Received
2025/12/15 09:41:06 Block Report Received
2025/12/15 09:41:16 Block Report Received
2025/12/15 09:41:26 Block Report Received
2025/12/15 09:41:36 Block Report Received
2025/12/15 09:41:46 Block Report Received
2025/12/15 09:41:56 Block Report Received
2025/12/15 09:42:06 Block Report Received
2025/12/15 09:42:16 Block Report Received
2025/12/15 09:42:26 Block Report Received
2025/12/15 09:42:36 Block Report Received
2025/12/15 09:42:46 Block Report Received
2025/12/15 09:42:56 Block Report Received
2025/12/15 09:43:06 Block Report Received
2025/12/15 09:43:16 Block Report Received
2025/12/15 09:43:26 Block Report Received
2025/12/15 09:43:36 Block Report Received
2025/12/15 09:43:46 Block Report Received
2025/12/15 09:43:56 Block Report Received
2025/12/15 09:44:06 Block Report Received
2025/12/15 09:44:16 Block Report Received
2025/12/15 09:44:26 Block Report Received
2025/12/15 09:44:36 Block Report Received
2025/12/15 09:44:46 Block Report Received
2025/12/15 09:44:56 Block Report Received
2025/12/15 09:45:06 Block Report Received
2025/12/15 09:45:16 Block Report Received
2025/12/15 09:45:26 Block Report Received
2025/12/15 09:45:36 Block Report Received
2025/12/15 09:45:46 Block Report Received
2025/12/15 09:45:56 Block Report Received
2025/12/15 09:46:06 Block Report Received
2025/12/15 09:46:16 Block Report Received
2025/12/15 09:46:26 Block Report Received
2025/12/15 09:46:36 Block Report Received
2025/12/15 09:46:46 Block Report Received
2025/12/15 09:46:56 Block Report Received
2025/12/15 09:47:06 Block Report Received
2025/12/15 09:47:16 Block Report Received
2025/12/15 09:47:26 Block Report Received
2025/12/15 09:47:36 Block Report Received
2025/12/15 09:47:46 Block Report Received
2025/12/15 09:47:56 Block Report Received
2025/12/15 09:48:06 Block Report Received
2025/12/15 09:48:16 Block Report Received
2025/12/15 09:48:26 Block Report Received
2025/12/15 09:48:36 Block Report Received
2025/12/15 09:48:46 Block Report Received
2025/12/15 09:48:56 Block Report Received
2025/12/15 09:49:06 Block Report Received
2025/12/15 09:49:16 Block Report Received
2025/12/15 09:49:26 Block Report Received
2025/12/15 09:49:36 Block Report Received
2025/12/15 09:49:46 Block Report Received
2025/12/15 09:49:56 Block Report Received
2025/12/15 09:50:06 Block Report Received
2025/12/15 09:50:16 Block Report Received
2025/12/15 09:50:26 Block Report Received
2025/12/15 09:50:36 Block Report Received
2025/12/15 09:50:46 Block Report Received
2025/12/15 09:50:56 Block Report Received
2025/12/15 09:51:06 Block Report Received
2025/12/15 09:51:16 Block Report Received
2025/12/15 09:51:26 Block Report Received
2025/12/15 09:51:36 Block Report Received
2025/12/15 09:51:46 Block Report Received
2025/12/15 09:51:56 Block Report Received
2025/12/15 09:52:06 Block Report Received
2025/12/15 09:52:16 Block Report Received
2025/12/15 09:52:26 Block Report Received
2025/12/15 09:52:36 Block Report Received
2025/12/15 09:52:46 Block Report Received
2025/12/15 09:52:56 Block Report Received
2025/12/15 09:53:06 Block Report Received
2025/12/15 09:53:16 Block Report Received
2025/12/15 09:53:26 Block Report Received
2025/12/15 09:53:36 Block Report Received
2025/12/15 09:53:46 Block Report Received
2025/12/15 09:53:56 Block Report Received
2025/12/15 09:54:06 Block Report Received
2025/12/15 09:54:16 Block Report Received
2025/12/15 09:54:26 Block Report Received
2025/12/15 09:54:36 Block Report Received
2025/12/15 09:54:46 Block Report Received
2025/12/15 09:54:56 Block Report Received
2025/12/15 09:55:06 Block Report Received
2025/12/15 09:55:16 Block Report Received
2025/12/15 09:55:26 Block Report Received
2025/12/15 09:55:36 Block Report Received
2025/12/15 09:55:46 Block Report Received
2025/12/15 09:55:56 Block Report Received
2025/12/15 09:56:06 Block Report Received
2025/12/15 09:56:16 Block Report Received
2025/12/15 09:56:26 Block Report Received
2025/12/15 09:56:36 Block Report Received
2025/12/15 09:56:46 Block Report Received
2025/12/15 09:56:56 Block Report Received
2025/12/15 09:57:06 Block Report Received
2025/12/15 09:57:16 Block Report Received
2025/12/15 09:57:26 Block Report Received
2025/12/15 09:57:36 Block Report Received
2025/12/15 09:57:46 Block Report Received
2025/12/15 09:57:56 Block Report Received
2025/12/15 09:58:06 Block Report Received
2025/12/15 09:58:16 Block Report Received
2025/12/15 09:58:26 Block Report Received
2025/12/15 09:58:36 Block Report Received
2025/12/15 09:58:46 Block Report Received
2025/12/15 09:58:56 Block Report Received
2025/12/15 09:59:06 Block Report Received
2025/12/15 09:59:16 Block Report Received
2025/12/15 09:59:26 Block Report Received
2025/12/15 09:59:36 Block Report Received
2025/12/15 09:59:46 Block Report Received
2025/12/15 09:59:56 Block Report Received
2025/12/15 10:00:06 Block Report Received
2025/12/15 10:00:16 Block Report Received
2025/12/15 10:00:26 Block Report Received
2025/12/15 10:00:36 Block Report Received
2025/12/15 10:00:46 Block Report Received
2025/12/15 10:00:56 Block Report Received
2025/12/15 10:01:06 Block Report Received
2025/12/15 10:01:16 Block Report Received
2025/12/15 10:01:26 Block Report Received
2025/12/15 10:01:36 Block Report Received
2025/12/15 10:01:46 Block Report Received
2025/12/15 10:01:56 Block Report Received
2025/12/15 10:02:06 Block Report Received
2025/12/15 10:02:16 Block Report Received
2025/12/15 10:02:26 Block Report Received
2025/12/15 10:02:36 Block Report Received
2025/12/15 10:02:46 Block Report Received
2025/12/15 10:02:56 Block Report Received
2025/12/15 10:03:06 Block Report Received
2025/12/15 10:03:16 Block Report Received
2025/12/15 10:03:26 Block Report Received
2025/12/15 10:03:36 Block Report Received
2025/12/15 10:03:46 Block Report Received
2025/12/15 10:03:56 Block Report Received
2025/12/15 10:04:06 Block Report Received
2025/12/15 10:04:16 Block Report Received
2025/12/15 10:04:26 Block Report Received
2025/12/15 10:04:36 Block Report Received
2025/12/15 10:04:46 Block Report Received
2025/12/15 10:04:56 Block Report Received
2025/12/15 10:05:06 Block Report Received
2025/12/15 10:05:16 Block Report Received
2025/12/15 10:05:26 Block Report Received
2025/12/15 10:05:36 Block Report Received
2025/12/15 10:05:46 Block Report Received
2025/12/15 10:05:56 Block Report Received
2025/12/15 10:06:06 Block Report Received
2025/12/15 10:06:16 Block Report Received
2025/12/15 10:06:26 Block Report Received
2025/12/15 10:06:36 Block Report Received
2025/12/15 10:06:46 Block Report Received
2025/12/15 10:06:56 Block Report Received
2025/12/15 10:07:06 Block Report Received
2025/12/15 10:07:16 Block Report Received
2025/12/15 10:07:26 Block Report Received
2025/12/15 10:07:36 Block Report Received
2025/12/15 10:07:46 Block Report Received
2025/12/15 10:07:56 Block Report Received
2025/12/15 10:08:06 Block Report Received
2025/12/15 10:08:16 Block Report Received
2025/12/15 10:08:26 Block Report Received
2025/12/15 10:08:36 Block Report Received
2025/12/15 10:08:46 Block Report Received
2025/12/15 10:08:56 Block Report Received
2025/12/15 10:09:06 Block Report Received
2025/12/15 10:09:16 Block Report Received
2025/12/15 10:09:26 Block Report Received
2025/12/15 10:09:36 Block Report Received
2025/12/15 10:09:46 Block Report Received
2025/12/15 10:09:56 Block Report Received
2025/12/15 10:10:06 Block Report Received
2025/12/15 10:10:16 Block Report Received
2025/12/15 10:10:26 Block Report Received
2025/12/15 10:10:36 Block Report Received
2025/12/15 10:10:46 Block Report Received
2025/12/15 10:10:56 Block Report Received
