2025/12/03 14:38:41 Loaded existing DataNode ID: 1845c6af-d866-415c-a279-df689b3d3db9
2025/12/03 14:38:41 ✅ DataNode 1845c6af-d866-415c-a279-df689b3d3db9 initialized at datanode-files/port_8002/1845c6af-d866-415c-a279-df689b3d3db9, found 1779 blocks
2025/12/03 14:38:41 ✅ Connected to primary NameNode at localhost:8080
2025/12/03 14:38:41 🔗 DataNode connected to NameNode at localhost:8080
2025/12/03 14:38:41 🧩 DataNode 1845c6af-d866-415c-a279-df689b3d3db9 registration status: Registered
2025/12/03 14:38:41 🔄 Auto-reconnect monitoring started
2025/12/03 14:38:41 Datanode with id = 1845c6af-d866-415c-a279-df689b3d3db9 is listening on port :8002
2025/12/03 14:38:51 Block Report Received
2025/12/03 14:39:01 ⚠️  Connection to NameNode lost: rpc error: code = Unavailable desc = connection error: desc = "transport: Error while dialing: dial tcp 127.0.0.1:8080: connect: connection refused"
2025/12/03 14:39:01 🔄 Attempting to reconnect...
2025/12/03 14:39:01 ⚠️  Failed to send block report: rpc error: code = Unavailable desc = connection error: desc = "transport: Error while dialing: dial tcp 127.0.0.1:8080: connect: connection refused"
2025/12/03 14:39:05 ⚠️  Primary NameNode localhost:8080 unavailable, trying alternates...
2025/12/03 14:39:05 ✅ Connected to NameNode at localhost:8081
2025/12/03 14:39:05 ✅ Reconnected to NameNode at localhost:8081
2025/12/03 14:39:05 🧩 DataNode 1845c6af-d866-415c-a279-df689b3d3db9 registration status: Registered
2025/12/03 14:39:05 🔄 Block report restarted
2025/12/03 14:39:15 Block Report Received
2025/12/03 14:39:25 Block Report Received
2025/12/03 14:39:35 Block Report Received
2025/12/03 14:39:45 Block Report Received
2025/12/03 14:39:55 Block Report Received
2025/12/03 14:40:05 Block Report Received
2025/12/03 14:40:15 Block Report Received
2025/12/03 14:40:25 Block Report Received
2025/12/03 14:40:35 Block Report Received
2025/12/03 14:40:45 Block Report Received
2025/12/03 14:40:55 Block Report Received
2025/12/03 14:41:05 Block Report Received
2025/12/03 14:41:15 Block Report Received
2025/12/03 14:41:25 Block Report Received
2025/12/03 14:41:35 Block Report Received
2025/12/03 14:41:45 Block Report Received
2025/12/03 14:41:55 Block Report Received
2025/12/03 14:42:05 Block Report Received
2025/12/03 14:42:15 Block Report Received
2025/12/03 14:42:25 Block Report Received
2025/12/03 14:42:35 Block Report Received
2025/12/03 14:42:45 Block Report Received
2025/12/03 14:42:55 Block Report Received
2025/12/03 14:43:05 Block Report Received
2025/12/03 14:43:15 Block Report Received
2025/12/03 14:43:25 Block Report Received
2025/12/03 14:43:35 Block Report Received
2025/12/03 14:43:45 Block Report Received
2025/12/03 14:43:55 Block Report Received
2025/12/03 14:44:05 Block Report Received
2025/12/03 14:44:15 Block Report Received
2025/12/03 14:44:25 Block Report Received
2025/12/03 14:44:35 Block Report Received
2025/12/03 14:44:45 Block Report Received
2025/12/03 14:44:55 Block Report Received
2025/12/03 14:45:05 Block Report Received
2025/12/03 14:45:15 Block Report Received
2025/12/03 14:45:25 Block Report Received
2025/12/03 14:45:35 Block Report Received
2025/12/03 14:45:45 Block Report Received
2025/12/03 14:45:55 Block Report Received
2025/12/03 14:46:05 Block Report Received
2025/12/03 14:46:15 Block Report Received
2025/12/03 14:46:25 Block Report Received
2025/12/03 14:46:35 Block Report Received
2025/12/03 14:46:45 Block Report Received
2025/12/03 14:46:55 Block Report Received
2025/12/03 14:47:05 Block Report Received
2025/12/03 14:47:15 Block Report Received
2025/12/03 14:47:25 Block Report Received
2025/12/03 14:47:35 Block Report Received
2025/12/03 14:47:45 Block Report Received
2025/12/03 14:47:55 Block Report Received
2025/12/03 14:48:05 Block Report Received
2025/12/03 14:48:15 Block Report Received
2025/12/03 14:48:25 Block Report Received
2025/12/03 14:48:35 Block Report Received
2025/12/03 14:48:45 Block Report Received
2025/12/03 14:48:55 Block Report Received
2025/12/03 14:49:05 Block Report Received
2025/12/03 14:49:15 Block Report Received
2025/12/03 14:49:25 Block Report Received
2025/12/03 14:49:35 Block Report Received
2025/12/03 14:49:45 Block Report Received
2025/12/03 14:49:55 Block Report Received
2025/12/03 14:50:05 Block Report Received
2025/12/03 14:50:15 Block Report Received
2025/12/03 14:50:25 Block Report Received
2025/12/03 14:50:35 Block Report Received
2025/12/03 14:50:45 Block Report Received
2025/12/03 14:50:55 Block Report Received
2025/12/03 14:51:05 Block Report Received
2025/12/03 14:51:15 Block Report Received
2025/12/03 14:51:25 Block Report Received
2025/12/03 14:51:35 Block Report Received
2025/12/03 14:51:45 Block Report Received
2025/12/03 14:51:55 Block Report Received
2025/12/03 14:52:05 Block Report Received
2025/12/03 14:52:15 Block Report Received
2025/12/03 14:52:25 Block Report Received
2025/12/03 14:52:35 Block Report Received
2025/12/03 14:52:45 Block Report Received
2025/12/03 14:52:55 Block Report Received
2025/12/03 14:53:05 Block Report Received
2025/12/03 14:53:15 Block Report Received
2025/12/03 14:53:25 Block Report Received
2025/12/03 14:53:35 Block Report Received
2025/12/03 14:53:45 Block Report Received
2025/12/03 14:53:55 Block Report Received
2025/12/03 14:54:05 Block Report Received
2025/12/03 14:54:15 Block Report Received
2025/12/03 14:54:25 Block Report Received
2025/12/03 14:54:35 Block Report Received
2025/12/03 14:54:45 Block Report Received
2025/12/03 14:54:55 Block Report Received
2025/12/03 14:55:05 Block Report Received
2025/12/03 14:55:15 Block Report Received
2025/12/03 14:55:25 Block Report Received
2025/12/03 14:55:35 Block Report Received
2025/12/03 14:55:45 Block Report Received
2025/12/03 14:55:55 Block Report Received
2025/12/03 14:56:05 Block Report Received
2025/12/03 14:56:15 Block Report Received
2025/12/03 14:56:25 Block Report Received
2025/12/03 14:56:35 Block Report Received
2025/12/03 14:56:45 Block Report Received
2025/12/03 14:56:55 Block Report Received
2025/12/03 14:57:05 Block Report Received
2025/12/03 14:57:15 Block Report Received
2025/12/03 14:57:25 Block Report Received
2025/12/03 14:57:35 Block Report Received
2025/12/03 14:57:45 Block Report Received
2025/12/03 14:57:55 Block Report Received
2025/12/03 14:58:05 Block Report Received
2025/12/03 14:58:15 Block Report Received
2025/12/03 14:58:25 Block Report Received
2025/12/03 14:58:35 Block Report Received
2025/12/03 14:58:45 Block Report Received
2025/12/03 14:58:55 Block Report Received
2025/12/03 14:59:05 Block Report Received
2025/12/03 14:59:15 Block Report Received
2025/12/03 14:59:25 Block Report Received
2025/12/03 14:59:35 Block Report Received
2025/12/03 14:59:45 Block Report Received
2025/12/03 14:59:55 Block Report Received
2025/12/03 15:00:05 Block Report Received
2025/12/03 15:00:15 Block Report Received
2025/12/03 15:00:25 Block Report Received
2025/12/03 15:00:35 Block Report Received
2025/12/03 15:00:45 Block Report Received
2025/12/03 15:00:55 Block Report Received
2025/12/03 15:01:05 Block Report Received
2025/12/03 15:01:15 Block Report Received
2025/12/03 15:01:25 Block Report Received
2025/12/03 15:01:35 Block Report Received
2025/12/03 15:01:45 Block Report Received
2025/12/03 15:01:55 Block Report Received
2025/12/03 15:02:05 Block Report Received
2025/12/03 15:02:15 Block Report Received
2025/12/03 15:02:25 Block Report Received
2025/12/03 15:02:35 Block Report Received
2025/12/03 15:02:45 Block Report Received
2025/12/03 15:02:55 Block Report Received
2025/12/03 15:03:05 Block Report Received
2025/12/03 15:03:15 Block Report Received
2025/12/03 15:03:25 Block Report Received
2025/12/03 15:03:35 Block Report Received
2025/12/03 15:03:45 Block Report Received
2025/12/03 15:03:55 Block Report Received
2025/12/03 15:04:05 Block Report Received
2025/12/03 15:04:15 Block Report Received
2025/12/03 15:04:25 Block Report Received
2025/12/03 15:04:35 Block Report Received
2025/12/03 15:04:45 Block Report Received
2025/12/03 15:04:55 Block Report Received
2025/12/03 15:05:05 Block Report Received
2025/12/03 15:05:15 Block Report Received
2025/12/03 15:05:25 Block Report Received
2025/12/03 15:05:35 Block Report Received
2025/12/03 15:05:45 Block Report Received
2025/12/03 15:05:55 Block Report Received
2025/12/03 15:06:05 Block Report Received
2025/12/03 15:06:15 Block Report Received
2025/12/03 15:06:25 Block Report Received
2025/12/03 15:06:35 Block Report Received
2025/12/03 15:07:15 Block Report Received
2025/12/03 15:07:18 Block Report Received
2025/12/03 15:07:26 Block Report Received
2025/12/03 15:07:36 Block Report Received
2025/12/03 15:07:48 Block Report Received
2025/12/03 15:07:55 ⚠️  Connection to NameNode lost: rpc error: code = DeadlineExceeded desc = context deadline exceeded
2025/12/03 15:07:55 🔄 Attempting to reconnect...
2025/12/03 15:07:55 🛑 Block report stopped
2025/12/03 15:07:59 ⚠️  Primary NameNode localhost:8080 unavailable, trying alternates...
2025/12/03 15:07:59 ✅ Connected to NameNode at localhost:8081
2025/12/03 15:07:59 ✅ Reconnected to NameNode at localhost:8081
2025/12/03 15:07:59 🧩 DataNode 1845c6af-d866-415c-a279-df689b3d3db9 registration status: Registered
2025/12/03 15:07:59 🔄 Block report restarted
2025/12/03 15:08:09 Block Report Received
2025/12/03 15:08:19 Block Report Received
2025/12/03 15:08:29 Block Report Received
2025/12/03 15:08:39 Block Report Received
2025/12/03 15:08:49 Block Report Received
2025/12/03 15:08:59 Block Report Received
2025/12/03 15:09:09 Block Report Received
2025/12/03 15:09:19 Block Report Received
2025/12/03 15:09:29 Block Report Received
2025/12/03 15:09:39 Block Report Received
2025/12/03 15:09:49 Block Report Received
2025/12/03 15:09:59 Block Report Received
2025/12/03 15:10:09 Block Report Received
2025/12/03 15:10:19 Block Report Received
2025/12/03 15:10:29 Block Report Received
2025/12/03 15:10:39 Block Report Received
2025/12/03 15:10:49 Block Report Received
2025/12/03 15:10:59 Block Report Received
2025/12/03 15:11:09 Block Report Received
2025/12/03 15:11:19 Block Report Received
2025/12/03 15:11:29 Block Report Received
2025/12/03 15:11:39 Block Report Received
2025/12/03 15:11:49 Block Report Received
2025/12/03 15:11:59 Block Report Received
2025/12/03 15:12:09 Block Report Received
2025/12/03 15:12:19 Block Report Received
2025/12/03 15:12:29 Block Report Received
2025/12/03 15:12:39 Block Report Received
2025/12/03 15:12:49 Block Report Received
2025/12/03 15:12:59 Block Report Received
2025/12/03 15:13:09 Block Report Received
2025/12/03 15:13:19 Block Report Received
2025/12/03 15:13:29 Block Report Received
2025/12/03 15:13:39 Block Report Received
2025/12/03 15:13:49 Block Report Received
2025/12/03 15:13:59 Block Report Received
2025/12/03 15:14:09 Block Report Received
2025/12/03 15:14:19 Block Report Received
2025/12/03 15:14:29 Block Report Received
2025/12/03 15:14:39 Block Report Received
2025/12/03 15:14:49 Block Report Received
2025/12/03 15:14:59 Block Report Received
2025/12/03 15:15:09 Block Report Received
2025/12/03 15:15:19 Block Report Received
2025/12/03 15:15:29 Block Report Received
2025/12/03 15:15:39 Block Report Received
2025/12/03 15:15:49 Block Report Received
2025/12/03 15:15:59 Block Report Received
2025/12/03 15:16:09 Block Report Received
2025/12/03 15:16:19 Block Report Received
2025/12/03 15:16:29 Block Report Received
2025/12/03 15:16:39 Block Report Received
2025/12/03 15:16:49 Block Report Received
2025/12/03 15:16:59 Block Report Received
2025/12/03 15:17:09 Block Report Received
2025/12/03 15:17:19 Block Report Received
2025/12/03 15:17:29 Block Report Received
2025/12/03 15:17:39 Block Report Received
2025/12/03 15:17:49 Block Report Received
2025/12/03 15:17:59 Block Report Received
2025/12/03 15:18:09 Block Report Received
2025/12/03 15:18:19 Block Report Received
2025/12/03 15:18:29 Block Report Received
2025/12/03 15:18:39 Block Report Received
2025/12/03 15:18:49 Block Report Received
2025/12/03 15:18:59 Block Report Received
2025/12/03 15:19:09 Block Report Received
2025/12/03 15:19:19 Block Report Received
2025/12/03 15:19:29 Block Report Received
2025/12/03 15:19:39 Block Report Received
2025/12/03 15:19:49 Block Report Received
2025/12/03 15:19:59 Block Report Received
2025/12/03 15:20:09 Block Report Received
2025/12/03 15:20:19 Block Report Received
2025/12/03 15:20:29 Block Report Received
2025/12/03 15:20:39 Block Report Received
2025/12/03 15:20:49 Block Report Received
2025/12/03 15:20:59 Block Report Received
2025/12/03 15:21:09 Block Report Received
2025/12/03 15:21:19 Block Report Received
2025/12/03 15:21:29 Block Report Received
2025/12/03 15:21:39 Block Report Received
2025/12/03 15:21:49 Block Report Received
2025/12/03 15:21:59 Block Report Received
2025/12/03 15:22:09 Block Report Received
2025/12/03 15:22:19 Block Report Received
2025/12/03 15:22:29 Block Report Received
2025/12/03 15:22:39 Block Report Received
2025/12/03 15:22:49 Block Report Received
2025/12/03 15:22:59 Block Report Received
2025/12/03 15:23:09 Block Report Received
2025/12/03 15:23:19 Block Report Received
2025/12/03 15:23:29 Block Report Received
2025/12/03 15:23:39 Block Report Received
2025/12/03 15:23:49 Block Report Received
2025/12/03 15:23:59 Block Report Received
2025/12/03 15:24:09 Block Report Received
2025/12/03 15:24:19 Block Report Received
2025/12/03 15:24:29 Block Report Received
2025/12/03 15:24:39 Block Report Received
2025/12/03 15:24:49 Block Report Received
2025/12/03 15:24:59 Block Report Received
2025/12/03 15:25:09 Block Report Received
2025/12/03 15:25:19 Block Report Received
2025/12/03 15:25:29 Block Report Received
2025/12/03 15:25:39 Block Report Received
2025/12/03 15:25:49 Block Report Received
2025/12/03 15:25:59 Block Report Received
2025/12/03 15:26:09 Block Report Received
2025/12/03 15:26:19 Block Report Received
2025/12/03 15:26:29 Block Report Received
2025/12/03 15:26:39 Block Report Received
2025/12/03 15:26:49 Block Report Received
2025/12/03 15:26:59 Block Report Received
2025/12/03 15:27:09 Block Report Received
2025/12/03 15:27:19 Block Report Received
2025/12/03 15:27:29 Block Report Received
2025/12/03 15:27:39 Block Report Received
2025/12/03 15:27:49 Block Report Received
2025/12/03 15:27:59 Block Report Received
2025/12/03 15:28:09 Block Report Received
2025/12/03 15:28:19 Block Report Received
2025/12/03 15:28:29 Block Report Received
2025/12/03 15:28:39 Block Report Received
2025/12/03 15:28:50 Block Report Received
2025/12/03 15:29:00 Block Report Received
2025/12/03 15:29:10 Block Report Received
2025/12/03 15:29:19 Block Report Received
2025/12/03 15:29:29 Block Report Received
2025/12/03 15:29:39 Block Report Received
2025/12/03 15:29:49 Block Report Received
2025/12/03 15:29:59 Block Report Received
2025/12/03 15:30:09 Block Report Received
2025/12/03 15:30:19 Block Report Received
2025/12/03 15:30:29 Block Report Received
2025/12/03 15:30:39 Block Report Received
2025/12/03 15:30:49 Block Report Received
2025/12/03 15:30:59 Block Report Received
2025/12/03 15:31:09 Block Report Received
2025/12/03 15:31:19 Block Report Received
2025/12/03 15:31:29 Block Report Received
2025/12/03 15:31:39 Block Report Received
2025/12/03 15:31:49 Block Report Received
2025/12/03 15:31:59 Block Report Received
2025/12/03 15:32:09 Block Report Received
2025/12/03 15:32:19 Block Report Received
2025/12/03 15:32:29 Block Report Received
2025/12/03 15:32:39 Block Report Received
2025/12/03 15:32:49 Block Report Received
2025/12/03 15:32:59 Block Report Received
2025/12/03 15:33:09 Block Report Received
2025/12/03 15:33:19 Block Report Received
2025/12/03 15:33:29 Block Report Received
2025/12/03 15:33:39 Block Report Received
2025/12/03 15:33:49 Block Report Received
2025/12/03 15:33:59 Block Report Received
2025/12/03 15:34:09 Block Report Received
2025/12/03 15:34:19 Block Report Received
2025/12/03 15:34:29 Block Report Received
2025/12/03 15:34:39 Block Report Received
2025/12/03 15:34:49 Block Report Received
2025/12/03 15:34:59 Block Report Received
2025/12/03 15:35:09 Block Report Received
2025/12/03 15:35:19 Block Report Received
2025/12/03 15:35:29 Block Report Received
2025/12/03 15:35:39 Block Report Received
2025/12/03 15:35:49 Block Report Received
2025/12/03 15:35:59 Block Report Received
2025/12/03 15:36:09 Block Report Received
2025/12/03 15:36:19 Block Report Received
2025/12/03 15:36:29 Block Report Received
2025/12/03 15:36:39 Block Report Received
2025/12/03 15:36:49 Block Report Received
2025/12/03 15:36:59 Block Report Received
2025/12/03 15:37:09 Block Report Received
2025/12/03 15:37:19 Block Report Received
2025/12/03 15:37:29 Block Report Received
2025/12/03 15:37:39 Block Report Received
2025/12/03 15:37:49 Block Report Received
2025/12/03 15:37:59 Block Report Received
2025/12/03 15:38:09 Block Report Received
2025/12/03 15:38:19 Block Report Received
2025/12/03 15:38:29 Block Report Received
2025/12/03 15:38:39 Block Report Received
2025/12/03 15:38:49 Block Report Received
2025/12/03 15:38:59 Block Report Received
2025/12/03 15:39:09 Block Report Received
2025/12/03 15:39:19 Block Report Received
2025/12/03 15:39:29 Block Report Received
2025/12/03 15:39:39 Block Report Received
2025/12/03 15:39:49 Block Report Received
2025/12/03 15:39:59 Block Report Received
2025/12/03 15:40:09 Block Report Received
2025/12/03 15:40:19 Block Report Received
2025/12/03 15:40:29 Block Report Received
2025/12/03 15:40:39 Block Report Received
2025/12/03 15:40:49 Block Report Received
2025/12/03 15:40:59 Block Report Received
2025/12/03 15:41:09 Block Report Received
2025/12/03 15:41:19 Block Report Received
2025/12/03 15:41:29 Block Report Received
2025/12/03 15:41:39 Block Report Received
2025/12/03 15:41:49 Block Report Received
2025/12/03 15:41:59 Block Report Received
2025/12/03 15:42:09 Block Report Received
2025/12/03 15:42:19 Block Report Received
2025/12/03 15:42:29 Block Report Received
2025/12/03 15:42:39 Block Report Received
2025/12/03 15:42:49 Block Report Received
2025/12/03 15:42:59 Block Report Received
2025/12/03 15:43:09 Block Report Received
2025/12/03 15:43:19 Block Report Received
2025/12/03 15:43:29 Block Report Received
2025/12/03 15:43:39 Block Report Received
2025/12/03 15:43:49 Block Report Received
2025/12/03 15:43:59 Block Report Received
2025/12/03 15:44:09 Block Report Received
2025/12/03 15:44:19 Block Report Received
2025/12/03 15:44:29 Block Report Received
2025/12/03 15:44:39 Block Report Received
2025/12/03 15:44:49 Block Report Received
2025/12/03 15:44:59 Block Report Received
2025/12/03 15:45:09 Block Report Received
2025/12/03 15:45:19 Block Report Received
2025/12/03 15:45:29 Block Report Received
2025/12/03 15:45:39 Block Report Received
2025/12/03 15:45:49 Block Report Received
2025/12/03 15:45:59 Block Report Received
2025/12/03 15:46:09 Block Report Received
2025/12/03 15:46:19 Block Report Received
2025/12/03 15:46:29 Block Report Received
2025/12/03 15:46:39 Block Report Received
2025/12/03 15:46:49 Block Report Received
2025/12/03 15:46:59 Block Report Received
2025/12/03 15:47:09 Block Report Received
2025/12/03 15:47:19 Block Report Received
2025/12/03 15:47:29 Block Report Received
2025/12/03 15:47:39 Block Report Received
2025/12/03 15:47:49 Block Report Received
2025/12/03 15:47:59 Block Report Received
2025/12/03 15:48:09 Block Report Received
2025/12/03 15:48:19 Block Report Received
2025/12/03 15:48:29 Block Report Received
2025/12/03 15:48:39 Block Report Received
2025/12/03 15:48:49 Block Report Received
2025/12/03 15:48:59 Block Report Received
2025/12/03 15:49:09 Block Report Received
2025/12/03 15:49:19 Block Report Received
2025/12/03 15:49:29 Block Report Received
2025/12/03 15:49:39 Block Report Received
2025/12/03 15:49:49 Block Report Received
2025/12/03 15:49:59 Block Report Received
2025/12/03 15:50:09 Block Report Received
2025/12/03 15:50:19 Block Report Received
2025/12/03 15:50:29 Block Report Received
2025/12/03 15:50:39 Block Report Received
2025/12/03 15:50:49 Block Report Received
2025/12/03 15:50:59 Block Report Received
2025/12/03 15:51:09 Block Report Received
2025/12/03 15:51:19 Block Report Received
2025/12/03 15:51:29 Block Report Received
2025/12/03 15:51:39 Block Report Received
2025/12/03 15:51:49 Block Report Received
2025/12/03 15:51:59 Block Report Received
2025/12/03 15:52:09 Block Report Received
2025/12/03 15:52:19 Block Report Received
2025/12/03 15:52:29 Block Report Received
2025/12/03 15:52:39 Block Report Received
2025/12/03 15:52:49 Block Report Received
2025/12/03 15:52:59 Block Report Received
2025/12/03 15:53:09 Block Report Received
2025/12/03 15:53:19 Block Report Received
2025/12/03 15:53:29 Block Report Received
2025/12/03 15:53:39 Block Report Received
2025/12/03 15:53:49 Block Report Received
2025/12/03 15:53:59 Block Report Received
2025/12/03 15:54:09 Block Report Received
2025/12/03 15:54:19 Block Report Received
2025/12/03 15:54:29 Block Report Received
2025/12/03 15:54:39 Block Report Received
2025/12/03 15:54:49 Block Report Received
2025/12/03 15:54:59 Block Report Received
2025/12/03 15:55:09 Block Report Received
2025/12/03 15:55:19 Block Report Received
2025/12/03 15:55:29 Block Report Received
2025/12/03 15:55:39 Block Report Received
2025/12/03 15:55:49 Block Report Received
2025/12/03 15:55:59 Block Report Received
2025/12/03 15:56:09 Block Report Received
2025/12/03 15:56:19 Block Report Received
2025/12/03 15:56:29 Block Report Received
2025/12/03 15:56:39 Block Report Received
2025/12/03 15:56:49 Block Report Received
2025/12/03 15:56:59 Block Report Received
2025/12/03 15:57:09 Block Report Received
2025/12/03 15:57:19 Block Report Received
2025/12/03 15:57:29 Block Report Received
2025/12/03 15:57:39 Block Report Received
2025/12/03 15:57:49 Block Report Received
2025/12/03 15:57:59 Block Report Received
2025/12/03 15:58:09 Block Report Received
2025/12/03 15:58:19 Block Report Received
2025/12/03 15:58:29 Block Report Received
2025/12/03 15:58:39 Block Report Received
2025/12/03 15:58:49 Block Report Received
2025/12/03 15:58:59 Block Report Received
2025/12/03 15:59:09 Block Report Received
2025/12/03 15:59:19 Block Report Received
2025/12/03 15:59:29 Block Report Received
2025/12/03 15:59:39 Block Report Received
2025/12/03 15:59:49 Block Report Received
2025/12/03 20:50:57 Block Report Received
2025/12/03 20:51:06 Block Report Received
2025/12/03 20:51:16 Block Report Received
2025/12/03 20:51:26 Block Report Received
2025/12/03 20:51:34 Block Report Received
2025/12/03 20:51:44 Block Report Received
2025/12/03 20:51:54 Block Report Received
2025/12/03 20:52:06 Block Report Received
2025/12/03 20:52:16 Block Report Received
2025/12/03 20:52:26 Block Report Received
2025/12/03 20:52:36 Block Report Received
2025/12/03 20:52:46 Block Report Received
2025/12/03 20:52:56 Block Report Received
2025/12/03 20:53:06 Block Report Received
2025/12/03 20:53:16 Block Report Received
2025/12/03 20:53:26 Block Report Received
2025/12/03 20:53:36 Block Report Received
2025/12/03 20:53:46 Block Report Received
2025/12/03 20:53:56 Block Report Received
2025/12/03 20:54:06 Block Report Received
2025/12/03 20:54:16 Block Report Received
2025/12/03 20:54:26 Block Report Received
2025/12/03 20:54:36 Block Report Received
2025/12/03 20:54:46 Block Report Received
2025/12/03 20:54:56 Block Report Received
2025/12/03 20:55:06 Block Report Received
2025/12/03 20:55:16 Block Report Received
2025/12/03 20:55:26 Block Report Received
2025/12/03 20:55:36 Block Report Received
2025/12/03 20:55:46 Block Report Received
2025/12/03 20:55:56 Block Report Received
2025/12/03 20:56:06 Block Report Received
2025/12/03 20:56:16 Block Report Received
2025/12/03 20:56:26 Block Report Received
2025/12/03 20:56:36 Block Report Received
2025/12/03 20:56:46 Block Report Received
2025/12/03 20:56:56 Block Report Received
2025/12/03 20:57:06 Block Report Received
2025/12/03 20:57:16 Block Report Received
2025/12/03 20:57:26 Block Report Received
2025/12/03 20:57:36 Block Report Received
2025/12/03 20:57:46 Block Report Received
2025/12/03 20:57:56 Block Report Received
2025/12/03 20:58:06 Block Report Received
2025/12/03 20:58:16 Block Report Received
2025/12/03 20:58:26 Block Report Received
2025/12/03 20:58:36 Block Report Received
2025/12/03 20:58:46 Block Report Received
2025/12/03 20:58:56 Block Report Received
2025/12/03 20:59:06 Block Report Received
2025/12/03 20:59:16 Block Report Received
2025/12/03 20:59:26 Block Report Received
2025/12/03 20:59:36 Block Report Received
2025/12/03 20:59:46 Block Report Received
2025/12/03 20:59:56 Block Report Received
2025/12/03 21:00:06 Block Report Received
2025/12/03 21:00:16 Block Report Received
2025/12/03 21:00:26 Block Report Received
2025/12/03 21:00:36 Block Report Received
2025/12/03 21:00:46 Block Report Received
2025/12/03 21:00:56 Block Report Received
2025/12/03 21:01:06 Block Report Received
2025/12/03 21:01:16 Block Report Received
2025/12/03 21:01:26 Block Report Received
2025/12/03 21:01:36 Block Report Received
2025/12/03 21:01:46 Block Report Received
2025/12/03 21:01:56 Block Report Received
2025/12/03 21:02:06 Block Report Received
2025/12/03 21:02:16 Block Report Received
2025/12/03 21:02:26 Block Report Received
2025/12/03 21:02:36 Block Report Received
2025/12/03 21:02:46 Block Report Received
2025/12/03 21:02:56 Block Report Received
2025/12/03 21:03:06 Block Report Received
2025/12/03 21:03:16 Block Report Received
2025/12/03 21:03:26 Block Report Received
2025/12/03 21:03:36 Block Report Received
2025/12/03 21:03:46 Block Report Received
2025/12/03 21:03:56 Block Report Received
2025/12/03 21:04:06 Block Report Received
2025/12/03 21:04:16 Block Report Received
2025/12/03 21:04:26 Block Report Received
2025/12/03 21:04:36 Block Report Received
2025/12/03 21:04:46 Block Report Received
2025/12/03 21:04:56 Block Report Received
2025/12/03 21:05:06 Block Report Received
2025/12/03 21:05:16 Block Report Received
2025/12/03 21:05:26 Block Report Received
2025/12/03 21:05:36 Block Report Received
2025/12/03 21:05:46 Block Report Received
2025/12/03 21:05:56 Block Report Received
2025/12/03 21:06:06 Block Report Received
2025/12/03 21:06:16 Block Report Received
2025/12/03 21:06:26 Block Report Received
2025/12/03 21:06:36 Block Report Received
2025/12/03 21:06:46 Block Report Received
2025/12/03 21:06:56 Block Report Received
2025/12/03 21:07:06 Block Report Received
2025/12/03 21:07:16 Block Report Received
2025/12/03 21:07:26 Block Report Received
2025/12/03 21:07:36 Block Report Received
2025/12/03 21:07:46 Block Report Received
2025/12/03 21:07:56 Block Report Received
2025/12/03 21:08:06 Block Report Received
2025/12/03 21:08:16 Block Report Received
2025/12/03 21:08:26 Block Report Received
2025/12/03 21:08:36 Block Report Received
2025/12/03 21:08:46 Block Report Received
2025/12/03 21:08:56 Block Report Received
2025/12/03 21:09:06 Block Report Received
2025/12/03 21:09:16 Block Report Received
2025/12/03 21:09:26 Block Report Received
2025/12/03 21:09:36 Block Report Received
2025/12/03 21:09:46 Block Report Received
2025/12/03 21:09:56 Block Report Received
2025/12/03 21:10:06 Block Report Received
2025/12/03 21:10:16 Block Report Received
2025/12/03 21:10:26 Block Report Received
2025/12/03 21:10:36 Block Report Received
2025/12/03 21:10:46 Block Report Received
2025/12/03 21:10:56 Block Report Received
2025/12/03 21:11:06 Block Report Received
2025/12/03 21:11:16 Block Report Received
2025/12/03 21:11:26 Block Report Received
2025/12/03 21:11:36 Block Report Received
2025/12/03 21:11:46 Block Report Received
2025/12/03 21:11:56 Block Report Received
2025/12/03 21:12:06 Block Report Received
2025/12/03 21:12:16 Block Report Received
2025/12/03 21:12:26 Block Report Received
2025/12/03 21:12:36 Block Report Received
2025/12/03 21:12:46 Block Report Received
2025/12/03 21:12:56 Block Report Received
2025/12/03 21:13:06 Block Report Received
2025/12/03 21:13:16 Block Report Received
2025/12/03 21:13:26 Block Report Received
2025/12/03 21:13:36 Block Report Received
2025/12/03 21:13:46 Block Report Received
2025/12/03 21:13:56 Block Report Received
2025/12/03 21:14:06 Block Report Received
2025/12/03 21:14:16 Block Report Received
2025/12/03 21:14:26 Block Report Received
2025/12/03 21:14:36 Block Report Received
2025/12/03 21:14:46 Block Report Received
2025/12/03 21:14:56 Block Report Received
2025/12/03 21:15:06 Block Report Received
2025/12/03 21:15:16 Block Report Received
2025/12/03 21:15:26 Block Report Received
2025/12/03 21:15:36 Block Report Received
2025/12/03 21:15:46 Block Report Received
2025/12/03 21:15:56 Block Report Received
2025/12/03 21:16:06 Block Report Received
2025/12/03 21:16:16 Block Report Received
2025/12/03 21:16:26 Block Report Received
2025/12/03 21:16:36 Block Report Received
2025/12/03 21:16:46 Block Report Received
2025/12/03 21:16:56 Block Report Received
2025/12/03 21:17:06 Block Report Received
2025/12/03 21:17:16 Block Report Received
2025/12/03 21:17:26 Block Report Received
2025/12/03 21:17:36 Block Report Received
2025/12/03 21:17:46 Block Report Received
2025/12/03 21:17:56 Block Report Received
2025/12/03 21:18:06 Block Report Received
2025/12/03 21:18:16 Block Report Received
2025/12/03 21:18:26 Block Report Received
2025/12/03 21:18:36 Block Report Received
2025/12/03 21:18:46 Block Report Received
2025/12/03 21:18:56 Block Report Received
2025/12/03 21:19:06 Block Report Received
2025/12/03 21:19:16 Block Report Received
2025/12/03 21:19:26 Block Report Received
2025/12/03 21:19:36 Block Report Received
2025/12/03 21:19:46 Block Report Received
2025/12/03 21:19:56 Block Report Received
2025/12/03 21:20:06 Block Report Received
2025/12/03 21:20:16 Block Report Received
2025/12/03 21:20:26 Block Report Received
2025/12/03 21:20:36 Block Report Received
2025/12/03 21:20:46 Block Report Received
2025/12/03 21:20:56 Block Report Received
2025/12/03 21:21:06 Block Report Received
2025/12/03 21:21:16 Block Report Received
2025/12/03 21:21:26 Block Report Received
2025/12/03 21:21:36 Block Report Received
2025/12/03 21:21:46 Block Report Received
2025/12/03 21:21:56 Block Report Received
2025/12/03 21:22:06 Block Report Received
2025/12/03 21:22:16 Block Report Received
2025/12/03 21:22:26 Block Report Received
2025/12/03 21:22:36 Block Report Received
2025/12/03 21:22:46 Block Report Received
2025/12/03 21:22:56 Block Report Received
2025/12/03 21:23:06 Block Report Received
2025/12/03 21:23:16 Block Report Received
2025/12/03 21:23:26 Block Report Received
2025/12/03 21:23:36 Block Report Received
2025/12/03 21:23:46 Block Report Received
2025/12/03 21:23:56 Block Report Received
2025/12/03 21:24:06 Block Report Received
2025/12/03 21:24:16 Block Report Received
2025/12/03 21:24:26 Block Report Received
2025/12/03 21:24:36 Block Report Received
2025/12/03 21:24:46 Block Report Received
2025/12/03 21:24:56 Block Report Received
2025/12/03 21:25:06 Block Report Received
2025/12/03 21:25:16 Block Report Received
2025/12/03 21:25:26 Block Report Received
2025/12/03 21:25:36 Block Report Received
2025/12/03 21:25:46 Block Report Received
2025/12/03 21:25:56 Block Report Received
2025/12/03 21:26:06 Block Report Received
2025/12/03 21:26:16 Block Report Received
2025/12/03 21:26:26 Block Report Received
2025/12/03 21:26:36 Block Report Received
2025/12/03 21:26:46 Block Report Received
2025/12/03 21:26:56 Block Report Received
2025/12/03 21:27:06 Block Report Received
2025/12/03 21:27:16 Block Report Received
2025/12/03 21:27:26 Block Report Received
2025/12/03 21:27:36 Block Report Received
2025/12/03 21:27:46 Block Report Received
2025/12/03 21:27:56 Block Report Received
2025/12/03 21:28:06 Block Report Received
2025/12/03 21:28:16 Block Report Received
2025/12/03 21:28:26 Block Report Received
2025/12/03 21:28:36 Block Report Received
2025/12/03 21:28:46 Block Report Received
2025/12/03 21:28:56 Block Report Received
2025/12/03 21:29:06 Block Report Received
2025/12/03 21:29:16 Block Report Received
2025/12/03 21:29:26 Block Report Received
2025/12/03 21:29:36 Block Report Received
2025/12/03 21:29:46 Block Report Received
2025/12/03 21:29:56 Block Report Received
2025/12/03 21:30:06 Block Report Received
2025/12/03 21:30:16 Block Report Received
2025/12/03 21:30:26 Block Report Received
2025/12/03 21:30:36 Block Report Received
2025/12/03 21:30:46 Block Report Received
2025/12/03 21:30:56 Block Report Received
2025/12/03 21:31:06 Block Report Received
2025/12/03 21:31:16 Block Report Received
2025/12/03 21:31:26 Block Report Received
2025/12/03 21:31:36 Block Report Received
2025/12/03 21:31:46 Block Report Received
2025/12/03 21:31:56 Block Report Received
2025/12/03 21:32:06 Block Report Received
2025/12/03 21:32:16 Block Report Received
2025/12/03 21:32:26 Block Report Received
2025/12/03 21:32:36 Block Report Received
2025/12/03 21:32:46 Block Report Received
2025/12/03 21:32:56 Block Report Received
2025/12/03 21:33:06 Block Report Received
2025/12/03 21:33:16 Block Report Received
2025/12/03 21:33:26 Block Report Received
2025/12/03 21:33:36 Block Report Received
2025/12/03 21:33:46 Block Report Received
2025/12/03 21:33:56 Block Report Received
2025/12/03 21:34:06 Block Report Received
2025/12/03 21:34:16 Block Report Received
2025/12/03 21:34:26 Block Report Received
2025/12/03 21:34:36 Block Report Received
2025/12/03 21:34:46 Block Report Received
2025/12/03 21:34:56 Block Report Received
2025/12/03 21:35:06 Block Report Received
2025/12/03 21:35:16 Block Report Received
2025/12/03 21:35:26 Block Report Received
2025/12/03 21:35:36 Block Report Received
2025/12/03 21:35:46 Block Report Received
2025/12/03 21:35:56 Block Report Received
2025/12/03 21:36:06 Block Report Received
2025/12/03 21:36:16 Block Report Received
2025/12/03 21:36:26 Block Report Received
2025/12/03 21:36:36 Block Report Received
2025/12/03 21:36:46 Block Report Received
2025/12/03 21:36:56 Block Report Received
2025/12/03 21:37:06 Block Report Received
2025/12/03 21:37:16 Block Report Received
2025/12/03 21:37:26 Block Report Received
2025/12/03 21:37:36 Block Report Received
2025/12/03 21:37:46 Block Report Received
2025/12/03 21:37:56 Block Report Received
2025/12/03 21:38:06 Block Report Received
2025/12/03 21:38:16 Block Report Received
2025/12/03 21:38:26 Block Report Received
2025/12/03 21:38:36 Block Report Received
2025/12/03 21:38:46 Block Report Received
2025/12/03 21:38:56 Block Report Received
2025/12/03 21:39:06 Block Report Received
2025/12/03 21:39:16 Block Report Received
2025/12/03 21:39:26 Block Report Received
2025/12/03 21:39:36 Block Report Received
2025/12/03 21:39:46 Block Report Received
2025/12/03 21:39:56 Block Report Received
2025/12/03 21:40:06 Block Report Received
2025/12/03 21:40:16 Block Report Received
2025/12/03 21:40:26 Block Report Received
2025/12/03 21:40:36 Block Report Received
2025/12/03 21:40:46 Block Report Received
2025/12/03 21:40:56 Block Report Received
2025/12/03 21:41:06 Block Report Received
2025/12/03 21:41:16 Block Report Received
2025/12/03 21:41:26 Block Report Received
2025/12/03 21:41:36 Block Report Received
2025/12/03 21:41:46 Block Report Received
2025/12/03 21:41:56 Block Report Received
2025/12/03 21:42:06 Block Report Received
2025/12/03 21:42:16 Block Report Received
2025/12/03 21:42:26 Block Report Received
2025/12/03 21:42:36 Block Report Received
2025/12/03 21:42:46 Block Report Received
2025/12/03 21:42:56 Block Report Received
2025/12/03 21:43:06 Block Report Received
2025/12/03 21:43:16 Block Report Received
2025/12/03 21:43:26 Block Report Received
2025/12/03 21:43:36 Block Report Received
2025/12/03 21:43:46 Block Report Received
2025/12/03 21:43:56 Block Report Received
2025/12/03 21:44:06 Block Report Received
2025/12/03 21:44:16 Block Report Received
2025/12/03 21:44:26 Block Report Received
2025/12/03 21:44:36 Block Report Received
2025/12/03 21:44:46 Block Report Received
2025/12/03 21:44:56 Block Report Received
2025/12/03 21:45:06 Block Report Received
2025/12/03 21:45:16 Block Report Received
2025/12/03 21:45:26 Block Report Received
2025/12/03 21:45:36 Block Report Received
2025/12/03 21:45:46 Block Report Received
2025/12/03 21:45:56 Block Report Received
2025/12/03 21:46:06 Block Report Received
2025/12/03 21:46:16 Block Report Received
2025/12/03 21:46:26 Block Report Received
2025/12/03 21:46:36 Block Report Received
2025/12/03 21:46:46 Block Report Received
2025/12/03 21:46:56 Block Report Received
2025/12/03 21:47:06 Block Report Received
2025/12/03 21:47:16 Block Report Received
2025/12/03 21:47:26 Block Report Received
2025/12/03 21:47:36 Block Report Received
2025/12/03 21:47:46 Block Report Received
2025/12/03 21:47:56 Block Report Received
2025/12/03 21:48:06 Block Report Received
2025/12/03 21:48:16 Block Report Received
2025/12/03 21:48:26 Block Report Received
2025/12/03 21:48:36 Block Report Received
2025/12/03 21:48:46 Block Report Received
2025/12/03 21:48:56 Block Report Received
2025/12/03 21:49:06 Block Report Received
2025/12/03 21:49:16 Block Report Received
2025/12/03 21:49:26 Block Report Received
2025/12/03 21:49:36 Block Report Received
2025/12/03 21:49:46 Block Report Received
2025/12/03 21:49:56 Block Report Received
2025/12/03 21:50:06 Block Report Received
2025/12/03 21:50:16 Block Report Received
2025/12/03 21:50:26 Block Report Received
2025/12/03 21:50:36 Block Report Received
2025/12/03 21:50:46 Block Report Received
2025/12/03 21:50:56 Block Report Received
2025/12/03 21:51:06 Block Report Received
2025/12/03 21:51:16 Block Report Received
2025/12/03 21:51:26 Block Report Received
2025/12/03 21:51:36 Block Report Received
2025/12/03 21:51:46 Block Report Received
2025/12/03 21:51:56 Block Report Received
2025/12/03 21:52:06 Block Report Received
2025/12/03 21:52:16 Block Report Received
2025/12/03 21:52:26 Block Report Received
2025/12/03 21:52:36 Block Report Received
2025/12/03 21:52:46 Block Report Received
2025/12/03 21:52:56 Block Report Received
2025/12/03 21:53:06 Block Report Received
2025/12/03 21:53:16 Block Report Received
2025/12/03 21:53:26 Block Report Received
2025/12/03 21:53:36 Block Report Received
2025/12/03 21:53:46 Block Report Received
2025/12/03 21:53:56 Block Report Received
2025/12/03 21:54:06 Block Report Received
2025/12/03 21:54:16 Block Report Received
2025/12/03 21:54:26 Block Report Received
2025/12/03 21:54:36 Block Report Received
2025/12/03 21:54:46 Block Report Received
2025/12/03 21:54:56 Block Report Received
2025/12/03 21:55:06 Block Report Received
2025/12/03 21:55:16 Block Report Received
2025/12/03 21:55:26 Block Report Received
2025/12/03 21:55:36 Block Report Received
2025/12/03 21:55:46 Block Report Received
2025/12/03 21:55:56 Block Report Received
2025/12/03 21:56:06 Block Report Received
2025/12/03 21:56:16 Block Report Received
2025/12/03 21:56:26 Block Report Received
2025/12/03 21:56:36 Block Report Received
2025/12/03 21:56:46 Block Report Received
2025/12/03 21:56:56 Block Report Received
2025/12/03 21:57:06 Block Report Received
2025/12/03 21:57:16 Block Report Received
2025/12/03 21:57:26 Block Report Received
2025/12/03 21:57:36 Block Report Received
2025/12/03 21:57:46 Block Report Received
2025/12/03 21:57:56 Block Report Received
2025/12/03 21:58:06 Block Report Received
2025/12/03 21:58:16 Block Report Received
2025/12/03 21:58:26 Block Report Received
2025/12/03 21:58:36 Block Report Received
2025/12/03 21:58:46 Block Report Received
2025/12/03 21:58:56 Block Report Received
2025/12/03 21:59:06 Block Report Received
2025/12/03 21:59:16 Block Report Received
2025/12/03 21:59:26 Block Report Received
2025/12/03 21:59:36 Block Report Received
2025/12/03 21:59:46 Block Report Received
2025/12/03 21:59:56 Block Report Received
2025/12/03 22:00:06 Block Report Received
2025/12/03 22:00:16 Block Report Received
2025/12/03 22:00:26 Block Report Received
2025/12/03 22:00:36 Block Report Received
2025/12/03 22:00:46 Block Report Received
2025/12/03 22:00:56 Block Report Received
2025/12/03 22:01:06 Block Report Received
2025/12/03 22:01:16 Block Report Received
2025/12/03 22:01:26 Block Report Received
2025/12/03 22:01:36 Block Report Received
2025/12/03 22:01:46 Block Report Received
2025/12/03 22:01:56 Block Report Received
2025/12/03 22:02:06 Block Report Received
2025/12/03 22:02:16 Block Report Received
2025/12/03 22:02:26 Block Report Received
2025/12/03 22:02:36 Block Report Received
2025/12/03 22:02:46 Block Report Received
2025/12/03 22:02:56 Block Report Received
2025/12/03 22:03:06 Block Report Received
2025/12/03 22:03:16 Block Report Received
2025/12/03 22:03:26 Block Report Received
2025/12/03 22:03:36 Block Report Received
2025/12/03 22:03:46 Block Report Received
2025/12/03 22:03:56 Block Report Received
2025/12/03 22:04:06 Block Report Received
2025/12/03 22:04:16 Block Report Received
2025/12/03 22:04:26 Block Report Received
2025/12/03 22:04:36 Block Report Received
2025/12/03 22:04:46 Block Report Received
2025/12/03 22:04:56 Block Report Received
2025/12/03 22:05:06 Block Report Received
2025/12/03 22:05:16 Block Report Received
2025/12/03 22:05:26 Block Report Received
2025/12/03 22:05:36 Block Report Received
2025/12/03 22:05:46 Block Report Received
2025/12/03 22:05:56 Block Report Received
2025/12/03 22:06:06 Block Report Received
2025/12/03 22:06:16 Block Report Received
2025/12/03 22:06:26 Block Report Received
2025/12/03 22:06:36 Block Report Received
2025/12/03 22:06:46 Block Report Received
2025/12/03 22:06:56 Block Report Received
2025/12/03 22:07:06 Block Report Received
2025/12/03 22:07:16 Block Report Received
2025/12/03 22:07:26 Block Report Received
2025/12/03 22:07:36 Block Report Received
2025/12/03 22:07:46 Block Report Received
2025/12/03 22:07:56 Block Report Received
2025/12/03 22:08:06 Block Report Received
2025/12/03 22:08:16 Block Report Received
2025/12/03 22:08:26 Block Report Received
2025/12/03 22:08:36 Block Report Received
2025/12/03 22:08:46 Block Report Received
2025/12/03 22:08:56 Block Report Received
2025/12/03 22:09:06 Block Report Received
2025/12/03 22:09:16 Block Report Received
2025/12/03 22:09:26 Block Report Received
2025/12/03 22:09:36 Block Report Received
2025/12/03 22:09:46 Block Report Received
2025/12/03 22:09:56 Block Report Received
2025/12/03 22:10:06 Block Report Received
2025/12/03 22:10:16 Block Report Received
2025/12/03 22:10:26 Block Report Received
2025/12/03 22:10:36 Block Report Received
2025/12/03 22:10:46 Block Report Received
2025/12/03 22:10:56 Block Report Received
2025/12/03 22:11:06 Block Report Received
2025/12/03 22:11:16 Block Report Received
2025/12/03 22:11:26 Block Report Received
2025/12/03 22:11:36 Block Report Received
2025/12/03 22:11:46 Block Report Received
2025/12/03 22:11:56 Block Report Received
2025/12/03 22:12:06 Block Report Received
2025/12/03 22:12:16 Block Report Received
2025/12/03 22:12:26 Block Report Received
2025/12/03 22:12:36 Block Report Received
2025/12/03 22:12:46 Block Report Received
2025/12/03 22:12:56 Block Report Received
2025/12/03 22:13:06 Block Report Received
2025/12/03 22:13:16 Block Report Received
2025/12/03 22:13:26 Block Report Received
2025/12/03 22:13:36 Block Report Received
2025/12/03 22:13:46 Block Report Received
2025/12/03 22:13:56 Block Report Received
2025/12/03 22:14:06 Block Report Received
2025/12/03 22:14:16 Block Report Received
2025/12/03 22:14:26 Block Report Received
2025/12/03 22:14:36 Block Report Received
2025/12/03 22:14:46 Block Report Received
2025/12/03 22:14:56 Block Report Received
2025/12/03 22:15:06 Block Report Received
2025/12/03 22:15:16 Block Report Received
2025/12/03 22:15:26 Block Report Received
2025/12/03 22:15:36 Block Report Received
2025/12/03 22:15:46 Block Report Received
2025/12/03 22:15:56 Block Report Received
2025/12/03 22:16:06 Block Report Received
2025/12/03 22:16:16 Block Report Received
2025/12/03 22:16:26 Block Report Received
2025/12/03 22:16:36 Block Report Received
2025/12/03 22:16:46 Block Report Received
2025/12/03 22:16:56 Block Report Received
2025/12/03 22:17:06 Block Report Received
2025/12/03 22:17:16 Block Report Received
2025/12/03 22:17:26 Block Report Received
2025/12/03 22:17:36 Block Report Received
2025/12/03 22:17:46 Block Report Received
2025/12/03 22:17:56 Block Report Received
2025/12/03 22:18:06 Block Report Received
2025/12/03 22:18:16 Block Report Received
2025/12/03 22:18:26 Block Report Received
2025/12/03 22:18:36 Block Report Received
2025/12/03 22:18:46 Block Report Received
2025/12/03 22:18:56 Block Report Received
2025/12/03 22:19:06 Block Report Received
2025/12/03 22:19:16 Block Report Received
2025/12/03 22:19:26 Block Report Received
2025/12/03 22:19:36 Block Report Received
2025/12/03 22:19:46 Block Report Received
2025/12/03 22:19:56 Block Report Received
2025/12/03 22:20:06 Block Report Received
2025/12/03 22:20:16 Block Report Received
2025/12/03 22:20:26 Block Report Received
2025/12/03 22:20:36 Block Report Received
2025/12/03 22:20:46 Block Report Received
2025/12/03 22:20:56 Block Report Received
2025/12/03 22:21:06 Block Report Received
2025/12/03 22:21:16 Block Report Received
2025/12/03 22:21:26 Block Report Received
2025/12/03 22:21:36 Block Report Received
2025/12/03 22:21:46 Block Report Received
2025/12/03 22:21:56 Block Report Received
2025/12/03 22:22:06 Block Report Received
2025/12/03 22:22:16 Block Report Received
2025/12/03 22:22:26 Block Report Received
2025/12/03 22:22:36 Block Report Received
2025/12/03 22:22:46 Block Report Received
2025/12/03 22:22:56 Block Report Received
2025/12/03 22:23:06 Block Report Received
2025/12/03 22:23:16 Block Report Received
2025/12/03 22:23:26 Block Report Received
2025/12/03 22:23:36 Block Report Received
2025/12/03 22:23:46 Block Report Received
2025/12/03 22:23:56 Block Report Received
2025/12/03 22:24:06 Block Report Received
2025/12/03 22:24:16 Block Report Received
2025/12/03 22:24:26 Block Report Received
2025/12/03 22:24:36 Block Report Received
2025/12/03 22:24:46 Block Report Received
2025/12/03 22:24:56 Block Report Received
2025/12/03 22:25:06 Block Report Received
2025/12/03 22:25:16 Block Report Received
2025/12/03 22:25:26 Block Report Received
2025/12/03 22:25:36 Block Report Received
2025/12/03 22:25:46 Block Report Received
2025/12/03 22:25:56 Block Report Received
2025/12/03 22:26:06 Block Report Received
2025/12/03 22:26:16 Block Report Received
2025/12/03 22:26:26 Block Report Received
2025/12/03 22:26:36 Block Report Received
2025/12/03 22:26:46 Block Report Received
2025/12/03 22:26:56 Block Report Received
2025/12/03 22:27:06 Block Report Received
2025/12/03 22:27:16 Block Report Received
2025/12/03 22:27:26 Block Report Received
2025/12/03 22:27:36 Block Report Received
2025/12/03 22:27:46 Block Report Received
2025/12/03 22:27:56 Block Report Received
2025/12/03 22:28:06 Block Report Received
2025/12/03 22:28:16 Block Report Received
2025/12/03 22:28:26 Block Report Received
2025/12/03 22:28:36 Block Report Received
2025/12/03 22:28:46 Block Report Received
2025/12/03 22:28:56 Block Report Received
2025/12/03 22:29:06 Block Report Received
2025/12/03 22:29:16 Block Report Received
2025/12/03 22:29:26 Block Report Received
2025/12/03 22:29:36 Block Report Received
2025/12/03 22:29:46 Block Report Received
2025/12/03 22:29:56 Block Report Received
2025/12/03 22:30:06 Block Report Received
2025/12/03 22:30:16 Block Report Received
2025/12/03 22:30:26 Block Report Received
2025/12/03 22:30:36 Block Report Received
2025/12/03 22:30:46 Block Report Received
2025/12/03 22:30:56 Block Report Received
2025/12/03 22:31:06 Block Report Received
2025/12/03 22:31:16 Block Report Received
2025/12/03 22:31:26 Block Report Received
2025/12/03 22:31:36 Block Report Received
2025/12/03 22:31:46 Block Report Received
2025/12/03 22:31:56 Block Report Received
2025/12/03 22:32:06 Block Report Received
2025/12/03 22:32:16 Block Report Received
2025/12/03 22:32:26 Block Report Received
2025/12/03 22:32:36 Block Report Received
2025/12/03 22:32:46 Block Report Received
2025/12/03 22:32:56 Block Report Received
2025/12/03 22:33:06 Block Report Received
2025/12/03 22:33:16 Block Report Received
2025/12/03 22:33:26 Block Report Received
2025/12/03 22:33:36 Block Report Received
2025/12/03 22:33:46 Block Report Received
2025/12/03 22:33:56 Block Report Received
2025/12/03 22:34:06 Block Report Received
2025/12/03 22:34:16 Block Report Received
2025/12/03 22:34:26 Block Report Received
2025/12/03 22:34:36 Block Report Received
2025/12/03 22:34:46 Block Report Received
2025/12/03 22:34:56 Block Report Received
2025/12/03 22:35:06 Block Report Received
2025/12/03 22:35:16 Block Report Received
2025/12/03 22:35:26 Block Report Received
2025/12/03 22:35:36 Block Report Received
2025/12/03 22:35:46 Block Report Received
2025/12/03 22:35:56 Block Report Received
2025/12/03 22:36:06 Block Report Received
2025/12/03 22:36:16 Block Report Received
2025/12/03 22:36:26 Block Report Received
2025/12/03 22:36:36 Block Report Received
2025/12/03 22:36:46 Block Report Received
2025/12/03 22:36:56 Block Report Received
2025/12/03 22:37:06 Block Report Received
2025/12/03 22:37:16 Block Report Received
2025/12/03 22:37:26 Block Report Received
2025/12/03 22:37:36 Block Report Received
2025/12/03 22:37:46 Block Report Received
2025/12/03 22:37:56 Block Report Received
2025/12/03 22:38:06 Block Report Received
2025/12/03 22:38:16 Block Report Received
2025/12/03 22:38:26 Block Report Received
2025/12/03 22:38:36 Block Report Received
2025/12/03 22:38:46 Block Report Received
2025/12/03 22:38:56 Block Report Received
2025/12/03 22:39:06 Block Report Received
2025/12/03 22:39:16 Block Report Received
2025/12/03 22:39:26 Block Report Received
2025/12/03 22:39:36 Block Report Received
2025/12/03 22:39:46 Block Report Received
2025/12/03 22:39:56 Block Report Received
2025/12/03 22:40:06 Block Report Received
2025/12/03 22:40:16 Block Report Received
2025/12/03 22:40:26 Block Report Received
2025/12/03 22:40:36 Block Report Received
2025/12/03 22:40:46 Block Report Received
2025/12/03 22:40:56 Block Report Received
2025/12/03 22:41:06 Block Report Received
2025/12/03 22:41:16 Block Report Received
2025/12/03 22:41:26 Block Report Received
2025/12/03 22:41:36 Block Report Received
2025/12/03 22:41:46 Block Report Received
2025/12/03 22:41:56 Block Report Received
2025/12/03 22:42:06 Block Report Received
2025/12/03 22:42:16 Block Report Received
2025/12/03 22:42:26 Block Report Received
2025/12/03 22:42:36 Block Report Received
2025/12/03 22:42:46 Block Report Received
2025/12/03 22:42:56 Block Report Received
2025/12/03 22:43:06 Block Report Received
2025/12/03 22:43:16 Block Report Received
2025/12/03 22:43:26 Block Report Received
2025/12/03 22:43:36 Block Report Received
2025/12/03 22:43:46 Block Report Received
2025/12/03 22:43:56 Block Report Received
2025/12/03 22:44:06 Block Report Received
2025/12/03 22:44:16 Block Report Received
2025/12/03 22:44:26 Block Report Received
2025/12/03 22:44:36 Block Report Received
2025/12/03 22:44:46 Block Report Received
2025/12/03 22:44:56 Block Report Received
2025/12/03 22:45:06 Block Report Received
2025/12/03 22:45:16 Block Report Received
2025/12/03 22:45:26 Block Report Received
2025/12/03 22:45:36 Block Report Received
2025/12/03 22:45:46 Block Report Received
2025/12/03 22:45:56 Block Report Received
2025/12/03 22:46:06 Block Report Received
2025/12/03 22:46:16 Block Report Received
2025/12/03 22:46:26 Block Report Received
2025/12/03 22:46:36 Block Report Received
2025/12/03 22:46:46 Block Report Received
2025/12/03 22:46:56 Block Report Received
2025/12/03 22:47:06 Block Report Received
2025/12/03 22:47:16 Block Report Received
2025/12/03 22:47:26 Block Report Received
2025/12/03 22:47:36 Block Report Received
2025/12/03 22:47:46 Block Report Received
2025/12/03 22:47:56 Block Report Received
2025/12/03 22:48:06 Block Report Received
2025/12/03 22:48:16 Block Report Received
2025/12/03 22:48:26 Block Report Received
2025/12/03 22:48:36 Block Report Received
2025/12/03 22:48:46 Block Report Received
2025/12/03 22:48:56 Block Report Received
2025/12/03 22:49:06 Block Report Received
2025/12/03 22:49:16 Block Report Received
2025/12/03 22:49:26 Block Report Received
2025/12/03 22:49:36 Block Report Received
2025/12/03 22:49:46 Block Report Received
2025/12/03 22:49:56 Block Report Received
2025/12/03 22:50:06 Block Report Received
2025/12/03 22:50:16 Block Report Received
2025/12/03 22:50:26 Block Report Received
2025/12/03 22:50:36 Block Report Received
2025/12/03 22:50:46 Block Report Received
2025/12/03 22:50:56 Block Report Received
2025/12/03 22:51:06 Block Report Received
2025/12/03 22:51:16 Block Report Received
2025/12/03 22:51:26 Block Report Received
2025/12/03 22:51:36 Block Report Received
2025/12/03 22:51:46 Block Report Received
2025/12/03 22:51:56 Block Report Received
2025/12/03 22:52:06 Block Report Received
2025/12/03 22:52:18 Block Report Received
2025/12/03 22:52:27 Block Report Received
2025/12/03 22:52:36 Block Report Received
2025/12/03 22:52:51 Block Report Received
2025/12/03 22:52:58 Block Report Received
2025/12/03 22:53:07 Block Report Received
2025/12/03 22:53:18 Block Report Received
2025/12/03 22:53:29 Block Report Received
2025/12/03 22:53:37 Block Report Received
2025/12/03 22:53:47 Block Report Received
2025/12/03 22:53:57 Block Report Received
2025/12/03 22:54:09 Block Report Received
2025/12/03 22:54:18 Block Report Received
2025/12/03 22:54:27 Block Report Received
2025/12/03 22:54:38 Block Report Received
2025/12/03 22:54:48 Block Report Received
2025/12/03 22:54:56 Block Report Received
2025/12/03 22:55:06 Block Report Received
2025/12/03 22:55:16 Block Report Received
2025/12/03 22:55:27 Block Report Received
2025/12/03 22:55:37 Block Report Received
2025/12/03 22:55:48 Block Report Received
2025/12/03 22:55:57 Block Report Received
2025/12/03 22:56:06 Block Report Received
2025/12/03 22:56:16 Block Report Received
2025/12/03 22:56:26 Block Report Received
2025/12/03 22:56:36 Block Report Received
2025/12/03 22:56:46 Block Report Received
2025/12/03 22:56:56 Block Report Received
2025/12/03 22:57:06 Block Report Received
2025/12/03 22:57:16 Block Report Received
2025/12/03 22:57:26 Block Report Received
2025/12/03 22:57:36 Block Report Received
2025/12/03 22:57:46 Block Report Received
2025/12/03 22:57:56 Block Report Received
2025/12/03 22:58:06 Block Report Received
2025/12/03 22:58:16 Block Report Received
2025/12/03 22:58:26 Block Report Received
2025/12/03 22:58:36 Block Report Received
2025/12/03 22:58:46 Block Report Received
2025/12/03 22:58:56 Block Report Received
2025/12/03 22:59:06 Block Report Received
2025/12/03 22:59:16 Block Report Received
2025/12/03 22:59:26 Block Report Received
2025/12/03 22:59:36 Block Report Received
2025/12/03 22:59:46 Block Report Received
2025/12/03 22:59:56 Block Report Received
2025/12/03 23:00:06 Block Report Received
2025/12/03 23:00:16 Block Report Received
2025/12/03 23:00:26 Block Report Received
2025/12/03 23:00:36 Block Report Received
2025/12/03 23:00:46 Block Report Received
2025/12/03 23:00:56 Block Report Received
2025/12/03 23:01:06 Block Report Received
2025/12/03 23:01:16 Block Report Received
2025/12/03 23:01:26 Block Report Received
2025/12/03 23:01:36 Block Report Received
2025/12/03 23:01:46 Block Report Received
2025/12/03 23:01:56 Block Report Received
2025/12/03 23:02:06 Block Report Received
2025/12/03 23:02:16 Block Report Received
2025/12/03 23:02:26 Block Report Received
2025/12/03 23:02:36 Block Report Received
2025/12/03 23:02:46 Block Report Received
2025/12/03 23:02:56 Block Report Received
2025/12/03 23:03:06 Block Report Received
2025/12/03 23:03:16 Block Report Received
2025/12/03 23:03:26 Block Report Received
2025/12/03 23:03:36 Block Report Received
2025/12/03 23:03:46 Block Report Received
2025/12/03 23:03:56 Block Report Received
2025/12/03 23:04:06 Block Report Received
2025/12/03 23:04:16 Block Report Received
2025/12/03 23:04:26 Block Report Received
2025/12/03 23:04:36 Block Report Received
2025/12/03 23:04:46 Block Report Received
2025/12/03 23:04:56 Block Report Received
2025/12/03 23:05:06 Block Report Received
2025/12/03 23:05:16 Block Report Received
2025/12/03 23:05:26 Block Report Received
2025/12/03 23:05:36 Block Report Received
2025/12/03 23:05:46 Block Report Received
2025/12/03 23:05:56 Block Report Received
2025/12/03 23:06:06 Block Report Received
2025/12/03 23:06:16 Block Report Received
2025/12/03 23:06:26 Block Report Received
2025/12/03 23:06:36 Block Report Received
2025/12/03 23:06:46 Block Report Received
2025/12/03 23:06:56 Block Report Received
2025/12/03 23:07:06 Block Report Received
2025/12/03 23:07:16 Block Report Received
2025/12/03 23:07:26 Block Report Received
2025/12/03 23:07:36 Block Report Received
2025/12/03 23:07:46 Block Report Received
2025/12/03 23:07:56 Block Report Received
2025/12/03 23:08:06 Block Report Received
2025/12/03 23:08:16 Block Report Received
2025/12/03 23:08:26 Block Report Received
2025/12/03 23:08:36 Block Report Received
2025/12/03 23:08:46 Block Report Received
2025/12/03 23:08:56 Block Report Received
2025/12/03 23:09:06 Block Report Received
2025/12/03 23:09:16 Block Report Received
2025/12/03 23:09:26 Block Report Received
2025/12/03 23:09:36 Block Report Received
2025/12/03 23:09:46 Block Report Received
2025/12/03 23:09:56 Block Report Received
2025/12/03 23:10:06 Block Report Received
2025/12/03 23:10:16 Block Report Received
2025/12/03 23:10:26 Block Report Received
2025/12/03 23:10:36 Block Report Received
2025/12/03 23:10:46 Block Report Received
2025/12/03 23:10:56 Block Report Received
2025/12/03 23:11:06 Block Report Received
2025/12/03 23:11:16 Block Report Received
2025/12/03 23:11:26 Block Report Received
2025/12/03 23:11:36 Block Report Received
2025/12/03 23:11:46 Block Report Received
2025/12/03 23:11:56 Block Report Received
2025/12/03 23:12:06 Block Report Received
2025/12/03 23:12:16 Block Report Received
2025/12/03 23:12:26 Block Report Received
2025/12/03 23:12:36 Block Report Received
2025/12/03 23:12:46 Block Report Received
2025/12/03 23:12:56 Block Report Received
2025/12/03 23:13:06 Block Report Received
2025/12/03 23:13:16 Block Report Received
2025/12/03 23:13:26 Block Report Received
2025/12/03 23:13:36 Block Report Received
2025/12/03 23:13:46 Block Report Received
2025/12/03 23:13:56 Block Report Received
2025/12/03 23:14:06 Block Report Received
2025/12/03 23:14:16 Block Report Received
2025/12/03 23:14:26 Block Report Received
2025/12/03 23:14:36 Block Report Received
2025/12/03 23:14:46 Block Report Received
2025/12/03 23:14:56 Block Report Received
2025/12/03 23:15:06 Block Report Received
2025/12/03 23:15:16 Block Report Received
2025/12/03 23:15:26 Block Report Received
2025/12/03 23:15:36 Block Report Received
2025/12/03 23:15:46 Block Report Received
2025/12/03 23:15:56 Block Report Received
2025/12/03 23:16:06 Block Report Received
2025/12/03 23:16:16 Block Report Received
2025/12/03 23:16:26 Block Report Received
2025/12/03 23:16:36 Block Report Received
2025/12/03 23:16:46 Block Report Received
2025/12/03 23:16:56 Block Report Received
2025/12/03 23:17:06 Block Report Received
2025/12/03 23:17:16 Block Report Received
2025/12/03 23:17:26 Block Report Received
2025/12/03 23:17:36 Block Report Received
2025/12/03 23:17:46 Block Report Received
2025/12/03 23:17:56 Block Report Received
2025/12/03 23:18:06 Block Report Received
2025/12/03 23:18:16 Block Report Received
2025/12/03 23:18:26 Block Report Received
2025/12/03 23:18:36 Block Report Received
2025/12/03 23:18:46 Block Report Received
2025/12/03 23:18:56 Block Report Received
2025/12/03 23:19:06 Block Report Received
2025/12/03 23:19:16 Block Report Received
2025/12/03 23:19:26 Block Report Received
2025/12/03 23:19:36 Block Report Received
2025/12/03 23:19:46 Block Report Received
2025/12/03 23:19:56 Block Report Received
2025/12/03 23:20:06 Block Report Received
2025/12/03 23:20:16 Block Report Received
2025/12/03 23:20:26 Block Report Received
2025/12/03 23:20:36 Block Report Received
2025/12/03 23:20:46 Block Report Received
2025/12/03 23:20:56 Block Report Received
2025/12/03 23:21:06 Block Report Received
2025/12/03 23:21:16 Block Report Received
2025/12/03 23:21:26 Block Report Received
2025/12/03 23:21:36 Block Report Received
2025/12/03 23:21:46 Block Report Received
2025/12/03 23:21:56 Block Report Received
2025/12/03 23:22:06 Block Report Received
2025/12/03 23:22:16 Block Report Received
2025/12/03 23:22:26 Block Report Received
2025/12/03 23:22:36 Block Report Received
2025/12/03 23:22:46 Block Report Received
2025/12/03 23:22:56 Block Report Received
2025/12/03 23:23:06 Block Report Received
2025/12/03 23:23:16 Block Report Received
2025/12/03 23:23:26 Block Report Received
2025/12/03 23:23:36 Block Report Received
2025/12/03 23:23:46 Block Report Received
2025/12/03 23:23:56 Block Report Received
2025/12/03 23:24:06 Block Report Received
2025/12/03 23:24:16 Block Report Received
2025/12/03 23:24:26 Block Report Received
2025/12/03 23:24:36 Block Report Received
2025/12/03 23:24:46 Block Report Received
2025/12/03 23:24:56 Block Report Received
2025/12/03 23:25:06 Block Report Received
2025/12/03 23:25:16 Block Report Received
2025/12/03 23:25:26 Block Report Received
2025/12/03 23:25:36 Block Report Received
2025/12/03 23:25:46 Block Report Received
2025/12/03 23:25:56 Block Report Received
2025/12/03 23:26:06 Block Report Received
2025/12/03 23:26:16 Block Report Received
2025/12/03 23:26:26 Block Report Received
2025/12/03 23:26:36 Block Report Received
2025/12/03 23:26:46 Block Report Received
2025/12/03 23:26:56 Block Report Received
2025/12/03 23:27:06 Block Report Received
2025/12/03 23:27:16 Block Report Received
2025/12/03 23:27:26 Block Report Received
2025/12/03 23:27:36 Block Report Received
2025/12/03 23:27:46 Block Report Received
2025/12/03 23:27:56 Block Report Received
2025/12/03 23:28:06 Block Report Received
2025/12/03 23:28:16 Block Report Received
2025/12/03 23:28:26 Block Report Received
2025/12/03 23:28:36 Block Report Received
2025/12/03 23:28:46 Block Report Received
2025/12/03 23:28:56 Block Report Received
2025/12/03 23:29:06 Block Report Received
2025/12/03 23:29:16 Block Report Received
2025/12/03 23:29:26 Block Report Received
2025/12/03 23:29:36 Block Report Received
2025/12/03 23:29:46 Block Report Received
2025/12/03 23:29:56 Block Report Received
2025/12/03 23:30:06 Block Report Received
2025/12/03 23:30:16 Block Report Received
2025/12/03 23:30:26 Block Report Received
2025/12/03 23:30:36 Block Report Received
2025/12/03 23:30:46 Block Report Received
2025/12/03 23:30:56 Block Report Received
2025/12/03 23:31:06 Block Report Received
2025/12/03 23:31:16 Block Report Received
2025/12/03 23:31:26 Block Report Received
2025/12/03 23:31:36 Block Report Received
2025/12/03 23:31:46 Block Report Received
2025/12/03 23:31:56 Block Report Received
2025/12/03 23:32:06 Block Report Received
2025/12/03 23:32:16 Block Report Received
2025/12/03 23:32:26 Block Report Received
2025/12/03 23:32:36 Block Report Received
2025/12/03 23:32:46 Block Report Received
2025/12/03 23:32:56 Block Report Received
2025/12/03 23:33:06 Block Report Received
2025/12/03 23:33:16 Block Report Received
2025/12/03 23:33:26 Block Report Received
2025/12/03 23:33:36 Block Report Received
2025/12/03 23:33:46 Block Report Received
2025/12/03 23:33:56 Block Report Received
2025/12/03 23:34:06 Block Report Received
2025/12/03 23:34:16 Block Report Received
2025/12/03 23:34:26 Block Report Received
2025/12/03 23:34:36 Block Report Received
2025/12/03 23:34:46 Block Report Received
2025/12/03 23:34:56 Block Report Received
2025/12/03 23:35:06 Block Report Received
2025/12/03 23:35:16 Block Report Received
2025/12/03 23:35:26 Block Report Received
2025/12/03 23:35:36 Block Report Received
2025/12/03 23:35:46 Block Report Received
2025/12/03 23:35:56 Block Report Received
2025/12/03 23:36:06 Block Report Received
2025/12/03 23:36:16 Block Report Received
2025/12/03 23:36:26 Block Report Received
2025/12/03 23:36:36 Block Report Received
2025/12/03 23:36:46 Block Report Received
2025/12/03 23:36:56 Block Report Received
2025/12/03 23:37:06 Block Report Received
2025/12/03 23:37:16 Block Report Received
2025/12/03 23:37:26 Block Report Received
2025/12/03 23:37:36 Block Report Received
2025/12/03 23:37:46 Block Report Received
2025/12/03 23:37:56 Block Report Received
2025/12/03 23:38:06 Block Report Received
2025/12/03 23:38:16 Block Report Received
2025/12/03 23:38:26 Block Report Received
2025/12/03 23:38:36 Block Report Received
2025/12/03 23:38:46 Block Report Received
2025/12/03 23:38:56 Block Report Received
2025/12/03 23:39:06 Block Report Received
2025/12/03 23:39:16 Block Report Received
2025/12/03 23:39:26 Block Report Received
2025/12/03 23:39:36 Block Report Received
2025/12/03 23:39:46 Block Report Received
2025/12/03 23:39:56 Block Report Received
2025/12/03 23:40:06 Block Report Received
2025/12/03 23:40:16 Block Report Received
2025/12/03 23:40:26 Block Report Received
2025/12/03 23:40:36 Block Report Received
2025/12/03 23:40:46 Block Report Received
2025/12/03 23:40:56 Block Report Received
2025/12/03 23:41:06 Block Report Received
2025/12/03 23:41:16 Block Report Received
2025/12/03 23:41:26 Block Report Received
2025/12/03 23:41:36 Block Report Received
2025/12/03 23:41:46 Block Report Received
2025/12/03 23:41:56 Block Report Received
2025/12/03 23:42:06 Block Report Received
2025/12/03 23:42:16 Block Report Received
2025/12/03 23:42:26 Block Report Received
2025/12/03 23:42:36 Block Report Received
2025/12/03 23:42:46 Block Report Received
2025/12/03 23:42:56 Block Report Received
2025/12/03 23:43:06 Block Report Received
2025/12/03 23:43:16 Block Report Received
2025/12/03 23:43:26 Block Report Received
2025/12/03 23:43:36 Block Report Received
2025/12/03 23:43:46 Block Report Received
2025/12/03 23:43:56 Block Report Received
2025/12/03 23:44:06 Block Report Received
2025/12/03 23:44:16 Block Report Received
2025/12/03 23:44:26 Block Report Received
2025/12/03 23:44:36 Block Report Received
2025/12/03 23:44:46 Block Report Received
2025/12/03 23:44:56 Block Report Received
2025/12/03 23:45:06 Block Report Received
2025/12/03 23:45:16 Block Report Received
2025/12/03 23:45:26 Block Report Received
2025/12/03 23:45:36 Block Report Received
2025/12/03 23:45:46 Block Report Received
2025/12/03 23:45:56 Block Report Received
2025/12/03 23:46:06 Block Report Received
2025/12/03 23:46:16 Block Report Received
2025/12/03 23:46:26 Block Report Received
2025/12/03 23:46:36 Block Report Received
2025/12/03 23:46:46 Block Report Received
2025/12/03 23:46:56 Block Report Received
2025/12/03 23:47:06 Block Report Received
2025/12/03 23:47:16 Block Report Received
2025/12/03 23:47:26 Block Report Received
2025/12/03 23:47:36 Block Report Received
2025/12/03 23:47:46 Block Report Received
2025/12/03 23:47:56 Block Report Received
2025/12/03 23:48:06 Block Report Received
2025/12/03 23:48:16 Block Report Received
2025/12/03 23:48:26 Block Report Received
2025/12/03 23:48:36 Block Report Received
2025/12/03 23:48:46 Block Report Received
2025/12/03 23:48:56 Block Report Received
2025/12/03 23:49:06 Block Report Received
2025/12/03 23:49:16 Block Report Received
2025/12/03 23:49:26 Block Report Received
2025/12/03 23:49:36 Block Report Received
2025/12/03 23:49:46 Block Report Received
2025/12/03 23:49:56 Block Report Received
2025/12/03 23:50:06 Block Report Received
2025/12/03 23:50:16 Block Report Received
2025/12/03 23:50:26 Block Report Received
2025/12/03 23:50:36 Block Report Received
2025/12/03 23:50:46 Block Report Received
2025/12/03 23:50:56 Block Report Received
2025/12/03 23:51:06 Block Report Received
2025/12/03 23:51:16 Block Report Received
2025/12/03 23:51:26 Block Report Received
2025/12/03 23:51:36 Block Report Received
2025/12/03 23:51:46 Block Report Received
2025/12/03 23:51:56 Block Report Received
2025/12/03 23:52:06 Block Report Received
2025/12/03 23:52:16 Block Report Received
2025/12/03 23:52:26 Block Report Received
2025/12/03 23:52:36 Block Report Received
2025/12/03 23:52:46 Block Report Received
2025/12/03 23:52:56 Block Report Received
2025/12/03 23:53:06 Block Report Received
2025/12/03 23:53:16 Block Report Received
2025/12/03 23:53:26 Block Report Received
2025/12/03 23:53:36 Block Report Received
2025/12/03 23:53:46 Block Report Received
2025/12/03 23:53:56 Block Report Received
2025/12/03 23:54:06 Block Report Received
2025/12/03 23:54:16 Block Report Received
2025/12/03 23:54:26 Block Report Received
2025/12/03 23:54:36 Block Report Received
2025/12/03 23:54:46 Block Report Received
2025/12/03 23:54:56 Block Report Received
2025/12/03 23:55:06 Block Report Received
2025/12/03 23:55:16 Block Report Received
2025/12/03 23:55:26 Block Report Received
2025/12/03 23:55:36 Block Report Received
2025/12/03 23:55:46 Block Report Received
2025/12/03 23:55:56 Block Report Received
2025/12/03 23:56:06 Block Report Received
2025/12/03 23:56:16 Block Report Received
2025/12/03 23:56:26 Block Report Received
2025/12/03 23:56:36 Block Report Received
2025/12/03 23:56:46 Block Report Received
2025/12/03 23:56:56 Block Report Received
2025/12/03 23:57:06 Block Report Received
2025/12/03 23:57:16 Block Report Received
2025/12/03 23:57:26 Block Report Received
2025/12/03 23:57:36 Block Report Received
2025/12/03 23:57:46 Block Report Received
2025/12/03 23:57:56 Block Report Received
2025/12/03 23:58:06 Block Report Received
2025/12/03 23:58:16 Block Report Received
2025/12/03 23:58:26 Block Report Received
2025/12/03 23:58:36 Block Report Received
2025/12/03 23:58:46 Block Report Received
2025/12/03 23:58:56 Block Report Received
2025/12/03 23:59:06 Block Report Received
2025/12/03 23:59:16 Block Report Received
2025/12/03 23:59:26 Block Report Received
2025/12/03 23:59:36 Block Report Received
2025/12/03 23:59:46 Block Report Received
2025/12/03 23:59:56 Block Report Received
2025/12/04 00:00:06 Block Report Received
2025/12/04 00:00:16 Block Report Received
2025/12/04 00:00:26 Block Report Received
2025/12/04 00:00:36 Block Report Received
2025/12/04 00:00:46 Block Report Received
2025/12/04 00:00:56 Block Report Received
2025/12/04 00:01:06 Block Report Received
2025/12/04 00:01:16 Block Report Received
2025/12/04 00:01:26 Block Report Received
2025/12/04 00:01:36 Block Report Received
2025/12/04 00:01:46 Block Report Received
2025/12/04 00:01:56 Block Report Received
2025/12/04 00:02:06 Block Report Received
2025/12/04 00:02:16 Block Report Received
2025/12/04 00:02:26 Block Report Received
2025/12/04 00:02:36 Block Report Received
2025/12/04 00:02:46 Block Report Received
2025/12/04 00:02:56 Block Report Received
2025/12/04 00:03:06 Block Report Received
2025/12/04 00:03:16 Block Report Received
2025/12/04 00:03:26 Block Report Received
2025/12/04 00:03:36 Block Report Received
2025/12/04 00:03:46 Block Report Received
2025/12/04 00:03:56 Block Report Received
2025/12/04 00:04:06 Block Report Received
2025/12/04 00:04:16 Block Report Received
2025/12/04 00:04:26 Block Report Received
2025/12/04 00:04:36 Block Report Received
2025/12/04 00:04:46 Block Report Received
2025/12/04 00:04:56 Block Report Received
2025/12/04 00:05:06 Block Report Received
2025/12/04 00:05:16 Block Report Received
2025/12/04 00:05:26 Block Report Received
2025/12/04 00:05:36 Block Report Received
2025/12/04 00:05:46 Block Report Received
2025/12/04 00:05:56 Block Report Received
2025/12/04 00:06:06 Block Report Received
2025/12/04 00:06:16 Block Report Received
2025/12/04 00:06:26 Block Report Received
2025/12/04 00:06:36 Block Report Received
2025/12/04 00:06:46 Block Report Received
2025/12/04 00:06:56 Block Report Received
2025/12/04 00:07:06 Block Report Received
2025/12/04 00:07:16 Block Report Received
2025/12/04 00:07:26 Block Report Received
2025/12/04 00:07:36 Block Report Received
2025/12/04 00:07:46 Block Report Received
2025/12/04 00:07:56 Block Report Received
2025/12/04 00:08:06 Block Report Received
2025/12/04 00:08:16 Block Report Received
2025/12/04 00:08:26 Block Report Received
2025/12/04 00:08:36 Block Report Received
2025/12/04 00:08:46 Block Report Received
2025/12/04 00:08:56 Block Report Received
2025/12/04 00:09:06 Block Report Received
2025/12/04 00:09:16 Block Report Received
2025/12/04 00:09:26 Block Report Received
2025/12/04 00:09:36 Block Report Received
2025/12/04 00:09:46 Block Report Received
2025/12/04 00:09:56 Block Report Received
2025/12/04 00:10:06 Block Report Received
2025/12/04 00:10:16 Block Report Received
2025/12/04 00:10:26 Block Report Received
2025/12/04 00:10:36 Block Report Received
2025/12/04 00:10:46 Block Report Received
2025/12/04 00:10:56 Block Report Received
2025/12/04 00:11:06 Block Report Received
2025/12/04 00:11:16 Block Report Received
2025/12/04 00:11:26 Block Report Received
2025/12/04 00:11:36 Block Report Received
2025/12/04 00:11:46 Block Report Received
2025/12/04 00:11:56 Block Report Received
2025/12/04 00:12:06 Block Report Received
2025/12/04 00:12:16 Block Report Received
2025/12/04 00:12:26 Block Report Received
2025/12/04 00:12:36 Block Report Received
2025/12/04 00:12:46 Block Report Received
2025/12/04 00:12:56 Block Report Received
2025/12/04 00:13:06 Block Report Received
2025/12/04 00:13:16 Block Report Received
2025/12/04 00:13:26 Block Report Received
2025/12/04 00:13:36 Block Report Received
2025/12/04 00:13:46 Block Report Received
2025/12/04 00:13:56 Block Report Received
2025/12/04 00:14:06 Block Report Received
2025/12/04 00:14:16 Block Report Received
2025/12/04 00:14:26 Block Report Received
2025/12/04 00:14:36 Block Report Received
2025/12/04 00:14:46 Block Report Received
2025/12/04 00:14:56 Block Report Received
2025/12/04 00:15:06 Block Report Received
2025/12/04 00:15:16 Block Report Received
2025/12/04 00:15:26 Block Report Received
2025/12/04 00:15:36 Block Report Received
2025/12/04 00:15:46 Block Report Received
2025/12/04 00:15:56 Block Report Received
2025/12/04 00:16:06 Block Report Received
2025/12/04 00:16:16 Block Report Received
2025/12/04 00:16:26 Block Report Received
2025/12/04 00:16:36 Block Report Received
2025/12/04 00:16:46 Block Report Received
2025/12/04 00:16:56 Block Report Received
2025/12/04 00:17:06 Block Report Received
2025/12/04 00:17:16 Block Report Received
2025/12/04 00:17:26 Block Report Received
2025/12/04 00:17:36 Block Report Received
2025/12/04 00:17:46 Block Report Received
2025/12/04 00:17:56 Block Report Received
2025/12/04 00:18:06 Block Report Received
2025/12/04 00:18:16 Block Report Received
2025/12/04 00:18:26 Block Report Received
2025/12/04 00:18:36 Block Report Received
2025/12/04 00:18:46 Block Report Received
2025/12/04 00:18:56 Block Report Received
2025/12/04 00:19:06 Block Report Received
2025/12/04 00:19:16 Block Report Received
2025/12/04 00:19:26 Block Report Received
2025/12/04 00:19:36 Block Report Received
2025/12/04 00:19:46 Block Report Received
2025/12/04 00:19:56 Block Report Received
2025/12/04 00:20:06 Block Report Received
2025/12/04 00:20:16 Block Report Received
2025/12/04 00:20:26 Block Report Received
2025/12/04 00:20:36 Block Report Received
2025/12/04 00:20:46 Block Report Received
2025/12/04 00:20:56 Block Report Received
2025/12/04 00:21:06 Block Report Received
2025/12/04 00:21:16 Block Report Received
2025/12/04 00:21:26 Block Report Received
2025/12/04 00:21:36 Block Report Received
2025/12/04 00:21:46 Block Report Received
2025/12/04 00:21:56 Block Report Received
2025/12/04 00:22:06 Block Report Received
2025/12/04 00:22:16 Block Report Received
2025/12/04 00:22:26 Block Report Received
2025/12/04 00:22:36 Block Report Received
2025/12/04 00:22:46 Block Report Received
2025/12/04 00:22:56 Block Report Received
2025/12/04 00:23:06 Block Report Received
2025/12/04 00:23:16 Block Report Received
2025/12/04 00:23:26 Block Report Received
2025/12/04 00:23:36 Block Report Received
2025/12/04 00:23:46 Block Report Received
2025/12/04 00:23:56 Block Report Received
2025/12/04 00:24:06 Block Report Received
2025/12/04 00:24:16 Block Report Received
2025/12/04 00:24:26 Block Report Received
2025/12/04 00:24:36 Block Report Received
2025/12/04 00:24:46 Block Report Received
2025/12/04 00:24:56 Block Report Received
2025/12/04 00:25:06 Block Report Received
2025/12/04 00:25:16 Block Report Received
2025/12/04 00:25:26 Block Report Received
2025/12/04 00:25:36 Block Report Received
2025/12/04 00:25:46 Block Report Received
2025/12/04 00:25:56 Block Report Received
2025/12/04 00:26:06 Block Report Received
2025/12/04 00:26:16 Block Report Received
2025/12/04 00:26:26 Block Report Received
2025/12/04 00:26:36 Block Report Received
2025/12/04 00:26:46 Block Report Received
2025/12/04 00:26:56 Block Report Received
2025/12/04 00:27:06 Block Report Received
2025/12/04 00:27:16 Block Report Received
2025/12/04 00:27:26 Block Report Received
2025/12/04 00:27:36 Block Report Received
2025/12/04 00:27:46 Block Report Received
2025/12/04 00:27:56 Block Report Received
2025/12/04 00:28:06 Block Report Received
2025/12/04 00:28:16 Block Report Received
2025/12/04 00:28:26 Block Report Received
2025/12/04 00:28:36 Block Report Received
2025/12/04 00:28:46 Block Report Received
2025/12/04 00:28:56 Block Report Received
2025/12/04 00:29:06 Block Report Received
2025/12/04 00:29:16 Block Report Received
2025/12/04 00:29:26 Block Report Received
2025/12/04 00:29:36 Block Report Received
2025/12/04 00:29:46 Block Report Received
2025/12/04 00:29:56 Block Report Received
2025/12/04 00:30:06 Block Report Received
2025/12/04 00:30:16 Block Report Received
2025/12/04 00:30:26 Block Report Received
2025/12/04 00:30:36 Block Report Received
2025/12/04 00:30:46 Block Report Received
2025/12/04 00:30:56 Block Report Received
2025/12/04 00:31:06 Block Report Received
2025/12/04 00:31:16 Block Report Received
2025/12/04 00:31:26 Block Report Received
2025/12/04 00:31:36 Block Report Received
2025/12/04 00:31:46 Block Report Received
2025/12/04 00:31:56 Block Report Received
2025/12/04 00:32:06 Block Report Received
2025/12/04 00:32:16 Block Report Received
2025/12/04 00:32:26 Block Report Received
2025/12/04 00:32:36 Block Report Received
2025/12/04 00:32:46 Block Report Received
2025/12/04 00:32:56 Block Report Received
2025/12/04 00:33:06 Block Report Received
2025/12/04 00:33:16 Block Report Received
2025/12/04 00:33:26 Block Report Received
2025/12/04 00:33:36 Block Report Received
2025/12/04 00:33:46 Block Report Received
2025/12/04 00:33:56 Block Report Received
2025/12/04 00:34:06 Block Report Received
2025/12/04 00:34:16 Block Report Received
2025/12/04 00:34:26 Block Report Received
2025/12/04 00:34:36 Block Report Received
2025/12/04 00:34:46 Block Report Received
2025/12/04 00:34:56 Block Report Received
2025/12/04 00:35:06 Block Report Received
2025/12/04 00:35:16 Block Report Received
2025/12/04 00:35:26 Block Report Received
2025/12/04 00:35:36 Block Report Received
2025/12/04 00:35:46 Block Report Received
2025/12/04 00:35:56 Block Report Received
2025/12/04 00:36:06 Block Report Received
2025/12/04 00:36:16 Block Report Received
2025/12/04 00:36:26 Block Report Received
2025/12/04 00:36:36 Block Report Received
2025/12/04 00:36:46 Block Report Received
2025/12/04 00:36:56 Block Report Received
2025/12/04 00:37:06 Block Report Received
2025/12/04 00:37:16 Block Report Received
2025/12/04 00:37:26 Block Report Received
2025/12/04 00:37:36 Block Report Received
2025/12/04 00:37:46 Block Report Received
2025/12/04 00:37:56 Block Report Received
2025/12/04 00:38:06 Block Report Received
2025/12/04 00:38:16 Block Report Received
2025/12/04 00:38:26 Block Report Received
2025/12/04 00:38:36 Block Report Received
2025/12/04 00:38:46 Block Report Received
2025/12/04 00:38:56 Block Report Received
2025/12/04 00:39:06 Block Report Received
2025/12/04 00:39:16 Block Report Received
2025/12/04 00:39:26 Block Report Received
2025/12/04 00:39:36 Block Report Received
2025/12/04 00:39:46 Block Report Received
2025/12/04 00:39:56 Block Report Received
2025/12/04 00:40:06 Block Report Received
2025/12/04 00:40:16 Block Report Received
2025/12/04 00:40:26 Block Report Received
2025/12/04 00:40:36 Block Report Received
2025/12/04 00:40:46 Block Report Received
2025/12/04 00:40:56 Block Report Received
2025/12/04 00:41:06 Block Report Received
2025/12/04 00:41:16 Block Report Received
2025/12/04 00:41:26 Block Report Received
2025/12/04 00:41:36 Block Report Received
2025/12/04 00:41:46 Block Report Received
2025/12/04 00:41:56 Block Report Received
2025/12/04 00:42:06 Block Report Received
2025/12/04 00:42:16 Block Report Received
2025/12/04 00:42:26 Block Report Received
2025/12/04 00:42:36 Block Report Received
2025/12/04 00:42:46 Block Report Received
2025/12/04 00:42:56 Block Report Received
2025/12/04 00:43:06 Block Report Received
2025/12/04 00:43:16 Block Report Received
2025/12/04 00:43:26 Block Report Received
2025/12/04 00:43:36 Block Report Received
2025/12/04 00:43:46 Block Report Received
2025/12/04 00:43:56 Block Report Received
2025/12/04 00:44:06 Block Report Received
2025/12/04 00:44:16 Block Report Received
2025/12/04 00:44:26 Block Report Received
2025/12/04 00:44:36 Block Report Received
2025/12/04 00:44:46 Block Report Received
2025/12/04 00:44:56 Block Report Received
2025/12/04 00:45:06 Block Report Received
2025/12/04 00:45:16 Block Report Received
2025/12/04 00:45:26 Block Report Received
2025/12/04 00:45:36 Block Report Received
2025/12/04 00:45:46 Block Report Received
2025/12/04 00:45:56 Block Report Received
2025/12/04 00:46:06 Block Report Received
2025/12/04 00:46:16 Block Report Received
2025/12/04 00:46:26 Block Report Received
2025/12/04 00:46:36 Block Report Received
2025/12/04 00:46:46 Block Report Received
2025/12/04 00:46:56 Block Report Received
2025/12/04 00:47:06 Block Report Received
2025/12/04 00:47:16 Block Report Received
2025/12/04 00:47:26 Block Report Received
2025/12/04 00:47:36 Block Report Received
2025/12/04 00:47:46 Block Report Received
2025/12/04 00:47:56 Block Report Received
2025/12/04 00:48:06 Block Report Received
2025/12/04 00:48:16 Block Report Received
2025/12/04 00:48:26 Block Report Received
2025/12/04 00:48:36 Block Report Received
2025/12/04 00:48:46 Block Report Received
2025/12/04 00:48:56 Block Report Received
2025/12/04 00:49:06 Block Report Received
2025/12/04 00:49:16 Block Report Received
2025/12/04 00:49:26 Block Report Received
2025/12/04 00:49:36 Block Report Received
2025/12/04 00:49:46 Block Report Received
2025/12/04 00:49:56 Block Report Received
2025/12/04 00:50:06 Block Report Received
2025/12/04 00:50:16 Block Report Received
2025/12/04 00:50:26 Block Report Received
2025/12/04 00:50:36 Block Report Received
2025/12/04 00:50:46 Block Report Received
2025/12/04 00:50:56 Block Report Received
2025/12/04 00:51:06 Block Report Received
2025/12/04 00:51:16 Block Report Received
2025/12/04 00:51:26 Block Report Received
2025/12/04 00:51:36 Block Report Received
2025/12/04 00:51:46 Block Report Received
2025/12/04 00:51:56 Block Report Received
2025/12/04 00:52:06 Block Report Received
2025/12/04 00:52:16 Block Report Received
2025/12/04 00:52:26 Block Report Received
2025/12/04 00:52:36 Block Report Received
2025/12/04 00:52:46 Block Report Received
2025/12/04 00:52:56 Block Report Received
2025/12/04 00:53:06 Block Report Received
2025/12/04 00:53:16 Block Report Received
2025/12/04 00:53:26 Block Report Received
2025/12/04 00:53:36 Block Report Received
2025/12/04 00:53:46 Block Report Received
2025/12/04 00:53:56 Block Report Received
2025/12/04 00:54:06 Block Report Received
2025/12/04 00:54:16 Block Report Received
2025/12/04 00:54:26 Block Report Received
2025/12/04 00:54:36 Block Report Received
2025/12/04 00:54:46 Block Report Received
2025/12/04 00:54:56 Block Report Received
2025/12/04 00:55:06 Block Report Received
2025/12/04 00:55:16 Block Report Received
2025/12/04 00:55:26 Block Report Received
2025/12/04 00:55:36 Block Report Received
2025/12/04 00:55:46 Block Report Received
2025/12/04 00:55:56 Block Report Received
2025/12/04 00:56:06 Block Report Received
2025/12/04 00:56:16 Block Report Received
2025/12/04 00:56:26 Block Report Received
2025/12/04 00:56:36 Block Report Received
2025/12/04 00:56:46 Block Report Received
2025/12/04 00:56:56 Block Report Received
2025/12/04 00:57:06 Block Report Received
2025/12/04 00:57:16 Block Report Received
2025/12/04 00:57:26 Block Report Received
2025/12/04 00:57:36 Block Report Received
2025/12/04 00:57:46 Block Report Received
2025/12/04 00:57:56 Block Report Received
2025/12/04 00:58:06 Block Report Received
2025/12/04 00:58:16 Block Report Received
2025/12/04 00:58:26 Block Report Received
2025/12/04 00:58:36 Block Report Received
2025/12/04 00:58:46 Block Report Received
2025/12/04 00:58:56 Block Report Received
2025/12/04 00:59:06 Block Report Received
2025/12/04 00:59:16 Block Report Received
2025/12/04 00:59:26 Block Report Received
2025/12/04 00:59:36 Block Report Received
2025/12/04 00:59:46 Block Report Received
2025/12/04 00:59:56 Block Report Received
2025/12/04 01:00:06 Block Report Received
2025/12/04 01:00:16 Block Report Received
2025/12/04 01:00:26 Block Report Received
2025/12/04 01:00:36 Block Report Received
2025/12/04 01:00:46 Block Report Received
2025/12/04 01:00:56 Block Report Received
2025/12/04 01:01:06 Block Report Received
2025/12/04 01:01:16 Block Report Received
2025/12/04 01:01:26 Block Report Received
2025/12/04 01:01:36 Block Report Received
2025/12/04 01:01:46 Block Report Received
2025/12/04 01:01:56 Block Report Received
2025/12/04 01:02:06 Block Report Received
2025/12/04 01:02:16 Block Report Received
2025/12/04 01:02:26 Block Report Received
2025/12/04 01:02:36 Block Report Received
2025/12/04 01:02:46 Block Report Received
2025/12/04 01:02:56 Block Report Received
2025/12/04 01:03:06 Block Report Received
2025/12/04 01:03:16 Block Report Received
2025/12/04 01:03:26 Block Report Received
2025/12/04 01:03:36 Block Report Received
2025/12/04 01:03:46 Block Report Received
2025/12/04 01:03:56 Block Report Received
2025/12/04 01:04:06 Block Report Received
2025/12/04 01:04:16 Block Report Received
2025/12/04 01:04:26 Block Report Received
2025/12/04 01:04:36 Block Report Received
2025/12/04 01:04:46 Block Report Received
2025/12/04 01:04:56 Block Report Received
2025/12/04 01:05:06 Block Report Received
2025/12/04 01:05:16 Block Report Received
2025/12/04 01:05:26 Block Report Received
2025/12/04 01:05:36 Block Report Received
2025/12/04 01:05:46 Block Report Received
2025/12/04 01:05:56 Block Report Received
2025/12/04 01:06:06 Block Report Received
2025/12/04 01:06:16 Block Report Received
2025/12/04 01:06:26 Block Report Received
2025/12/04 01:06:36 Block Report Received
2025/12/04 01:06:46 Block Report Received
2025/12/04 01:06:56 Block Report Received
2025/12/04 01:07:06 Block Report Received
2025/12/04 01:07:16 Block Report Received
2025/12/04 01:07:26 Block Report Received
2025/12/04 01:07:36 Block Report Received
2025/12/04 01:07:46 Block Report Received
2025/12/04 01:07:56 Block Report Received
2025/12/04 01:08:06 Block Report Received
2025/12/04 01:08:16 Block Report Received
2025/12/04 01:08:26 Block Report Received
2025/12/04 01:08:36 Block Report Received
2025/12/04 01:08:46 Block Report Received
2025/12/04 01:08:56 Block Report Received
2025/12/04 01:09:06 Block Report Received
2025/12/04 01:09:16 Block Report Received
2025/12/04 01:09:26 Block Report Received
2025/12/04 01:09:36 Block Report Received
2025/12/04 01:09:46 Block Report Received
2025/12/04 01:09:56 Block Report Received
2025/12/04 01:10:06 Block Report Received
2025/12/04 01:10:16 Block Report Received
2025/12/04 01:10:26 Block Report Received
2025/12/04 01:10:36 Block Report Received
2025/12/04 01:10:46 Block Report Received
2025/12/04 01:10:56 Block Report Received
2025/12/04 01:11:06 Block Report Received
2025/12/04 01:11:16 Block Report Received
2025/12/04 01:11:26 Block Report Received
2025/12/04 01:11:36 Block Report Received
2025/12/04 01:11:46 Block Report Received
2025/12/04 01:11:56 Block Report Received
2025/12/04 01:12:06 Block Report Received
2025/12/04 01:12:16 Block Report Received
2025/12/04 01:12:26 Block Report Received
2025/12/04 01:12:36 Block Report Received
2025/12/04 01:12:46 Block Report Received
2025/12/04 01:12:56 Block Report Received
2025/12/04 01:13:06 Block Report Received
2025/12/04 01:13:16 Block Report Received
2025/12/04 01:13:26 Block Report Received
2025/12/04 01:13:36 Block Report Received
2025/12/04 01:13:46 Block Report Received
2025/12/04 01:13:56 Block Report Received
2025/12/04 01:14:06 Block Report Received
2025/12/04 01:14:16 Block Report Received
2025/12/04 01:14:26 Block Report Received
2025/12/04 01:14:36 Block Report Received
2025/12/04 01:14:46 Block Report Received
2025/12/04 01:14:56 Block Report Received
2025/12/04 01:15:06 Block Report Received
2025/12/04 01:15:16 Block Report Received
2025/12/04 01:15:26 Block Report Received
2025/12/04 01:15:36 Block Report Received
2025/12/04 01:15:46 Block Report Received
2025/12/04 01:15:56 Block Report Received
2025/12/04 01:16:06 Block Report Received
2025/12/04 01:16:16 Block Report Received
2025/12/04 01:16:26 Block Report Received
2025/12/04 01:16:36 Block Report Received
2025/12/04 01:16:46 Block Report Received
2025/12/04 01:16:56 Block Report Received
2025/12/04 01:17:06 Block Report Received
2025/12/04 01:17:16 Block Report Received
2025/12/04 01:17:26 Block Report Received
2025/12/04 01:17:36 Block Report Received
2025/12/04 01:17:46 Block Report Received
2025/12/04 01:17:56 Block Report Received
2025/12/04 01:18:06 Block Report Received
2025/12/04 01:18:16 Block Report Received
2025/12/04 01:18:26 Block Report Received
2025/12/04 01:18:36 Block Report Received
2025/12/04 01:18:46 Block Report Received
2025/12/04 01:18:56 Block Report Received
2025/12/04 01:19:06 Block Report Received
2025/12/04 01:19:16 Block Report Received
2025/12/04 01:19:26 Block Report Received
2025/12/04 01:19:36 Block Report Received
2025/12/04 01:19:46 Block Report Received
2025/12/04 01:19:56 Block Report Received
2025/12/04 01:20:06 Block Report Received
2025/12/04 01:20:16 Block Report Received
2025/12/04 01:20:26 Block Report Received
2025/12/04 01:20:36 Block Report Received
2025/12/04 01:20:46 Block Report Received
2025/12/04 01:20:56 Block Report Received
2025/12/04 01:21:06 Block Report Received
2025/12/04 01:21:16 Block Report Received
2025/12/04 01:21:26 Block Report Received
2025/12/04 01:21:36 Block Report Received
2025/12/04 01:21:46 Block Report Received
2025/12/04 01:21:56 Block Report Received
2025/12/04 01:22:06 Block Report Received
2025/12/04 01:22:16 Block Report Received
2025/12/04 01:22:26 Block Report Received
2025/12/04 01:22:36 Block Report Received
2025/12/04 01:22:46 Block Report Received
2025/12/04 01:22:56 Block Report Received
2025/12/04 01:23:06 Block Report Received
2025/12/04 01:23:16 Block Report Received
2025/12/04 01:23:26 Block Report Received
2025/12/04 01:23:36 Block Report Received
2025/12/04 01:23:46 Block Report Received
2025/12/04 01:23:56 Block Report Received
2025/12/04 01:24:06 Block Report Received
2025/12/04 01:24:16 Block Report Received
2025/12/04 01:24:26 Block Report Received
2025/12/04 01:24:36 Block Report Received
2025/12/04 01:24:46 Block Report Received
2025/12/04 01:24:56 Block Report Received
2025/12/04 01:25:06 Block Report Received
2025/12/04 01:25:16 Block Report Received
2025/12/04 01:25:26 Block Report Received
2025/12/04 01:25:36 Block Report Received
2025/12/04 01:25:46 Block Report Received
2025/12/04 01:25:56 Block Report Received
2025/12/04 01:26:06 Block Report Received
2025/12/04 01:26:16 Block Report Received
2025/12/04 01:26:26 Block Report Received
2025/12/04 01:26:36 Block Report Received
2025/12/04 01:26:46 Block Report Received
2025/12/04 01:26:56 Block Report Received
2025/12/04 01:27:06 Block Report Received
2025/12/04 01:27:16 Block Report Received
2025/12/04 01:27:26 Block Report Received
2025/12/04 01:27:36 Block Report Received
2025/12/04 01:27:46 Block Report Received
2025/12/04 01:27:56 Block Report Received
2025/12/04 01:28:06 Block Report Received
2025/12/04 01:28:16 Block Report Received
2025/12/04 01:28:26 Block Report Received
2025/12/04 01:28:36 Block Report Received
2025/12/04 01:28:46 Block Report Received
2025/12/04 01:28:56 Block Report Received
2025/12/04 01:29:06 Block Report Received
2025/12/04 01:29:16 Block Report Received
2025/12/04 01:29:26 Block Report Received
2025/12/04 01:29:36 Block Report Received
2025/12/04 01:29:46 Block Report Received
2025/12/04 01:29:56 Block Report Received
2025/12/04 01:30:06 Block Report Received
2025/12/04 01:30:16 Block Report Received
2025/12/04 01:30:26 Block Report Received
2025/12/04 01:30:36 Block Report Received
2025/12/04 01:30:46 Block Report Received
2025/12/04 01:30:56 Block Report Received
2025/12/04 01:31:06 Block Report Received
2025/12/04 01:31:16 Block Report Received
2025/12/04 01:31:26 Block Report Received
2025/12/04 01:31:36 Block Report Received
2025/12/04 01:31:46 Block Report Received
2025/12/04 01:31:56 Block Report Received
2025/12/04 01:32:06 Block Report Received
2025/12/04 01:32:16 Block Report Received
2025/12/04 01:32:26 Block Report Received
2025/12/04 01:32:36 Block Report Received
2025/12/04 01:32:46 Block Report Received
2025/12/04 01:32:56 Block Report Received
2025/12/04 01:33:06 Block Report Received
2025/12/04 01:33:16 Block Report Received
2025/12/04 01:33:26 Block Report Received
2025/12/04 01:33:36 Block Report Received
2025/12/04 01:33:46 Block Report Received
2025/12/04 01:33:56 Block Report Received
2025/12/04 01:34:06 Block Report Received
2025/12/04 01:34:16 Block Report Received
2025/12/04 01:34:26 Block Report Received
2025/12/04 01:34:36 Block Report Received
2025/12/04 01:34:46 Block Report Received
2025/12/04 01:34:56 Block Report Received
2025/12/04 01:35:06 Block Report Received
2025/12/04 01:35:16 Block Report Received
2025/12/04 01:35:26 Block Report Received
2025/12/04 01:35:36 Block Report Received
2025/12/04 01:35:46 Block Report Received
2025/12/04 01:35:56 Block Report Received
2025/12/04 01:36:06 Block Report Received
2025/12/04 01:36:16 Block Report Received
2025/12/04 01:36:26 Block Report Received
2025/12/04 01:36:36 Block Report Received
2025/12/04 01:36:46 Block Report Received
2025/12/04 01:36:56 Block Report Received
2025/12/04 01:37:06 Block Report Received
2025/12/04 01:37:16 Block Report Received
2025/12/04 01:37:26 Block Report Received
2025/12/04 01:37:36 Block Report Received
2025/12/04 01:37:46 Block Report Received
2025/12/04 01:37:56 Block Report Received
2025/12/04 01:38:06 Block Report Received
2025/12/04 01:38:16 Block Report Received
2025/12/04 01:38:26 Block Report Received
2025/12/04 01:38:36 Block Report Received
2025/12/04 01:38:46 Block Report Received
2025/12/04 01:38:56 Block Report Received
2025/12/04 01:39:06 Block Report Received
2025/12/04 01:39:16 Block Report Received
2025/12/04 01:39:26 Block Report Received
2025/12/04 01:39:36 Block Report Received
2025/12/04 01:39:46 Block Report Received
2025/12/04 01:39:56 Block Report Received
2025/12/04 01:40:06 Block Report Received
2025/12/04 01:40:16 Block Report Received
2025/12/04 01:40:26 Block Report Received
2025/12/04 01:40:36 Block Report Received
2025/12/04 01:40:46 Block Report Received
2025/12/04 01:40:56 Block Report Received
2025/12/04 01:41:06 Block Report Received
2025/12/04 01:41:16 Block Report Received
2025/12/04 01:41:26 Block Report Received
2025/12/04 01:41:36 Block Report Received
2025/12/04 01:41:46 Block Report Received
2025/12/04 01:41:56 Block Report Received
2025/12/04 01:42:06 Block Report Received
2025/12/04 01:42:16 Block Report Received
2025/12/04 01:42:26 Block Report Received
2025/12/04 01:42:36 Block Report Received
2025/12/04 01:42:46 Block Report Received
2025/12/04 01:42:56 Block Report Received
2025/12/04 01:43:06 Block Report Received
2025/12/04 01:43:16 Block Report Received
2025/12/04 01:43:26 Block Report Received
2025/12/04 01:43:36 Block Report Received
2025/12/04 01:43:46 Block Report Received
2025/12/04 01:43:56 Block Report Received
2025/12/04 01:44:06 Block Report Received
2025/12/04 01:44:16 Block Report Received
2025/12/04 01:44:26 Block Report Received
2025/12/04 01:44:36 Block Report Received
2025/12/04 01:44:46 Block Report Received
2025/12/04 01:44:56 Block Report Received
2025/12/04 01:45:06 Block Report Received
2025/12/04 01:45:16 Block Report Received
2025/12/04 01:45:26 Block Report Received
2025/12/04 01:45:36 Block Report Received
2025/12/04 01:45:46 Block Report Received
2025/12/04 01:45:56 Block Report Received
2025/12/04 01:46:06 Block Report Received
2025/12/04 01:46:16 Block Report Received
2025/12/04 01:46:26 Block Report Received
2025/12/04 01:46:36 Block Report Received
2025/12/04 01:46:46 Block Report Received
2025/12/04 01:46:56 Block Report Received
2025/12/04 01:47:06 Block Report Received
2025/12/04 01:47:16 Block Report Received
2025/12/04 01:47:26 Block Report Received
2025/12/04 01:47:36 Block Report Received
2025/12/04 01:47:46 Block Report Received
2025/12/04 01:47:56 Block Report Received
2025/12/04 01:48:06 Block Report Received
2025/12/04 01:48:16 Block Report Received
2025/12/04 01:48:26 Block Report Received
2025/12/04 01:48:36 Block Report Received
2025/12/04 01:48:46 Block Report Received
2025/12/04 01:48:56 Block Report Received
2025/12/04 01:49:06 Block Report Received
2025/12/04 01:49:16 Block Report Received
2025/12/04 01:49:26 Block Report Received
2025/12/04 01:49:36 Block Report Received
2025/12/04 01:49:46 Block Report Received
2025/12/04 01:49:56 Block Report Received
2025/12/04 01:50:06 Block Report Received
2025/12/04 01:50:16 Block Report Received
2025/12/04 01:50:26 Block Report Received
2025/12/04 01:50:36 Block Report Received
2025/12/04 01:50:46 Block Report Received
2025/12/04 01:50:56 Block Report Received
2025/12/04 01:51:06 Block Report Received
2025/12/04 01:51:16 Block Report Received
2025/12/04 01:51:26 Block Report Received
2025/12/04 01:51:36 Block Report Received
2025/12/04 01:51:46 Block Report Received
2025/12/04 01:51:56 Block Report Received
2025/12/04 01:52:06 Block Report Received
2025/12/04 01:52:16 Block Report Received
2025/12/04 01:52:26 Block Report Received
2025/12/04 01:52:36 Block Report Received
2025/12/04 01:52:46 Block Report Received
2025/12/04 01:52:56 Block Report Received
2025/12/04 01:53:06 Block Report Received
2025/12/04 01:53:16 Block Report Received
2025/12/04 01:53:26 Block Report Received
2025/12/04 01:53:36 Block Report Received
2025/12/04 01:53:46 Block Report Received
2025/12/04 01:53:56 Block Report Received
2025/12/04 01:54:06 Block Report Received
2025/12/04 01:54:16 Block Report Received
2025/12/04 01:54:26 Block Report Received
2025/12/04 01:54:36 Block Report Received
2025/12/04 01:54:46 Block Report Received
2025/12/04 01:54:56 Block Report Received
2025/12/04 01:55:06 Block Report Received
2025/12/04 01:55:16 Block Report Received
2025/12/04 01:55:26 Block Report Received
2025/12/04 01:55:36 Block Report Received
2025/12/04 01:55:46 Block Report Received
2025/12/04 01:55:56 Block Report Received
2025/12/04 01:56:06 Block Report Received
2025/12/04 01:56:16 Block Report Received
2025/12/04 01:56:26 Block Report Received
2025/12/04 01:56:36 Block Report Received
2025/12/04 01:56:46 Block Report Received
2025/12/04 01:56:56 Block Report Received
2025/12/04 01:57:06 Block Report Received
2025/12/04 01:57:16 Block Report Received
2025/12/04 01:57:26 Block Report Received
2025/12/04 01:57:36 Block Report Received
2025/12/04 01:57:46 Block Report Received
2025/12/04 01:57:56 Block Report Received
2025/12/04 01:58:06 Block Report Received
2025/12/04 01:58:16 Block Report Received
2025/12/04 01:58:26 Block Report Received
2025/12/04 01:58:36 Block Report Received
2025/12/04 01:58:46 Block Report Received
2025/12/04 01:58:56 Block Report Received
2025/12/04 01:59:06 Block Report Received
2025/12/04 01:59:16 Block Report Received
2025/12/04 01:59:26 Block Report Received
2025/12/04 01:59:36 Block Report Received
2025/12/04 01:59:46 Block Report Received
2025/12/04 01:59:56 Block Report Received
2025/12/04 02:00:06 Block Report Received
2025/12/04 02:00:16 Block Report Received
2025/12/04 02:00:26 Block Report Received
2025/12/04 02:00:36 Block Report Received
2025/12/04 02:00:46 Block Report Received
2025/12/04 02:00:56 Block Report Received
2025/12/04 02:01:06 Block Report Received
2025/12/04 02:01:16 Block Report Received
2025/12/04 02:01:26 Block Report Received
2025/12/04 02:01:36 Block Report Received
2025/12/04 02:01:46 Block Report Received
2025/12/04 02:01:56 Block Report Received
2025/12/04 02:02:06 Block Report Received
2025/12/04 02:02:16 Block Report Received
2025/12/04 02:02:26 Block Report Received
2025/12/04 02:02:36 Block Report Received
2025/12/04 02:02:46 Block Report Received
2025/12/04 02:02:56 Block Report Received
2025/12/04 02:03:06 Block Report Received
2025/12/04 02:03:16 Block Report Received
2025/12/04 02:03:26 Block Report Received
2025/12/04 02:03:36 Block Report Received
2025/12/04 02:03:46 Block Report Received
2025/12/04 02:03:56 Block Report Received
2025/12/04 02:04:06 Block Report Received
2025/12/04 02:04:16 Block Report Received
2025/12/04 02:04:26 Block Report Received
2025/12/04 02:04:36 Block Report Received
2025/12/04 02:04:46 Block Report Received
2025/12/04 02:04:56 Block Report Received
2025/12/04 02:05:06 Block Report Received
2025/12/04 02:05:16 Block Report Received
2025/12/04 02:05:26 Block Report Received
2025/12/04 02:05:36 Block Report Received
2025/12/04 02:05:46 Block Report Received
2025/12/04 02:05:56 Block Report Received
2025/12/04 02:06:06 Block Report Received
2025/12/04 02:06:16 Block Report Received
2025/12/04 02:06:26 Block Report Received
2025/12/04 02:06:36 Block Report Received
2025/12/04 02:06:46 Block Report Received
2025/12/04 02:06:56 Block Report Received
2025/12/04 02:07:06 Block Report Received
2025/12/04 02:07:16 Block Report Received
2025/12/04 02:07:26 Block Report Received
2025/12/04 02:07:36 Block Report Received
2025/12/04 02:07:46 Block Report Received
2025/12/04 02:07:56 Block Report Received
2025/12/04 02:08:06 Block Report Received
2025/12/04 02:08:16 Block Report Received
2025/12/04 02:08:26 Block Report Received
2025/12/04 02:08:36 Block Report Received
2025/12/04 02:08:46 Block Report Received
2025/12/04 02:08:56 Block Report Received
2025/12/04 02:09:06 Block Report Received
2025/12/04 02:09:16 Block Report Received
2025/12/04 02:09:26 Block Report Received
2025/12/04 02:09:36 Block Report Received
2025/12/04 02:09:46 Block Report Received
2025/12/04 02:09:56 Block Report Received
2025/12/04 02:10:06 Block Report Received
2025/12/04 02:10:16 Block Report Received
2025/12/04 02:10:26 Block Report Received
2025/12/04 02:10:36 Block Report Received
2025/12/04 02:10:46 Block Report Received
2025/12/04 02:10:56 Block Report Received
2025/12/04 02:11:06 Block Report Received
2025/12/04 02:11:16 Block Report Received
2025/12/04 02:11:26 Block Report Received
2025/12/04 02:11:36 Block Report Received
2025/12/04 02:11:46 Block Report Received
2025/12/04 02:11:56 Block Report Received
2025/12/04 02:12:06 Block Report Received
2025/12/04 02:12:16 Block Report Received
2025/12/04 02:12:26 Block Report Received
2025/12/04 02:12:36 Block Report Received
2025/12/04 02:12:46 Block Report Received
2025/12/04 02:12:56 Block Report Received
2025/12/04 02:13:06 Block Report Received
2025/12/04 02:13:16 Block Report Received
2025/12/04 02:13:26 Block Report Received
2025/12/04 02:13:36 Block Report Received
2025/12/04 02:13:46 Block Report Received
2025/12/04 02:13:56 Block Report Received
2025/12/04 02:14:06 Block Report Received
2025/12/04 02:14:16 Block Report Received
2025/12/04 02:14:26 Block Report Received
2025/12/04 02:14:36 Block Report Received
2025/12/04 02:14:46 Block Report Received
2025/12/04 02:14:56 Block Report Received
2025/12/04 02:15:06 Block Report Received
2025/12/04 02:15:16 Block Report Received
2025/12/04 02:15:26 Block Report Received
2025/12/04 02:15:36 Block Report Received
2025/12/04 02:15:46 Block Report Received
2025/12/04 02:15:56 Block Report Received
2025/12/04 02:16:06 Block Report Received
2025/12/04 02:16:16 Block Report Received
2025/12/04 02:16:26 Block Report Received
2025/12/04 02:16:36 Block Report Received
2025/12/04 02:16:46 Block Report Received
2025/12/04 02:16:56 Block Report Received
2025/12/04 02:17:06 Block Report Received
2025/12/04 02:17:16 Block Report Received
2025/12/04 02:17:26 Block Report Received
2025/12/04 02:17:36 Block Report Received
2025/12/04 02:17:46 Block Report Received
2025/12/04 02:17:56 Block Report Received
2025/12/04 02:18:06 Block Report Received
2025/12/04 02:18:16 Block Report Received
2025/12/04 02:18:26 Block Report Received
2025/12/04 02:18:36 Block Report Received
2025/12/04 02:18:46 Block Report Received
2025/12/04 02:18:56 Block Report Received
2025/12/04 02:19:06 Block Report Received
2025/12/04 02:19:16 Block Report Received
2025/12/04 02:19:26 Block Report Received
2025/12/04 02:19:36 Block Report Received
2025/12/04 02:19:46 Block Report Received
2025/12/04 02:19:56 Block Report Received
2025/12/04 02:20:06 Block Report Received
2025/12/04 02:20:16 Block Report Received
2025/12/04 02:20:26 Block Report Received
2025/12/04 02:20:36 Block Report Received
2025/12/04 02:20:46 Block Report Received
2025/12/04 02:20:56 Block Report Received
2025/12/04 02:21:06 Block Report Received
2025/12/04 02:21:16 Block Report Received
2025/12/04 02:21:26 Block Report Received
2025/12/04 02:21:36 Block Report Received
2025/12/04 02:21:46 Block Report Received
2025/12/04 02:21:56 Block Report Received
2025/12/04 02:22:06 Block Report Received
2025/12/04 02:22:16 Block Report Received
2025/12/04 02:22:26 Block Report Received
2025/12/04 02:22:36 Block Report Received
2025/12/04 02:22:46 Block Report Received
2025/12/04 02:22:56 Block Report Received
2025/12/04 02:23:06 Block Report Received
2025/12/04 02:23:16 Block Report Received
2025/12/04 02:23:26 Block Report Received
2025/12/04 02:23:36 Block Report Received
2025/12/04 02:23:46 Block Report Received
2025/12/04 02:23:56 Block Report Received
2025/12/04 02:24:06 Block Report Received
2025/12/04 02:24:16 Block Report Received
2025/12/04 02:24:26 Block Report Received
2025/12/04 02:24:36 Block Report Received
2025/12/04 02:24:46 Block Report Received
2025/12/04 02:24:56 Block Report Received
2025/12/04 02:25:06 Block Report Received
2025/12/04 02:25:16 Block Report Received
2025/12/04 02:25:26 Block Report Received
2025/12/04 02:25:36 Block Report Received
2025/12/04 02:25:46 Block Report Received
2025/12/04 02:25:56 Block Report Received
2025/12/04 02:26:06 Block Report Received
2025/12/04 02:26:16 Block Report Received
2025/12/04 02:26:26 Block Report Received
2025/12/04 02:26:36 Block Report Received
2025/12/04 02:26:46 Block Report Received
2025/12/04 02:26:56 Block Report Received
2025/12/04 02:27:06 Block Report Received
2025/12/04 02:27:16 Block Report Received
2025/12/04 02:27:26 Block Report Received
2025/12/04 02:27:36 Block Report Received
2025/12/04 02:27:46 Block Report Received
2025/12/04 02:27:56 Block Report Received
2025/12/04 02:28:06 Block Report Received
2025/12/04 02:28:16 Block Report Received
2025/12/04 02:28:26 Block Report Received
2025/12/04 02:28:36 Block Report Received
2025/12/04 02:28:46 Block Report Received
2025/12/04 02:28:56 Block Report Received
2025/12/04 02:29:06 Block Report Received
2025/12/04 02:29:16 Block Report Received
2025/12/04 02:29:26 Block Report Received
2025/12/04 02:29:36 Block Report Received
2025/12/04 02:29:46 Block Report Received
2025/12/04 02:29:56 Block Report Received
2025/12/04 02:30:06 Block Report Received
2025/12/04 02:30:16 Block Report Received
2025/12/04 02:30:26 Block Report Received
2025/12/04 02:30:36 Block Report Received
2025/12/04 02:30:46 Block Report Received
2025/12/04 02:30:56 Block Report Received
2025/12/04 02:31:06 Block Report Received
2025/12/04 02:31:16 Block Report Received
2025/12/04 02:31:26 Block Report Received
2025/12/04 02:31:36 Block Report Received
2025/12/04 02:31:46 Block Report Received
2025/12/04 02:31:56 Block Report Received
2025/12/04 02:32:06 Block Report Received
2025/12/04 02:32:16 Block Report Received
2025/12/04 02:32:26 Block Report Received
2025/12/04 02:32:36 Block Report Received
2025/12/04 02:32:46 Block Report Received
2025/12/04 02:32:56 Block Report Received
2025/12/04 02:33:06 Block Report Received
2025/12/04 02:33:16 Block Report Received
2025/12/04 02:33:26 Block Report Received
2025/12/04 02:33:36 Block Report Received
2025/12/04 02:33:46 Block Report Received
2025/12/04 02:33:56 Block Report Received
2025/12/04 02:34:06 Block Report Received
2025/12/04 02:34:16 Block Report Received
2025/12/04 02:34:26 Block Report Received
2025/12/04 02:34:36 Block Report Received
2025/12/04 02:34:46 Block Report Received
2025/12/04 02:34:56 Block Report Received
2025/12/04 02:35:06 Block Report Received
2025/12/04 02:35:16 Block Report Received
2025/12/04 02:35:26 Block Report Received
2025/12/04 02:35:36 Block Report Received
2025/12/04 02:35:46 Block Report Received
2025/12/04 02:35:56 Block Report Received
2025/12/04 02:36:06 Block Report Received
2025/12/04 02:36:16 Block Report Received
2025/12/04 02:36:26 Block Report Received
2025/12/04 02:36:36 Block Report Received
2025/12/04 02:36:46 Block Report Received
2025/12/04 02:36:56 Block Report Received
2025/12/04 02:37:06 Block Report Received
2025/12/04 02:37:16 Block Report Received
2025/12/04 02:37:26 Block Report Received
2025/12/04 02:37:36 Block Report Received
2025/12/04 02:37:46 Block Report Received
2025/12/04 02:37:56 Block Report Received
2025/12/04 02:38:06 Block Report Received
2025/12/04 02:38:16 Block Report Received
2025/12/04 02:38:26 Block Report Received
2025/12/04 02:38:36 Block Report Received
2025/12/04 02:38:46 Block Report Received
2025/12/04 02:38:56 Block Report Received
2025/12/04 02:39:06 Block Report Received
2025/12/04 02:39:16 Block Report Received
2025/12/04 02:39:26 Block Report Received
2025/12/04 02:39:36 Block Report Received
2025/12/04 02:39:46 Block Report Received
2025/12/04 02:39:56 Block Report Received
2025/12/04 02:40:06 Block Report Received
2025/12/04 02:40:16 Block Report Received
2025/12/04 02:40:26 Block Report Received
2025/12/04 02:40:36 Block Report Received
2025/12/04 02:40:46 Block Report Received
2025/12/04 02:40:57 Block Report Received
2025/12/04 09:52:03 Block Report Received
2025/12/04 09:52:10 Block Report Received
2025/12/04 09:52:21 Block Report Received
2025/12/04 09:52:30 Block Report Received
2025/12/04 09:52:40 Block Report Received
2025/12/04 09:52:50 Block Report Received
2025/12/04 09:53:00 Block Report Received
2025/12/04 09:53:10 Block Report Received
2025/12/04 09:53:20 Block Report Received
2025/12/04 09:53:30 Block Report Received
2025/12/04 09:53:40 Block Report Received
2025/12/04 09:53:50 Block Report Received
2025/12/04 09:54:00 Block Report Received
2025/12/04 09:54:10 Block Report Received
2025/12/04 09:54:20 Block Report Received
2025/12/04 09:54:30 Block Report Received
2025/12/04 09:54:40 Block Report Received
2025/12/04 09:54:50 Block Report Received
2025/12/04 09:55:00 Block Report Received
2025/12/04 09:55:10 Block Report Received
2025/12/04 09:55:20 Block Report Received
2025/12/04 09:55:30 Block Report Received
2025/12/04 09:55:40 Block Report Received
2025/12/04 09:55:50 Block Report Received
2025/12/04 09:56:00 Block Report Received
2025/12/04 09:56:10 Block Report Received
2025/12/04 09:56:20 Block Report Received
2025/12/04 09:56:30 Block Report Received
2025/12/04 09:56:40 Block Report Received
2025/12/04 09:56:50 Block Report Received
2025/12/04 09:57:00 Block Report Received
2025/12/04 09:57:10 Block Report Received
2025/12/04 09:57:20 Block Report Received
2025/12/04 09:57:30 Block Report Received
2025/12/04 09:57:40 Block Report Received
2025/12/04 09:57:50 Block Report Received
2025/12/04 09:58:00 Block Report Received
2025/12/04 09:58:10 Block Report Received
2025/12/04 09:58:20 Block Report Received
2025/12/04 09:58:30 Block Report Received
2025/12/04 09:58:40 Block Report Received
2025/12/04 09:58:50 Block Report Received
2025/12/04 09:59:00 Block Report Received
2025/12/04 09:59:10 Block Report Received
2025/12/04 09:59:20 Block Report Received
2025/12/04 09:59:30 Block Report Received
2025/12/04 09:59:40 Block Report Received
2025/12/04 09:59:50 Block Report Received
2025/12/04 10:00:00 Block Report Received
2025/12/04 10:00:10 Block Report Received
2025/12/04 10:00:20 Block Report Received
2025/12/04 10:00:30 Block Report Received
2025/12/04 10:00:40 Block Report Received
2025/12/04 10:00:50 Block Report Received
2025/12/04 10:01:00 Block Report Received
2025/12/04 10:01:10 Block Report Received
2025/12/04 10:01:20 Block Report Received
2025/12/04 10:01:30 Block Report Received
2025/12/04 10:01:40 Block Report Received
2025/12/04 10:01:50 Block Report Received
2025/12/04 10:02:00 Block Report Received
2025/12/04 10:02:10 Block Report Received
2025/12/04 10:02:20 Block Report Received
2025/12/04 10:02:30 Block Report Received
2025/12/04 10:02:40 Block Report Received
2025/12/04 10:02:50 Block Report Received
2025/12/04 10:03:00 Block Report Received
2025/12/04 10:03:10 Block Report Received
2025/12/04 10:03:20 Block Report Received
2025/12/04 10:03:30 Block Report Received
2025/12/04 10:03:40 Block Report Received
2025/12/04 10:03:50 Block Report Received
2025/12/04 10:04:00 Block Report Received
2025/12/04 10:04:10 Block Report Received
2025/12/04 10:04:20 Block Report Received
2025/12/04 10:04:30 Block Report Received
2025/12/04 10:04:40 Block Report Received
2025/12/04 10:04:50 Block Report Received
2025/12/04 10:05:00 Block Report Received
2025/12/04 10:05:10 Block Report Received
2025/12/04 10:05:20 Block Report Received
2025/12/04 10:05:30 Block Report Received
2025/12/04 10:05:40 Block Report Received
2025/12/04 10:05:50 Block Report Received
2025/12/04 10:06:00 Block Report Received
2025/12/04 10:06:10 Block Report Received
2025/12/04 10:06:20 Block Report Received
2025/12/04 10:06:30 Block Report Received
2025/12/04 10:06:40 Block Report Received
2025/12/04 10:06:50 Block Report Received
2025/12/04 10:07:00 Block Report Received
2025/12/04 10:07:10 Block Report Received
2025/12/04 10:07:20 Block Report Received
2025/12/04 10:07:30 Block Report Received
2025/12/04 10:07:40 Block Report Received
2025/12/04 10:07:50 Block Report Received
2025/12/04 10:08:00 Block Report Received
2025/12/04 10:08:10 Block Report Received
2025/12/04 10:08:20 Block Report Received
2025/12/04 10:08:30 Block Report Received
2025/12/04 10:08:40 Block Report Received
2025/12/04 10:08:50 Block Report Received
2025/12/04 10:09:00 Block Report Received
2025/12/04 10:09:10 Block Report Received
2025/12/04 10:09:20 Block Report Received
2025/12/04 10:09:30 Block Report Received
2025/12/04 10:09:40 Block Report Received
2025/12/04 10:09:50 Block Report Received
2025/12/04 10:10:00 Block Report Received
2025/12/04 10:10:10 Block Report Received
2025/12/04 10:10:20 Block Report Received
2025/12/04 10:10:30 Block Report Received
2025/12/04 10:10:40 Block Report Received
2025/12/04 10:10:50 Block Report Received
2025/12/04 10:11:00 Block Report Received
2025/12/04 10:11:10 Block Report Received
2025/12/04 10:11:20 Block Report Received
2025/12/04 10:11:30 Block Report Received
2025/12/04 10:11:40 Block Report Received
2025/12/04 10:11:50 Block Report Received
2025/12/04 10:12:00 Block Report Received
2025/12/04 10:12:10 Block Report Received
2025/12/04 10:12:20 Block Report Received
2025/12/04 10:12:30 Block Report Received
2025/12/04 10:12:40 Block Report Received
2025/12/04 10:12:50 Block Report Received
2025/12/04 10:13:00 Block Report Received
2025/12/04 10:13:10 Block Report Received
2025/12/04 10:13:20 Block Report Received
2025/12/04 10:13:30 Block Report Received
2025/12/04 10:13:40 Block Report Received
2025/12/04 10:13:50 Block Report Received
2025/12/04 10:14:00 Block Report Received
2025/12/04 10:14:10 Block Report Received
2025/12/04 10:14:20 Block Report Received
2025/12/04 10:14:30 Block Report Received
2025/12/04 10:14:40 Block Report Received
2025/12/04 10:14:50 Block Report Received
2025/12/04 10:15:00 Block Report Received
2025/12/04 10:15:10 Block Report Received
2025/12/04 10:15:20 Block Report Received
2025/12/04 10:15:30 Block Report Received
2025/12/04 10:15:40 Block Report Received
2025/12/04 10:15:50 Block Report Received
2025/12/04 10:16:00 Block Report Received
2025/12/04 10:16:10 Block Report Received
2025/12/04 10:16:20 Block Report Received
2025/12/04 10:16:30 Block Report Received
2025/12/04 10:16:40 Block Report Received
2025/12/04 10:16:50 Block Report Received
2025/12/04 10:17:00 Block Report Received
2025/12/04 10:17:10 Block Report Received
2025/12/04 10:17:20 Block Report Received
2025/12/04 10:17:30 Block Report Received
2025/12/04 10:17:40 Block Report Received
2025/12/04 10:17:50 Block Report Received
2025/12/04 10:18:00 Block Report Received
2025/12/04 10:18:10 Block Report Received
2025/12/04 10:18:20 Block Report Received
2025/12/04 10:18:30 Block Report Received
2025/12/04 10:18:40 Block Report Received
2025/12/04 10:18:50 Block Report Received
2025/12/04 10:19:00 Block Report Received
2025/12/04 10:19:10 Block Report Received
2025/12/04 10:19:20 Block Report Received
2025/12/04 10:19:30 Block Report Received
2025/12/04 10:19:40 Block Report Received
2025/12/04 10:19:50 Block Report Received
2025/12/04 10:20:00 Block Report Received
2025/12/04 10:20:10 Block Report Received
2025/12/04 10:20:20 Block Report Received
2025/12/04 10:20:30 Block Report Received
2025/12/04 10:20:40 Block Report Received
2025/12/04 10:20:50 Block Report Received
2025/12/04 10:21:00 Block Report Received
2025/12/04 10:21:10 Block Report Received
2025/12/04 10:21:20 Block Report Received
2025/12/04 10:21:30 Block Report Received
2025/12/04 10:21:40 Block Report Received
2025/12/04 10:21:50 Block Report Received
2025/12/04 10:22:00 Block Report Received
2025/12/04 10:22:10 Block Report Received
2025/12/04 10:22:20 Block Report Received
2025/12/04 10:22:30 Block Report Received
2025/12/04 10:22:40 Block Report Received
2025/12/04 10:22:50 Block Report Received
2025/12/04 10:23:00 Block Report Received
2025/12/04 10:23:10 Block Report Received
2025/12/04 10:23:20 Block Report Received
2025/12/04 10:23:30 Block Report Received
2025/12/04 10:23:40 Block Report Received
2025/12/04 10:23:50 Block Report Received
2025/12/04 10:24:00 Block Report Received
2025/12/04 10:24:10 Block Report Received
2025/12/04 10:24:20 Block Report Received
2025/12/04 10:24:30 Block Report Received
2025/12/04 10:24:40 Block Report Received
2025/12/04 10:24:50 Block Report Received
2025/12/04 10:25:00 Block Report Received
2025/12/04 10:25:10 Block Report Received
2025/12/04 10:25:20 Block Report Received
2025/12/04 10:25:30 Block Report Received
2025/12/04 10:25:40 Block Report Received
2025/12/04 10:25:50 Block Report Received
2025/12/04 10:26:00 Block Report Received
2025/12/04 10:26:10 Block Report Received
2025/12/04 10:26:20 Block Report Received
2025/12/04 10:26:30 Block Report Received
2025/12/04 10:26:40 Block Report Received
2025/12/04 10:26:50 Block Report Received
2025/12/04 10:27:00 Block Report Received
2025/12/04 10:27:10 Block Report Received
2025/12/04 10:27:20 Block Report Received
2025/12/04 10:27:30 Block Report Received
2025/12/04 10:27:40 Block Report Received
2025/12/04 10:27:50 Block Report Received
2025/12/04 10:28:00 Block Report Received
2025/12/04 10:28:10 Block Report Received
2025/12/04 10:28:20 Block Report Received
2025/12/04 10:28:30 Block Report Received
2025/12/04 10:28:40 Block Report Received
2025/12/04 10:28:50 Block Report Received
2025/12/04 10:29:00 Block Report Received
2025/12/04 10:29:10 Block Report Received
2025/12/04 10:29:20 Block Report Received
2025/12/04 10:29:30 Block Report Received
2025/12/04 10:29:40 Block Report Received
2025/12/04 10:29:50 Block Report Received
2025/12/04 10:30:00 Block Report Received
2025/12/04 10:30:10 Block Report Received
2025/12/04 10:30:20 Block Report Received
2025/12/04 10:30:30 Block Report Received
2025/12/04 10:30:40 Block Report Received
2025/12/04 10:30:50 Block Report Received
2025/12/04 10:31:00 Block Report Received
2025/12/04 10:31:10 Block Report Received
2025/12/04 10:31:20 Block Report Received
2025/12/04 10:31:30 Block Report Received
2025/12/04 10:31:40 Block Report Received
2025/12/04 10:31:50 Block Report Received
2025/12/04 10:32:00 Block Report Received
2025/12/04 10:32:10 Block Report Received
2025/12/04 10:32:20 Block Report Received
2025/12/04 10:32:30 Block Report Received
2025/12/04 10:32:40 Block Report Received
2025/12/04 10:32:50 Block Report Received
2025/12/04 10:33:00 Block Report Received
2025/12/04 10:33:10 Block Report Received
2025/12/04 10:33:20 Block Report Received
2025/12/04 10:33:30 Block Report Received
2025/12/04 10:33:40 Block Report Received
2025/12/04 10:33:50 Block Report Received
2025/12/04 10:34:00 Block Report Received
2025/12/04 10:34:10 Block Report Received
2025/12/04 10:34:20 Block Report Received
2025/12/04 10:34:30 Block Report Received
2025/12/04 10:34:40 Block Report Received
2025/12/04 10:34:50 Block Report Received
2025/12/04 10:35:00 Block Report Received
2025/12/04 10:35:10 Block Report Received
2025/12/04 10:35:20 Block Report Received
2025/12/04 10:35:30 Block Report Received
2025/12/04 10:35:40 Block Report Received
2025/12/04 10:35:50 Block Report Received
2025/12/04 10:36:00 Block Report Received
2025/12/04 10:36:10 Block Report Received
2025/12/04 10:36:20 Block Report Received
2025/12/04 10:36:30 Block Report Received
2025/12/04 10:36:40 Block Report Received
2025/12/04 10:36:50 Block Report Received
2025/12/04 10:37:00 Block Report Received
2025/12/04 10:37:10 Block Report Received
2025/12/04 10:37:20 Block Report Received
2025/12/04 10:37:30 Block Report Received
2025/12/04 10:37:40 Block Report Received
2025/12/04 10:37:50 Block Report Received
2025/12/04 10:38:00 Block Report Received
2025/12/04 10:38:10 Block Report Received
2025/12/04 10:38:20 Block Report Received
2025/12/04 10:38:30 Block Report Received
2025/12/04 10:38:40 Block Report Received
2025/12/04 10:38:50 Block Report Received
2025/12/04 10:39:00 Block Report Received
2025/12/04 10:39:10 Block Report Received
2025/12/04 10:39:20 Block Report Received
2025/12/04 10:39:30 Block Report Received
2025/12/04 10:39:40 Block Report Received
2025/12/04 10:39:50 Block Report Received
2025/12/04 10:40:00 Block Report Received
2025/12/04 10:40:10 Block Report Received
2025/12/04 10:40:20 Block Report Received
2025/12/04 10:40:30 Block Report Received
2025/12/04 10:40:40 Block Report Received
2025/12/04 10:40:50 Block Report Received
2025/12/04 10:41:00 Block Report Received
2025/12/04 10:41:10 Block Report Received
2025/12/04 10:41:21 Block Report Received
2025/12/04 10:41:33 Block Report Received
2025/12/04 10:41:43 Block Report Received
2025/12/04 10:41:51 Block Report Received
2025/12/04 10:42:00 Block Report Received
2025/12/04 10:42:10 Block Report Received
2025/12/04 10:42:20 Block Report Received
2025/12/04 10:42:30 Block Report Received
2025/12/04 10:42:40 Block Report Received
2025/12/04 10:42:50 Block Report Received
2025/12/04 10:43:00 Block Report Received
2025/12/04 10:43:10 Block Report Received
2025/12/04 10:43:20 Block Report Received
2025/12/04 10:43:30 Block Report Received
2025/12/04 10:43:40 Block Report Received
2025/12/04 10:43:50 Block Report Received
2025/12/04 10:44:00 Block Report Received
2025/12/04 10:44:10 Block Report Received
2025/12/04 10:44:20 Block Report Received
2025/12/04 10:44:30 Block Report Received
2025/12/04 10:44:40 Block Report Received
2025/12/04 10:44:50 Block Report Received
2025/12/04 10:45:00 Block Report Received
2025/12/04 10:45:10 Block Report Received
2025/12/04 10:45:20 Block Report Received
2025/12/04 10:45:30 Block Report Received
2025/12/04 10:45:41 Block Report Received
2025/12/04 10:45:50 Block Report Received
2025/12/04 10:46:00 Block Report Received
2025/12/04 10:46:11 Block Report Received
2025/12/04 10:46:21 Block Report Received
2025/12/04 10:46:30 Block Report Received
2025/12/04 10:46:40 Block Report Received
2025/12/04 10:46:50 Block Report Received
2025/12/04 10:47:00 Block Report Received
2025/12/04 10:47:10 Block Report Received
2025/12/04 10:47:20 Block Report Received
2025/12/04 10:47:30 Block Report Received
2025/12/04 10:47:40 Block Report Received
2025/12/04 10:47:50 Block Report Received
2025/12/04 10:48:00 Block Report Received
2025/12/04 10:48:10 Block Report Received
2025/12/04 10:48:20 Block Report Received
2025/12/04 10:48:30 Block Report Received
2025/12/04 10:48:40 Block Report Received
2025/12/04 10:48:50 Block Report Received
2025/12/04 10:49:00 Block Report Received
2025/12/04 10:49:10 Block Report Received
2025/12/04 10:49:20 Block Report Received
2025/12/04 10:49:30 Block Report Received
2025/12/04 10:49:40 Block Report Received
2025/12/04 10:49:50 Block Report Received
2025/12/04 10:50:00 Block Report Received
2025/12/04 10:50:10 Block Report Received
2025/12/04 10:50:20 Block Report Received
2025/12/04 10:50:30 Block Report Received
2025/12/04 10:50:40 Block Report Received
2025/12/04 10:50:50 Block Report Received
2025/12/04 10:51:00 Block Report Received
2025/12/04 10:51:10 Block Report Received
2025/12/04 10:51:20 Block Report Received
2025/12/04 10:51:30 Block Report Received
2025/12/04 10:51:40 Block Report Received
2025/12/04 10:51:50 Block Report Received
2025/12/04 10:52:01 Block Report Received
2025/12/04 10:52:10 Block Report Received
2025/12/04 10:52:20 Block Report Received
2025/12/04 10:52:30 Block Report Received
2025/12/04 10:52:40 Block Report Received
2025/12/04 10:52:50 Block Report Received
2025/12/04 10:53:00 Block Report Received
2025/12/04 10:53:10 Block Report Received
2025/12/04 10:53:20 Block Report Received
2025/12/04 10:53:30 Block Report Received
2025/12/04 10:53:40 Block Report Received
2025/12/04 10:53:50 Block Report Received
2025/12/04 10:54:00 Block Report Received
2025/12/04 10:54:10 Block Report Received
2025/12/04 10:54:20 Block Report Received
2025/12/04 10:54:30 Block Report Received
2025/12/04 10:54:40 Block Report Received
2025/12/04 10:54:50 Block Report Received
2025/12/04 10:55:00 Block Report Received
2025/12/04 10:55:10 Block Report Received
2025/12/04 10:55:20 Block Report Received
2025/12/04 10:55:30 Block Report Received
2025/12/04 10:55:40 Block Report Received
2025/12/04 10:55:50 Block Report Received
2025/12/04 10:56:00 Block Report Received
2025/12/04 10:56:10 Block Report Received
2025/12/04 10:56:20 Block Report Received
2025/12/04 10:56:30 Block Report Received
2025/12/04 10:56:40 Block Report Received
2025/12/04 10:56:50 Block Report Received
2025/12/04 10:57:00 Block Report Received
2025/12/04 10:57:10 Block Report Received
2025/12/04 10:57:20 Block Report Received
2025/12/04 10:57:30 Block Report Received
2025/12/04 10:57:40 Block Report Received
2025/12/04 10:57:50 Block Report Received
2025/12/04 10:58:00 Block Report Received
2025/12/04 10:58:10 Block Report Received
2025/12/04 10:58:20 Block Report Received
2025/12/04 10:58:30 Block Report Received
2025/12/04 10:58:40 Block Report Received
2025/12/04 10:58:50 Block Report Received
2025/12/04 10:59:00 Block Report Received
2025/12/04 10:59:10 Block Report Received
2025/12/04 10:59:20 Block Report Received
2025/12/04 10:59:30 Block Report Received
2025/12/04 10:59:40 Block Report Received
2025/12/04 10:59:50 Block Report Received
2025/12/04 11:00:00 Block Report Received
2025/12/04 11:00:10 Block Report Received
2025/12/04 11:00:20 Block Report Received
2025/12/04 11:00:30 Block Report Received
2025/12/04 11:00:40 Block Report Received
2025/12/04 11:00:50 Block Report Received
2025/12/04 11:01:00 Block Report Received
2025/12/04 11:01:10 Block Report Received
2025/12/04 11:01:21 Block Report Received
2025/12/04 11:01:30 Block Report Received
2025/12/04 11:01:40 Block Report Received
2025/12/04 11:01:50 Block Report Received
2025/12/04 11:02:00 Block Report Received
2025/12/04 11:02:10 Block Report Received
2025/12/04 11:02:20 Block Report Received
2025/12/04 11:02:30 Block Report Received
2025/12/04 11:02:40 Block Report Received
2025/12/04 11:02:50 Block Report Received
2025/12/04 11:03:00 Block Report Received
2025/12/04 11:03:11 Block Report Received
2025/12/04 11:03:21 Block Report Received
2025/12/04 11:03:31 Block Report Received
2025/12/04 11:03:41 Block Report Received
2025/12/04 11:03:51 Block Report Received
2025/12/04 11:04:03 Block Report Received
2025/12/04 11:04:11 Block Report Received
2025/12/04 11:04:22 Block Report Received
2025/12/04 11:04:32 Block Report Received
2025/12/04 11:04:41 Block Report Received
2025/12/04 11:04:51 Block Report Received
2025/12/04 11:05:03 Block Report Received
2025/12/04 11:05:11 Block Report Received
2025/12/04 11:05:20 Block Report Received
2025/12/04 11:05:30 Block Report Received
2025/12/04 11:05:40 Block Report Received
2025/12/04 11:05:50 Block Report Received
2025/12/04 11:06:00 Block Report Received
2025/12/04 11:06:10 Block Report Received
2025/12/04 11:06:20 Block Report Received
2025/12/04 11:06:30 Block Report Received
2025/12/04 11:06:40 Block Report Received
2025/12/04 11:06:50 Block Report Received
2025/12/04 11:07:00 Block Report Received
2025/12/04 11:07:10 Block Report Received
2025/12/04 11:07:20 Block Report Received
2025/12/04 11:07:30 Block Report Received
2025/12/04 11:07:41 Block Report Received
2025/12/04 11:07:50 Block Report Received
2025/12/04 11:08:00 Block Report Received
2025/12/04 11:08:10 Block Report Received
2025/12/04 11:08:20 Block Report Received
2025/12/04 11:08:30 Block Report Received
2025/12/04 11:08:40 Block Report Received
2025/12/04 11:08:50 Block Report Received
2025/12/04 11:09:00 Block Report Received
2025/12/04 11:09:10 Block Report Received
2025/12/04 11:09:20 Block Report Received
2025/12/04 11:09:30 Block Report Received
2025/12/04 11:09:40 Block Report Received
2025/12/04 11:09:50 Block Report Received
2025/12/04 11:10:00 Block Report Received
2025/12/04 11:10:10 Block Report Received
2025/12/04 11:10:20 Block Report Received
2025/12/04 11:10:30 Block Report Received
2025/12/04 11:10:40 Block Report Received
2025/12/04 11:10:50 Block Report Received
2025/12/04 11:11:00 Block Report Received
2025/12/04 11:11:10 Block Report Received
2025/12/04 11:11:20 Block Report Received
2025/12/04 11:11:30 Block Report Received
2025/12/04 11:11:40 Block Report Received
2025/12/04 11:11:50 Block Report Received
2025/12/04 11:12:00 Block Report Received
2025/12/04 11:12:10 Block Report Received
2025/12/04 11:12:20 Block Report Received
2025/12/04 11:12:30 Block Report Received
2025/12/04 11:12:40 Block Report Received
2025/12/04 11:12:50 Block Report Received
2025/12/04 11:13:00 Block Report Received
2025/12/04 11:13:10 Block Report Received
2025/12/04 11:13:20 Block Report Received
2025/12/04 11:13:30 Block Report Received
2025/12/04 11:13:40 Block Report Received
2025/12/04 11:13:50 Block Report Received
2025/12/04 11:14:00 Block Report Received
2025/12/04 11:14:10 Block Report Received
2025/12/04 11:14:20 Block Report Received
2025/12/04 11:14:30 Block Report Received
2025/12/04 11:14:40 Block Report Received
2025/12/04 11:14:50 Block Report Received
2025/12/04 11:15:00 Block Report Received
2025/12/04 11:15:10 Block Report Received
2025/12/04 11:15:20 Block Report Received
2025/12/04 11:15:30 Block Report Received
2025/12/04 11:15:41 Block Report Received
2025/12/04 11:15:50 Block Report Received
2025/12/04 11:16:00 Block Report Received
2025/12/04 11:16:10 Block Report Received
2025/12/04 11:16:20 Block Report Received
2025/12/04 11:16:30 Block Report Received
2025/12/04 11:16:40 Block Report Received
2025/12/04 11:16:50 Block Report Received
2025/12/04 11:17:00 Block Report Received
2025/12/04 11:17:10 Block Report Received
2025/12/04 11:17:20 Block Report Received
2025/12/04 11:17:31 Block Report Received
2025/12/04 11:17:40 Block Report Received
2025/12/04 11:17:50 Block Report Received
2025/12/04 11:18:00 Block Report Received
2025/12/04 11:18:10 Block Report Received
2025/12/04 11:18:20 Block Report Received
2025/12/04 11:18:30 Block Report Received
2025/12/04 11:18:40 Block Report Received
2025/12/04 11:18:50 Block Report Received
2025/12/04 11:19:00 Block Report Received
2025/12/04 11:19:10 Block Report Received
2025/12/04 11:19:20 Block Report Received
2025/12/04 11:19:30 Block Report Received
2025/12/04 11:19:40 Block Report Received
2025/12/04 11:19:50 Block Report Received
2025/12/04 11:20:00 Block Report Received
2025/12/04 11:20:10 Block Report Received
2025/12/04 11:20:20 Block Report Received
2025/12/04 11:20:30 Block Report Received
2025/12/04 11:20:40 Block Report Received
2025/12/04 11:20:50 Block Report Received
2025/12/04 11:21:00 Block Report Received
2025/12/04 11:21:10 Block Report Received
2025/12/04 11:21:20 Block Report Received
2025/12/04 11:21:30 Block Report Received
2025/12/04 11:21:40 Block Report Received
2025/12/04 11:21:50 Block Report Received
2025/12/04 11:22:00 Block Report Received
2025/12/04 11:22:10 Block Report Received
2025/12/04 11:22:20 Block Report Received
2025/12/04 11:22:30 Block Report Received
2025/12/04 11:22:40 Block Report Received
2025/12/04 11:22:50 Block Report Received
2025/12/04 11:23:00 Block Report Received
2025/12/04 11:23:10 Block Report Received
2025/12/04 11:23:20 Block Report Received
2025/12/04 11:23:30 Block Report Received
2025/12/04 11:23:40 Block Report Received
2025/12/04 11:23:50 Block Report Received
2025/12/04 11:24:00 Block Report Received
2025/12/04 11:24:10 Block Report Received
2025/12/04 11:24:20 Block Report Received
2025/12/04 11:24:30 Block Report Received
2025/12/04 11:24:40 Block Report Received
2025/12/04 11:24:50 Block Report Received
2025/12/04 11:25:00 Block Report Received
2025/12/04 11:25:10 Block Report Received
2025/12/04 11:25:20 Block Report Received
2025/12/04 11:25:30 Block Report Received
2025/12/04 11:25:40 Block Report Received
2025/12/04 11:25:50 Block Report Received
2025/12/04 11:26:00 Block Report Received
2025/12/04 11:26:10 Block Report Received
2025/12/04 11:26:20 Block Report Received
2025/12/04 11:26:30 Block Report Received
2025/12/04 11:26:40 Block Report Received
2025/12/04 11:26:50 Block Report Received
2025/12/04 11:27:00 Block Report Received
2025/12/04 11:27:10 Block Report Received
2025/12/04 11:27:20 Block Report Received
2025/12/04 11:27:30 Block Report Received
2025/12/04 11:27:40 Block Report Received
2025/12/04 11:27:50 Block Report Received
2025/12/04 11:28:00 Block Report Received
2025/12/04 11:28:10 Block Report Received
2025/12/04 11:28:20 Block Report Received
2025/12/04 11:28:30 Block Report Received
2025/12/04 11:28:40 Block Report Received
2025/12/04 11:28:50 Block Report Received
2025/12/04 11:29:00 Block Report Received
2025/12/04 11:29:10 Block Report Received
2025/12/04 11:29:20 Block Report Received
2025/12/04 11:29:30 Block Report Received
2025/12/04 11:29:40 Block Report Received
2025/12/04 11:29:50 Block Report Received
2025/12/04 11:30:00 Block Report Received
2025/12/04 11:30:10 Block Report Received
2025/12/04 11:30:20 Block Report Received
2025/12/04 11:30:30 Block Report Received
2025/12/04 11:30:40 Block Report Received
2025/12/04 11:30:50 Block Report Received
2025/12/04 11:31:00 Block Report Received
2025/12/04 11:31:10 Block Report Received
2025/12/04 11:31:20 Block Report Received
2025/12/04 11:31:30 Block Report Received
2025/12/04 11:31:40 Block Report Received
2025/12/04 11:31:50 Block Report Received
2025/12/04 11:32:00 Block Report Received
2025/12/04 11:32:10 Block Report Received
2025/12/04 11:32:20 Block Report Received
2025/12/04 11:32:30 Block Report Received
2025/12/04 11:32:40 Block Report Received
2025/12/04 11:32:50 Block Report Received
2025/12/04 11:33:00 Block Report Received
2025/12/04 11:33:10 Block Report Received
2025/12/04 11:33:20 Block Report Received
2025/12/04 11:33:30 Block Report Received
2025/12/04 11:33:40 Block Report Received
2025/12/04 11:33:50 Block Report Received
2025/12/04 11:34:00 Block Report Received
2025/12/04 11:34:10 Block Report Received
2025/12/04 11:34:20 Block Report Received
2025/12/04 11:34:30 Block Report Received
2025/12/04 11:34:40 Block Report Received
2025/12/04 11:34:50 Block Report Received
2025/12/04 11:35:00 Block Report Received
2025/12/04 11:35:10 Block Report Received
2025/12/04 11:35:21 Block Report Received
2025/12/04 11:35:30 Block Report Received
2025/12/04 11:35:41 Block Report Received
2025/12/04 11:35:50 Block Report Received
2025/12/04 11:36:01 Block Report Received
2025/12/04 11:36:10 Block Report Received
2025/12/04 11:36:20 Block Report Received
2025/12/04 11:36:30 Block Report Received
2025/12/04 11:36:40 Block Report Received
2025/12/04 11:36:50 Block Report Received
2025/12/04 11:37:00 Block Report Received
2025/12/04 11:37:10 Block Report Received
2025/12/04 11:37:20 Block Report Received
2025/12/04 11:37:30 Block Report Received
2025/12/04 11:37:40 Block Report Received
2025/12/04 11:37:51 Block Report Received
2025/12/04 11:38:01 Block Report Received
2025/12/04 11:38:10 Block Report Received
2025/12/04 11:38:21 Block Report Received
2025/12/04 11:38:30 Block Report Received
2025/12/04 11:38:40 Block Report Received
2025/12/04 11:38:50 Block Report Received
2025/12/04 11:39:00 Block Report Received
2025/12/04 11:39:10 Block Report Received
2025/12/04 11:39:20 Block Report Received
2025/12/04 11:39:30 Block Report Received
2025/12/04 11:39:40 Block Report Received
2025/12/04 11:39:51 Block Report Received
2025/12/04 11:40:01 Block Report Received
2025/12/04 11:40:10 Block Report Received
2025/12/04 11:40:21 Block Report Received
2025/12/04 11:40:30 Block Report Received
2025/12/04 11:40:40 Block Report Received
2025/12/04 11:40:50 Block Report Received
2025/12/04 11:41:00 Block Report Received
2025/12/04 11:41:10 Block Report Received
2025/12/04 11:41:20 Block Report Received
2025/12/04 11:41:31 Block Report Received
2025/12/04 11:41:40 Block Report Received
2025/12/04 11:41:51 Block Report Received
2025/12/04 11:42:01 Block Report Received
2025/12/04 11:42:10 Block Report Received
2025/12/04 11:42:20 Block Report Received
2025/12/04 11:42:30 Block Report Received
2025/12/04 11:42:40 Block Report Received
2025/12/04 11:42:50 Block Report Received
2025/12/04 12:13:58 Block Report Received
2025/12/04 12:14:08 Block Report Received
2025/12/04 12:14:18 Block Report Received
2025/12/04 12:14:28 Block Report Received
2025/12/04 12:14:38 Block Report Received
2025/12/04 12:14:48 Block Report Received
2025/12/04 12:14:58 Block Report Received
2025/12/04 12:15:08 Block Report Received
2025/12/04 12:15:18 Block Report Received
2025/12/04 12:15:28 Block Report Received
2025/12/04 12:15:38 Block Report Received
2025/12/04 12:15:48 Block Report Received
2025/12/04 12:15:58 Block Report Received
2025/12/04 12:16:08 Block Report Received
2025/12/04 12:16:18 Block Report Received
2025/12/04 12:16:28 Block Report Received
2025/12/04 12:16:38 Block Report Received
2025/12/04 12:16:48 Block Report Received
2025/12/04 12:16:58 Block Report Received
2025/12/04 12:17:08 Block Report Received
2025/12/04 12:17:18 Block Report Received
2025/12/04 12:17:28 Block Report Received
2025/12/04 12:17:38 Block Report Received
2025/12/04 12:17:48 Block Report Received
2025/12/04 12:17:58 Block Report Received
2025/12/04 12:18:08 Block Report Received
2025/12/04 12:18:18 Block Report Received
2025/12/04 12:18:28 Block Report Received
2025/12/04 12:18:38 Block Report Received
2025/12/04 12:18:48 Block Report Received
2025/12/04 12:18:58 Block Report Received
2025/12/04 12:19:08 Block Report Received
2025/12/04 12:19:18 Block Report Received
2025/12/04 12:19:28 Block Report Received
2025/12/04 12:19:38 Block Report Received
2025/12/04 12:19:48 Block Report Received
2025/12/04 12:19:58 Block Report Received
2025/12/04 12:20:08 Block Report Received
2025/12/04 12:20:18 Block Report Received
2025/12/04 12:20:28 Block Report Received
2025/12/04 12:20:38 Block Report Received
2025/12/04 12:20:48 Block Report Received
2025/12/04 12:20:58 Block Report Received
2025/12/04 12:21:08 Block Report Received
2025/12/04 12:21:18 Block Report Received
2025/12/04 12:21:28 Block Report Received
2025/12/04 12:21:38 Block Report Received
2025/12/04 12:21:48 Block Report Received
2025/12/04 12:21:58 Block Report Received
2025/12/04 12:22:08 Block Report Received
2025/12/04 12:22:18 Block Report Received
2025/12/04 12:22:28 Block Report Received
2025/12/04 12:22:38 Block Report Received
2025/12/04 12:22:48 Block Report Received
2025/12/04 12:22:58 Block Report Received
2025/12/04 12:23:08 Block Report Received
2025/12/04 12:23:18 Block Report Received
2025/12/04 12:23:28 Block Report Received
2025/12/04 12:23:38 Block Report Received
2025/12/04 12:23:48 Block Report Received
2025/12/04 12:23:58 Block Report Received
2025/12/04 12:24:08 Block Report Received
2025/12/04 12:24:18 Block Report Received
2025/12/04 12:24:28 Block Report Received
2025/12/04 12:24:38 Block Report Received
2025/12/04 12:24:48 Block Report Received
2025/12/04 12:24:58 Block Report Received
2025/12/04 12:25:08 Block Report Received
2025/12/04 12:25:18 Block Report Received
2025/12/04 12:25:28 Block Report Received
2025/12/04 12:25:38 Block Report Received
2025/12/04 12:25:48 Block Report Received
2025/12/04 12:25:58 Block Report Received
2025/12/04 12:26:08 Block Report Received
2025/12/04 12:26:18 Block Report Received
2025/12/04 12:26:28 Block Report Received
2025/12/04 12:26:38 Block Report Received
2025/12/04 12:26:48 Block Report Received
2025/12/04 12:26:58 Block Report Received
2025/12/04 12:27:08 Block Report Received
2025/12/04 12:27:18 Block Report Received
2025/12/04 12:27:28 Block Report Received
2025/12/04 12:27:38 Block Report Received
2025/12/04 12:27:48 Block Report Received
2025/12/04 12:27:58 Block Report Received
2025/12/04 12:28:08 Block Report Received
2025/12/04 12:28:18 Block Report Received
2025/12/04 12:28:28 Block Report Received
2025/12/04 12:28:38 Block Report Received
2025/12/04 12:28:48 Block Report Received
2025/12/04 12:28:58 Block Report Received
2025/12/04 12:29:08 Block Report Received
2025/12/04 12:29:18 Block Report Received
2025/12/04 12:29:28 Block Report Received
2025/12/04 12:29:38 Block Report Received
2025/12/04 12:29:48 Block Report Received
2025/12/04 12:29:58 Block Report Received
2025/12/04 12:30:08 Block Report Received
2025/12/04 12:30:18 Block Report Received
2025/12/04 12:30:28 Block Report Received
2025/12/04 12:30:38 Block Report Received
2025/12/04 12:30:48 Block Report Received
2025/12/04 12:30:58 Block Report Received
2025/12/04 12:31:08 Block Report Received
2025/12/04 12:31:18 Block Report Received
2025/12/04 12:31:28 Block Report Received
2025/12/04 12:31:38 Block Report Received
2025/12/04 12:31:48 Block Report Received
2025/12/04 12:31:58 Block Report Received
2025/12/04 12:32:08 Block Report Received
2025/12/04 12:32:18 Block Report Received
2025/12/04 12:32:28 Block Report Received
2025/12/04 12:32:38 Block Report Received
2025/12/04 12:32:48 Block Report Received
2025/12/04 12:32:58 Block Report Received
2025/12/04 12:33:08 Block Report Received
2025/12/04 12:33:18 Block Report Received
2025/12/04 12:33:28 Block Report Received
2025/12/04 12:33:38 Block Report Received
2025/12/04 12:33:48 Block Report Received
2025/12/04 12:33:58 Block Report Received
2025/12/04 12:34:08 Block Report Received
2025/12/04 12:34:18 Block Report Received
2025/12/04 12:34:28 Block Report Received
2025/12/04 12:34:38 Block Report Received
2025/12/04 12:34:48 Block Report Received
2025/12/04 12:34:58 Block Report Received
2025/12/04 12:35:08 Block Report Received
2025/12/04 12:35:18 Block Report Received
2025/12/04 12:35:28 Block Report Received
2025/12/04 12:35:38 Block Report Received
2025/12/04 12:35:48 Block Report Received
2025/12/04 12:35:58 Block Report Received
2025/12/04 12:36:08 Block Report Received
2025/12/04 12:36:18 Block Report Received
2025/12/04 12:36:28 Block Report Received
2025/12/04 12:36:38 Block Report Received
2025/12/04 12:36:48 Block Report Received
2025/12/04 12:36:58 Block Report Received
2025/12/04 12:37:08 Block Report Received
2025/12/04 12:37:18 Block Report Received
2025/12/04 12:37:28 Block Report Received
2025/12/04 12:37:38 Block Report Received
2025/12/04 12:37:48 Block Report Received
2025/12/04 12:37:58 Block Report Received
2025/12/04 12:38:08 Block Report Received
2025/12/04 12:38:18 Block Report Received
2025/12/04 12:38:28 Block Report Received
2025/12/04 12:38:38 Block Report Received
2025/12/04 12:38:48 Block Report Received
2025/12/04 12:38:58 Block Report Received
2025/12/04 12:39:08 Block Report Received
2025/12/04 12:39:18 Block Report Received
2025/12/04 12:39:28 Block Report Received
2025/12/04 12:39:38 Block Report Received
2025/12/04 12:39:48 Block Report Received
2025/12/04 12:39:58 Block Report Received
2025/12/04 12:40:08 Block Report Received
2025/12/04 12:40:18 Block Report Received
2025/12/04 12:40:28 Block Report Received
2025/12/04 12:40:38 Block Report Received
2025/12/04 12:40:48 Block Report Received
2025/12/04 12:40:58 Block Report Received
2025/12/04 12:41:08 Block Report Received
2025/12/04 12:41:18 Block Report Received
2025/12/04 12:41:28 Block Report Received
2025/12/04 12:41:38 Block Report Received
2025/12/04 12:41:48 Block Report Received
2025/12/04 12:41:58 Block Report Received
2025/12/04 12:42:08 Block Report Received
2025/12/04 12:42:18 Block Report Received
2025/12/04 12:42:28 Block Report Received
2025/12/04 12:42:38 Block Report Received
2025/12/04 12:42:48 Block Report Received
2025/12/04 12:42:58 Block Report Received
2025/12/04 12:43:08 Block Report Received
2025/12/04 12:43:18 Block Report Received
2025/12/04 12:43:28 Block Report Received
2025/12/04 12:43:38 Block Report Received
2025/12/04 12:43:48 Block Report Received
2025/12/04 12:43:58 Block Report Received
2025/12/04 12:44:08 Block Report Received
2025/12/04 12:44:18 Block Report Received
2025/12/04 12:44:28 Block Report Received
2025/12/04 12:44:38 Block Report Received
2025/12/04 12:44:48 Block Report Received
2025/12/04 12:44:58 Block Report Received
2025/12/04 12:45:08 Block Report Received
2025/12/04 12:45:18 Block Report Received
2025/12/04 12:45:28 Block Report Received
2025/12/04 12:45:38 Block Report Received
2025/12/04 12:45:48 Block Report Received
2025/12/04 12:45:58 Block Report Received
2025/12/04 12:46:08 Block Report Received
2025/12/04 12:46:18 Block Report Received
2025/12/04 12:46:28 Block Report Received
2025/12/04 12:46:38 Block Report Received
2025/12/04 12:46:48 Block Report Received
2025/12/04 12:46:58 Block Report Received
2025/12/04 12:47:08 Block Report Received
2025/12/04 12:47:18 Block Report Received
2025/12/04 12:47:28 Block Report Received
2025/12/04 12:47:38 Block Report Received
2025/12/04 12:47:48 Block Report Received
2025/12/04 12:47:58 Block Report Received
2025/12/04 12:48:08 Block Report Received
2025/12/04 12:48:18 Block Report Received
2025/12/04 12:48:28 Block Report Received
2025/12/04 12:48:38 Block Report Received
2025/12/04 12:48:48 Block Report Received
2025/12/04 12:48:58 Block Report Received
2025/12/04 12:49:08 Block Report Received
2025/12/04 12:49:18 Block Report Received
2025/12/04 12:49:28 Block Report Received
2025/12/04 12:49:38 Block Report Received
2025/12/04 12:49:48 Block Report Received
2025/12/04 12:49:58 Block Report Received
2025/12/04 12:50:08 Block Report Received
2025/12/04 12:50:18 Block Report Received
2025/12/04 12:50:28 Block Report Received
2025/12/04 12:50:38 Block Report Received
2025/12/04 12:50:48 Block Report Received
2025/12/04 12:50:58 Block Report Received
2025/12/04 12:51:08 Block Report Received
2025/12/04 12:51:18 Block Report Received
2025/12/04 12:51:28 Block Report Received
2025/12/04 12:51:38 Block Report Received
2025/12/04 12:51:48 Block Report Received
2025/12/04 12:51:58 Block Report Received
2025/12/04 12:52:08 Block Report Received
2025/12/04 12:52:18 Block Report Received
2025/12/04 12:52:28 Block Report Received
2025/12/04 12:52:38 Block Report Received
2025/12/04 12:52:48 Block Report Received
2025/12/04 12:52:58 Block Report Received
2025/12/04 12:53:08 Block Report Received
2025/12/04 12:53:18 Block Report Received
2025/12/04 12:53:28 Block Report Received
2025/12/04 12:53:38 Block Report Received
2025/12/04 12:53:48 Block Report Received
2025/12/04 12:53:58 Block Report Received
2025/12/04 12:54:08 Block Report Received
2025/12/04 12:54:18 Block Report Received
2025/12/04 12:54:28 Block Report Received
2025/12/04 12:54:38 Block Report Received
2025/12/04 12:54:48 Block Report Received
2025/12/04 12:54:58 Block Report Received
2025/12/04 12:55:08 Block Report Received
2025/12/04 12:55:18 Block Report Received
2025/12/04 12:55:28 Block Report Received
2025/12/04 12:55:38 Block Report Received
2025/12/04 12:55:48 Block Report Received
2025/12/04 12:55:58 Block Report Received
2025/12/04 12:56:08 Block Report Received
2025/12/04 12:56:18 Block Report Received
2025/12/04 12:56:28 Block Report Received
2025/12/04 12:56:38 Block Report Received
2025/12/04 12:56:48 Block Report Received
2025/12/04 12:56:58 Block Report Received
2025/12/04 12:57:08 Block Report Received
2025/12/04 12:57:18 Block Report Received
2025/12/04 12:57:28 Block Report Received
2025/12/04 12:57:38 Block Report Received
2025/12/04 12:57:48 Block Report Received
2025/12/04 12:57:58 Block Report Received
2025/12/04 12:58:08 Block Report Received
2025/12/04 12:58:18 Block Report Received
2025/12/04 12:58:28 Block Report Received
2025/12/04 12:58:38 Block Report Received
2025/12/04 12:58:48 Block Report Received
2025/12/04 12:58:58 Block Report Received
2025/12/04 12:59:08 Block Report Received
2025/12/04 12:59:18 Block Report Received
2025/12/04 12:59:28 Block Report Received
2025/12/04 12:59:38 Block Report Received
2025/12/04 12:59:48 Block Report Received
2025/12/04 12:59:58 Block Report Received
2025/12/04 13:00:08 Block Report Received
2025/12/04 13:00:18 Block Report Received
2025/12/04 13:00:28 Block Report Received
2025/12/04 13:00:38 Block Report Received
2025/12/04 13:00:48 Block Report Received
2025/12/04 13:00:58 Block Report Received
2025/12/04 13:01:08 Block Report Received
2025/12/04 13:01:18 Block Report Received
2025/12/04 13:01:28 Block Report Received
2025/12/04 13:01:38 Block Report Received
2025/12/04 13:01:48 Block Report Received
2025/12/04 13:01:58 Block Report Received
2025/12/04 13:02:08 Block Report Received
2025/12/04 13:02:18 Block Report Received
2025/12/04 13:02:28 Block Report Received
2025/12/04 13:02:38 Block Report Received
2025/12/04 13:02:48 Block Report Received
2025/12/04 13:02:58 Block Report Received
2025/12/04 13:03:08 Block Report Received
2025/12/04 13:03:18 Block Report Received
2025/12/04 13:03:28 Block Report Received
2025/12/04 13:03:38 Block Report Received
2025/12/04 13:03:48 Block Report Received
2025/12/04 13:03:58 Block Report Received
2025/12/04 13:04:08 Block Report Received
2025/12/04 13:04:18 Block Report Received
2025/12/04 13:04:28 Block Report Received
2025/12/04 13:04:38 Block Report Received
2025/12/04 13:04:48 Block Report Received
2025/12/04 13:04:58 Block Report Received
2025/12/04 13:05:08 Block Report Received
2025/12/04 13:05:18 Block Report Received
2025/12/04 13:05:28 Block Report Received
2025/12/04 13:05:38 Block Report Received
2025/12/04 13:05:48 Block Report Received
2025/12/04 13:05:58 Block Report Received
2025/12/04 13:06:08 Block Report Received
2025/12/04 13:06:18 Block Report Received
2025/12/04 13:06:28 Block Report Received
2025/12/04 13:06:38 Block Report Received
2025/12/04 13:06:48 Block Report Received
2025/12/04 13:06:58 Block Report Received
2025/12/04 13:07:08 Block Report Received
2025/12/04 13:07:18 Block Report Received
2025/12/04 13:07:28 Block Report Received
2025/12/04 13:07:38 Block Report Received
2025/12/04 13:07:48 Block Report Received
2025/12/04 13:07:58 Block Report Received
2025/12/04 13:08:08 Block Report Received
2025/12/04 13:08:18 Block Report Received
2025/12/04 13:08:28 Block Report Received
2025/12/04 13:08:38 Block Report Received
2025/12/04 13:08:48 Block Report Received
2025/12/04 13:08:58 Block Report Received
2025/12/04 13:09:08 Block Report Received
2025/12/04 13:09:18 Block Report Received
2025/12/04 13:09:28 Block Report Received
2025/12/04 13:09:38 Block Report Received
2025/12/04 13:09:48 Block Report Received
2025/12/04 13:09:58 Block Report Received
2025/12/04 13:10:08 Block Report Received
2025/12/04 13:10:18 Block Report Received
2025/12/04 13:10:28 Block Report Received
2025/12/04 13:10:38 Block Report Received
2025/12/04 13:10:48 Block Report Received
2025/12/04 13:10:58 Block Report Received
2025/12/04 13:11:08 Block Report Received
2025/12/04 13:11:18 Block Report Received
2025/12/04 13:11:28 Block Report Received
2025/12/04 13:11:38 Block Report Received
2025/12/04 13:11:48 Block Report Received
2025/12/04 13:11:58 Block Report Received
2025/12/04 13:12:08 Block Report Received
2025/12/04 13:12:18 Block Report Received
2025/12/04 13:12:28 Block Report Received
2025/12/04 13:12:38 Block Report Received
2025/12/04 13:12:48 Block Report Received
2025/12/04 13:12:58 Block Report Received
2025/12/04 13:13:08 Block Report Received
2025/12/04 13:13:18 Block Report Received
2025/12/04 13:13:28 Block Report Received
2025/12/04 13:13:38 Block Report Received
2025/12/04 13:13:48 Block Report Received
2025/12/04 13:13:58 Block Report Received
2025/12/04 13:14:08 Block Report Received
2025/12/04 13:14:18 Block Report Received
2025/12/04 13:14:28 Block Report Received
2025/12/04 13:14:38 Block Report Received
2025/12/04 13:14:48 Block Report Received
2025/12/04 13:14:58 Block Report Received
2025/12/04 13:15:08 Block Report Received
2025/12/04 13:15:18 Block Report Received
2025/12/04 13:15:28 Block Report Received
2025/12/04 13:15:38 Block Report Received
2025/12/04 13:15:48 Block Report Received
2025/12/04 13:15:58 Block Report Received
2025/12/04 13:16:08 Block Report Received
2025/12/04 13:16:18 Block Report Received
2025/12/04 13:16:28 Block Report Received
2025/12/04 13:16:38 Block Report Received
2025/12/04 13:16:48 Block Report Received
2025/12/04 13:16:58 Block Report Received
2025/12/04 13:17:08 Block Report Received
2025/12/04 13:17:18 Block Report Received
2025/12/04 13:17:28 Block Report Received
2025/12/04 13:17:38 Block Report Received
2025/12/04 13:17:48 Block Report Received
2025/12/04 13:17:58 Block Report Received
2025/12/04 13:18:08 Block Report Received
2025/12/04 13:18:18 Block Report Received
2025/12/04 13:18:28 Block Report Received
2025/12/04 13:18:38 Block Report Received
2025/12/04 13:18:48 Block Report Received
2025/12/04 13:18:58 Block Report Received
2025/12/04 13:19:08 Block Report Received
2025/12/04 13:19:18 Block Report Received
2025/12/04 13:19:28 Block Report Received
2025/12/04 13:19:38 Block Report Received
2025/12/04 13:19:48 Block Report Received
2025/12/04 13:19:58 Block Report Received
2025/12/04 13:20:08 Block Report Received
2025/12/04 13:20:18 Block Report Received
2025/12/04 13:20:28 Block Report Received
2025/12/04 13:20:38 Block Report Received
2025/12/04 13:20:48 Block Report Received
2025/12/04 13:20:58 Block Report Received
2025/12/04 13:21:08 Block Report Received
2025/12/04 13:21:18 Block Report Received
2025/12/04 13:21:28 Block Report Received
2025/12/04 13:21:38 Block Report Received
2025/12/04 13:21:48 Block Report Received
2025/12/04 13:21:58 Block Report Received
2025/12/04 13:22:08 Block Report Received
2025/12/04 13:22:18 Block Report Received
2025/12/04 13:22:28 Block Report Received
2025/12/04 13:22:38 Block Report Received
2025/12/04 13:22:48 Block Report Received
2025/12/04 13:22:58 Block Report Received
2025/12/04 13:23:08 Block Report Received
2025/12/04 13:23:18 Block Report Received
2025/12/04 13:23:28 Block Report Received
2025/12/04 13:23:38 Block Report Received
2025/12/04 13:23:48 Block Report Received
2025/12/04 13:23:58 Block Report Received
2025/12/04 13:24:08 Block Report Received
2025/12/04 13:24:18 Block Report Received
2025/12/04 13:25:29 ⚠️  Connection to NameNode lost: rpc error: code = DeadlineExceeded desc = context deadline exceeded
2025/12/04 13:25:29 🔄 Attempting to reconnect...
2025/12/04 13:25:29 Block Report Received
2025/12/04 13:25:29 🛑 Block report stopped
2025/12/04 15:03:11 ⚠️  Primary NameNode localhost:8080 unavailable, trying alternates...
2025/12/04 15:03:11 ✅ Connected to NameNode at localhost:8081
2025/12/04 15:03:11 ✅ Reconnected to NameNode at localhost:8081
2025/12/04 15:03:11 🧩 DataNode 1845c6af-d866-415c-a279-df689b3d3db9 registration status: Registered
2025/12/04 15:03:11 🔄 Block report restarted
2025/12/04 15:03:22 Block Report Received
2025/12/04 15:03:33 Block Report Received
2025/12/04 15:03:41 Block Report Received
2025/12/04 15:03:51 Block Report Received
2025/12/04 15:04:01 Block Report Received
2025/12/04 15:04:11 Block Report Received
2025/12/04 15:04:21 Block Report Received
2025/12/04 15:04:31 Block Report Received
2025/12/04 15:04:41 Block Report Received
2025/12/04 15:04:51 Block Report Received
2025/12/04 15:05:01 Block Report Received
2025/12/04 15:05:11 Block Report Received
2025/12/04 15:05:21 Block Report Received
2025/12/04 15:05:31 Block Report Received
2025/12/04 15:05:41 Block Report Received
2025/12/04 15:05:51 Block Report Received
2025/12/04 15:06:01 Block Report Received
2025/12/04 15:06:11 Block Report Received
2025/12/04 15:06:21 Block Report Received
2025/12/04 15:06:31 Block Report Received
2025/12/04 15:06:41 Block Report Received
2025/12/04 15:06:51 Block Report Received
2025/12/04 15:07:01 Block Report Received
2025/12/04 15:07:11 Block Report Received
2025/12/04 15:07:21 Block Report Received
2025/12/04 15:07:31 Block Report Received
2025/12/04 15:07:41 Block Report Received
2025/12/04 15:07:51 Block Report Received
2025/12/04 15:08:01 Block Report Received
2025/12/04 15:08:11 Block Report Received
2025/12/04 15:08:21 Block Report Received
2025/12/04 15:08:31 Block Report Received
2025/12/04 15:08:41 Block Report Received
2025/12/04 15:08:51 Block Report Received
2025/12/04 15:09:01 Block Report Received
2025/12/04 15:09:11 Block Report Received
2025/12/04 15:09:21 Block Report Received
2025/12/04 15:09:31 Block Report Received
2025/12/04 15:09:41 Block Report Received
2025/12/04 15:09:51 Block Report Received
2025/12/04 15:10:01 Block Report Received
2025/12/04 15:10:11 Block Report Received
2025/12/04 15:10:21 Block Report Received
2025/12/04 15:10:31 Block Report Received
2025/12/04 15:10:41 Block Report Received
2025/12/04 15:10:51 Block Report Received
2025/12/04 15:11:01 Block Report Received
2025/12/04 15:11:11 Block Report Received
2025/12/04 15:11:21 Block Report Received
2025/12/04 15:11:31 Block Report Received
2025/12/04 15:11:41 Block Report Received
2025/12/04 15:11:51 Block Report Received
2025/12/04 15:12:01 Block Report Received
2025/12/04 15:12:11 Block Report Received
2025/12/04 15:12:21 Block Report Received
2025/12/04 15:12:31 Block Report Received
2025/12/04 15:12:41 Block Report Received
2025/12/04 15:12:51 Block Report Received
2025/12/04 15:13:01 Block Report Received
2025/12/04 15:13:11 Block Report Received
2025/12/04 15:13:21 Block Report Received
2025/12/04 15:13:31 Block Report Received
2025/12/04 15:13:41 Block Report Received
2025/12/04 15:13:51 Block Report Received
2025/12/04 15:14:01 Block Report Received
2025/12/04 15:14:11 Block Report Received
2025/12/04 15:14:21 Block Report Received
2025/12/04 15:14:31 Block Report Received
2025/12/04 15:14:41 Block Report Received
2025/12/04 15:14:51 Block Report Received
2025/12/04 15:15:01 Block Report Received
2025/12/04 15:15:11 Block Report Received
2025/12/04 15:15:21 Block Report Received
2025/12/04 15:15:31 Block Report Received
2025/12/04 15:15:41 Block Report Received
2025/12/04 15:15:51 Block Report Received
2025/12/04 15:16:01 Block Report Received
2025/12/04 15:16:11 Block Report Received
2025/12/04 15:16:21 Block Report Received
2025/12/04 15:16:31 Block Report Received
2025/12/04 15:16:41 Block Report Received
2025/12/04 15:16:51 Block Report Received
2025/12/04 15:17:01 Block Report Received
2025/12/04 15:17:11 Block Report Received
2025/12/04 15:17:21 Block Report Received
2025/12/04 15:17:31 Block Report Received
2025/12/04 15:17:41 Block Report Received
2025/12/04 15:17:51 Block Report Received
2025/12/04 15:18:01 Block Report Received
2025/12/04 15:18:11 Block Report Received
2025/12/04 15:18:21 Block Report Received
2025/12/04 15:18:31 Block Report Received
2025/12/04 15:18:41 Block Report Received
2025/12/04 15:18:51 Block Report Received
2025/12/04 15:19:01 Block Report Received
2025/12/04 15:19:11 Block Report Received
2025/12/04 15:19:21 Block Report Received
2025/12/04 15:19:31 Block Report Received
2025/12/04 15:19:41 Block Report Received
2025/12/04 15:19:51 Block Report Received
2025/12/04 15:20:01 Block Report Received
2025/12/04 15:20:11 Block Report Received
2025/12/04 15:20:21 Block Report Received
2025/12/04 15:20:31 Block Report Received
2025/12/04 15:20:41 Block Report Received
2025/12/04 15:20:51 Block Report Received
2025/12/04 15:21:01 Block Report Received
2025/12/04 15:21:11 Block Report Received
2025/12/04 15:21:21 Block Report Received
2025/12/04 15:21:31 Block Report Received
2025/12/04 15:21:41 Block Report Received
2025/12/04 15:21:51 Block Report Received
2025/12/04 15:22:01 Block Report Received
2025/12/04 15:22:11 Block Report Received
2025/12/04 15:22:21 Block Report Received
2025/12/04 15:22:31 Block Report Received
2025/12/04 15:22:41 Block Report Received
2025/12/04 15:22:51 Block Report Received
2025/12/04 15:23:01 Block Report Received
2025/12/04 15:23:11 Block Report Received
2025/12/04 15:23:21 Block Report Received
2025/12/04 15:23:31 Block Report Received
2025/12/04 15:23:41 Block Report Received
2025/12/04 15:23:51 Block Report Received
2025/12/04 15:24:01 Block Report Received
2025/12/04 15:24:11 Block Report Received
2025/12/04 15:24:21 Block Report Received
2025/12/04 15:24:31 Block Report Received
2025/12/04 15:24:41 Block Report Received
2025/12/04 15:24:51 Block Report Received
2025/12/04 15:25:01 Block Report Received
2025/12/04 15:25:11 Block Report Received
2025/12/04 15:25:21 Block Report Received
2025/12/04 15:25:31 Block Report Received
2025/12/04 15:25:41 Block Report Received
2025/12/04 15:25:51 Block Report Received
2025/12/04 15:26:01 Block Report Received
2025/12/04 15:26:11 Block Report Received
2025/12/04 15:26:21 Block Report Received
2025/12/04 15:26:31 Block Report Received
2025/12/04 15:26:41 Block Report Received
2025/12/04 15:26:51 Block Report Received
2025/12/04 15:27:01 Block Report Received
2025/12/04 15:27:11 Block Report Received
2025/12/04 15:27:21 Block Report Received
2025/12/04 15:27:31 Block Report Received
2025/12/04 15:27:41 Block Report Received
2025/12/04 15:27:51 Block Report Received
2025/12/04 15:28:01 Block Report Received
2025/12/04 15:28:11 Block Report Received
2025/12/04 15:28:21 Block Report Received
2025/12/04 15:28:31 Block Report Received
2025/12/04 15:28:41 Block Report Received
2025/12/04 15:28:51 Block Report Received
2025/12/04 15:29:01 Block Report Received
2025/12/04 15:29:11 Block Report Received
2025/12/04 15:29:21 Block Report Received
2025/12/04 15:29:31 Block Report Received
2025/12/04 15:29:41 Block Report Received
2025/12/04 15:29:51 Block Report Received
2025/12/04 15:30:01 Block Report Received
2025/12/04 15:30:11 Block Report Received
2025/12/04 15:30:21 Block Report Received
2025/12/04 15:30:31 Block Report Received
2025/12/04 15:30:41 Block Report Received
2025/12/04 15:30:51 Block Report Received
2025/12/04 15:31:01 Block Report Received
2025/12/04 15:31:11 Block Report Received
2025/12/04 15:31:21 Block Report Received
2025/12/04 15:31:31 Block Report Received
2025/12/04 15:31:41 Block Report Received
2025/12/04 15:31:51 Block Report Received
2025/12/04 15:32:01 Block Report Received
2025/12/04 15:32:11 Block Report Received
2025/12/04 15:32:21 Block Report Received
2025/12/04 15:32:31 Block Report Received
2025/12/04 15:32:41 Block Report Received
2025/12/04 15:32:51 Block Report Received
2025/12/04 15:33:01 Block Report Received
2025/12/04 15:33:11 Block Report Received
2025/12/04 15:33:21 Block Report Received
2025/12/04 15:33:31 Block Report Received
2025/12/04 15:33:41 Block Report Received
2025/12/04 15:33:51 Block Report Received
2025/12/04 15:34:01 Block Report Received
2025/12/04 15:34:11 Block Report Received
2025/12/04 15:34:21 Block Report Received
2025/12/04 15:34:31 Block Report Received
2025/12/04 15:34:41 Block Report Received
2025/12/04 15:34:51 Block Report Received
2025/12/04 15:35:01 Block Report Received
2025/12/04 15:35:11 Block Report Received
2025/12/04 15:35:21 Block Report Received
2025/12/04 15:35:31 Block Report Received
2025/12/04 15:35:41 Block Report Received
2025/12/04 15:35:51 Block Report Received
2025/12/04 15:36:01 Block Report Received
2025/12/04 15:36:11 Block Report Received
2025/12/04 15:36:21 Block Report Received
2025/12/04 15:36:31 Block Report Received
2025/12/04 15:36:41 Block Report Received
2025/12/04 16:13:36 Block Report Received
2025/12/04 16:13:37 Block Report Received
2025/12/04 16:13:46 Block Report Received
2025/12/04 16:13:56 Block Report Received
2025/12/04 16:14:06 Block Report Received
2025/12/04 16:14:16 Block Report Received
2025/12/04 16:14:26 Block Report Received
2025/12/04 16:14:36 Block Report Received
2025/12/04 16:14:46 Block Report Received
2025/12/04 16:14:56 Block Report Received
2025/12/04 16:15:06 Block Report Received
2025/12/04 16:15:16 Block Report Received
2025/12/04 16:15:26 Block Report Received
2025/12/04 16:15:36 Block Report Received
2025/12/04 16:15:46 Block Report Received
2025/12/04 16:15:56 Block Report Received
2025/12/04 16:16:06 Block Report Received
2025/12/04 16:16:16 Block Report Received
2025/12/04 16:16:26 Block Report Received
2025/12/04 16:16:36 Block Report Received
2025/12/04 16:16:46 Block Report Received
2025/12/04 16:16:56 Block Report Received
2025/12/04 16:17:06 Block Report Received
2025/12/04 16:17:16 Block Report Received
2025/12/04 16:17:26 Block Report Received
2025/12/04 16:17:36 Block Report Received
2025/12/04 16:17:46 Block Report Received
2025/12/04 16:17:56 Block Report Received
2025/12/04 16:18:06 Block Report Received
2025/12/04 16:18:16 Block Report Received
2025/12/04 16:18:26 Block Report Received
2025/12/04 16:18:36 Block Report Received
2025/12/04 16:18:46 Block Report Received
2025/12/04 16:18:56 Block Report Received
2025/12/04 16:19:06 Block Report Received
2025/12/04 16:19:16 Block Report Received
2025/12/04 16:19:26 Block Report Received
2025/12/04 16:19:36 Block Report Received
2025/12/04 16:19:46 Block Report Received
2025/12/04 16:19:56 Block Report Received
2025/12/04 16:20:06 Block Report Received
2025/12/04 16:20:16 Block Report Received
2025/12/04 16:20:26 Block Report Received
2025/12/04 16:20:36 Block Report Received
2025/12/04 16:20:46 Block Report Received
2025/12/04 16:20:56 Block Report Received
2025/12/04 16:21:06 Block Report Received
2025/12/04 16:21:16 Block Report Received
2025/12/04 16:21:26 Block Report Received
2025/12/04 16:21:36 Block Report Received
2025/12/04 16:21:46 Block Report Received
2025/12/04 16:21:56 Block Report Received
2025/12/04 16:22:06 Block Report Received
2025/12/04 16:22:16 Block Report Received
2025/12/04 16:22:26 Block Report Received
2025/12/04 16:22:36 Block Report Received
2025/12/04 16:22:46 Block Report Received
2025/12/04 16:22:56 Block Report Received
2025/12/04 16:23:06 Block Report Received
2025/12/04 16:23:16 Block Report Received
2025/12/04 16:23:26 Block Report Received
2025/12/04 16:23:36 Block Report Received
2025/12/04 16:23:46 Block Report Received
2025/12/04 16:23:56 Block Report Received
2025/12/04 16:24:06 Block Report Received
2025/12/04 16:24:16 Block Report Received
2025/12/04 16:24:26 Block Report Received
2025/12/04 16:24:36 Block Report Received
2025/12/04 16:24:46 Block Report Received
2025/12/04 16:24:56 Block Report Received
2025/12/04 16:25:06 Block Report Received
2025/12/04 16:25:16 Block Report Received
2025/12/04 16:25:26 Block Report Received
2025/12/04 16:25:36 Block Report Received
2025/12/04 16:25:46 Block Report Received
2025/12/04 16:25:56 Block Report Received
2025/12/04 16:26:06 Block Report Received
2025/12/04 16:26:16 Block Report Received
2025/12/04 16:26:26 Block Report Received
2025/12/04 16:26:36 Block Report Received
2025/12/04 16:26:46 Block Report Received
2025/12/04 16:26:56 Block Report Received
2025/12/04 16:27:06 Block Report Received
2025/12/04 16:27:16 Block Report Received
2025/12/04 16:27:26 Block Report Received
2025/12/04 16:27:36 Block Report Received
2025/12/04 16:27:46 Block Report Received
2025/12/04 16:27:56 Block Report Received
2025/12/04 16:28:06 Block Report Received
2025/12/04 16:28:16 Block Report Received
2025/12/04 16:28:26 Block Report Received
2025/12/04 16:28:36 Block Report Received
2025/12/04 16:28:46 Block Report Received
2025/12/04 16:28:56 Block Report Received
2025/12/04 16:29:06 Block Report Received
2025/12/04 16:29:16 Block Report Received
2025/12/04 16:29:26 Block Report Received
2025/12/04 16:29:36 Block Report Received
2025/12/04 16:29:46 Block Report Received
2025/12/04 16:29:56 Block Report Received
2025/12/04 16:48:03 Block Report Received
2025/12/04 16:48:05 Block Report Received
2025/12/04 16:48:14 Block Report Received
2025/12/04 16:48:25 Block Report Received
2025/12/04 16:48:35 Block Report Received
2025/12/04 16:48:45 Block Report Received
2025/12/04 16:48:54 Block Report Received
2025/12/04 16:49:04 Block Report Received
2025/12/04 16:49:14 Block Report Received
2025/12/04 16:49:24 Block Report Received
2025/12/04 16:49:34 Block Report Received
2025/12/04 16:49:44 Block Report Received
2025/12/04 16:49:54 Block Report Received
2025/12/04 16:50:04 Block Report Received
2025/12/04 16:50:14 Block Report Received
2025/12/04 16:50:24 Block Report Received
2025/12/04 16:50:34 Block Report Received
2025/12/04 16:50:44 Block Report Received
2025/12/04 16:50:54 Block Report Received
2025/12/04 16:51:04 Block Report Received
2025/12/04 16:51:14 Block Report Received
2025/12/04 16:51:24 Block Report Received
2025/12/04 16:51:34 Block Report Received
2025/12/04 16:51:44 Block Report Received
2025/12/04 16:51:54 Block Report Received
2025/12/04 16:52:04 Block Report Received
2025/12/04 16:52:14 Block Report Received
2025/12/04 16:52:24 Block Report Received
2025/12/04 16:52:34 Block Report Received
2025/12/04 16:52:44 Block Report Received
2025/12/04 16:52:54 Block Report Received
2025/12/04 16:53:04 Block Report Received
2025/12/04 16:53:14 Block Report Received
2025/12/04 16:53:24 Block Report Received
2025/12/04 16:53:34 Block Report Received
2025/12/04 16:53:44 Block Report Received
2025/12/04 16:53:54 Block Report Received
2025/12/04 16:54:04 Block Report Received
2025/12/04 16:54:14 Block Report Received
2025/12/04 16:54:24 Block Report Received
2025/12/04 16:54:34 Block Report Received
2025/12/04 16:54:44 Block Report Received
2025/12/04 16:54:54 Block Report Received
2025/12/04 16:55:04 Block Report Received
2025/12/04 16:55:14 Block Report Received
2025/12/04 16:55:24 Block Report Received
2025/12/04 16:55:34 Block Report Received
2025/12/04 16:55:44 Block Report Received
2025/12/04 16:55:54 Block Report Received
2025/12/04 16:56:04 Block Report Received
2025/12/04 16:56:14 Block Report Received
2025/12/04 16:56:24 Block Report Received
2025/12/04 16:56:34 Block Report Received
2025/12/04 16:56:44 Block Report Received
2025/12/04 16:56:54 Block Report Received
2025/12/04 16:57:04 Block Report Received
2025/12/04 16:57:14 Block Report Received
2025/12/04 16:57:24 Block Report Received
2025/12/04 16:57:34 Block Report Received
2025/12/04 16:57:44 Block Report Received
2025/12/04 16:57:54 Block Report Received
2025/12/04 16:58:04 Block Report Received
2025/12/04 16:58:14 Block Report Received
2025/12/04 16:58:24 Block Report Received
2025/12/04 16:58:34 Block Report Received
2025/12/04 16:58:44 Block Report Received
2025/12/04 16:58:54 Block Report Received
2025/12/04 16:59:04 Block Report Received
2025/12/04 16:59:14 Block Report Received
2025/12/04 16:59:24 Block Report Received
2025/12/04 16:59:34 Block Report Received
2025/12/04 16:59:44 Block Report Received
2025/12/04 16:59:54 Block Report Received
2025/12/04 17:00:04 Block Report Received
2025/12/04 17:00:14 Block Report Received
2025/12/04 17:00:24 Block Report Received
2025/12/04 17:00:34 Block Report Received
2025/12/04 17:00:44 Block Report Received
2025/12/04 17:00:54 Block Report Received
2025/12/04 17:01:04 Block Report Received
2025/12/04 17:01:14 Block Report Received
2025/12/04 17:01:24 Block Report Received
2025/12/04 17:01:34 Block Report Received
2025/12/04 17:01:44 Block Report Received
2025/12/04 17:01:54 Block Report Received
2025/12/04 17:02:04 Block Report Received
2025/12/04 17:02:14 Block Report Received
2025/12/04 17:02:24 Block Report Received
2025/12/04 17:02:34 Block Report Received
2025/12/04 17:02:44 Block Report Received
2025/12/04 17:02:54 Block Report Received
2025/12/04 17:03:04 Block Report Received
2025/12/04 17:03:14 Block Report Received
2025/12/04 17:03:24 Block Report Received
2025/12/04 17:03:34 Block Report Received
2025/12/05 12:32:30 Block Report Received
2025/12/05 12:32:31 Block Report Received
2025/12/05 12:32:33 Block Report Received
2025/12/05 12:32:43 Block Report Received
2025/12/05 12:32:53 Block Report Received
2025/12/05 12:33:03 Block Report Received
2025/12/05 12:33:13 Block Report Received
2025/12/05 12:33:23 Block Report Received
2025/12/05 12:33:32 Block Report Received
2025/12/15 09:35:50 Block Report Received
2025/12/15 09:35:59 Block Report Received
2025/12/15 09:36:09 Block Report Received
2025/12/15 09:36:19 Block Report Received
2025/12/15 09:36:29 Block Report Received
2025/12/15 09:36:39 Block Report Received
2025/12/15 09:36:49 Block Report Received
2025/12/15 09:36:59 Block Report Received
2025/12/15 09:37:09 Block Report Received
2025/12/15 09:37:19 Block Report Received
2025/12/15 09:37:29 Block Report Received
2025/12/15 09:37:39 Block Report Received
2025/12/15 09:37:49 Block Report Received
2025/12/15 09:37:59 Block Report Received
2025/12/15 09:38:09 Block Report Received
2025/12/15 09:38:19 Block Report Received
2025/12/15 09:38:29 Block Report Received
2025/12/15 09:38:39 Block Report Received
2025/12/15 09:38:49 Block Report Received
2025/12/15 09:38:59 Block Report Received
2025/12/15 09:39:10 Block Report Received
2025/12/15 09:39:24 Block Report Received
2025/12/15 09:39:30 Block Report Received
2025/12/15 09:39:41 Block Report Received
2025/12/15 09:39:51 Block Report Received
2025/12/15 09:40:00 Block Report Received
2025/12/15 09:40:09 Block Report Received
2025/12/15 09:40:19 Block Report Received
2025/12/15 09:40:29 Block Report Received
2025/12/15 09:40:39 Block Report Received
2025/12/15 09:40:49 Block Report Received
2025/12/15 09:40:59 Block Report Received
2025/12/15 09:41:09 Block Report Received
2025/12/15 09:41:19 Block Report Received
2025/12/15 09:41:29 Block Report Received
2025/12/15 09:41:39 Block Report Received
2025/12/15 09:41:49 Block Report Received
2025/12/15 09:41:59 Block Report Received
2025/12/15 09:42:09 Block Report Received
2025/12/15 09:42:19 Block Report Received
2025/12/15 09:42:29 Block Report Received
2025/12/15 09:42:39 Block Report Received
2025/12/15 09:42:49 Block Report Received
2025/12/15 09:42:59 Block Report Received
2025/12/15 09:43:09 Block Report Received
2025/12/15 09:43:19 Block Report Received
2025/12/15 09:43:29 Block Report Received
2025/12/15 09:43:39 Block Report Received
2025/12/15 09:43:49 Block Report Received
2025/12/15 09:43:59 Block Report Received
2025/12/15 09:44:09 Block Report Received
2025/12/15 09:44:19 Block Report Received
2025/12/15 09:44:29 Block Report Received
2025/12/15 09:44:39 Block Report Received
2025/12/15 09:44:49 Block Report Received
2025/12/15 09:44:59 Block Report Received
2025/12/15 09:45:09 Block Report Received
2025/12/15 09:45:19 Block Report Received
2025/12/15 09:45:29 Block Report Received
2025/12/15 09:45:39 Block Report Received
2025/12/15 09:45:49 Block Report Received
2025/12/15 09:45:59 Block Report Received
2025/12/15 09:46:09 Block Report Received
2025/12/15 09:46:19 Block Report Received
2025/12/15 09:46:29 Block Report Received
2025/12/15 09:46:39 Block Report Received
2025/12/15 09:46:49 Block Report Received
2025/12/15 09:46:59 Block Report Received
2025/12/15 09:47:09 Block Report Received
2025/12/15 09:47:19 Block Report Received
2025/12/15 09:47:29 Block Report Received
2025/12/15 09:47:39 Block Report Received
2025/12/15 09:47:49 Block Report Received
2025/12/15 09:47:59 Block Report Received
2025/12/15 09:48:09 Block Report Received
2025/12/15 09:48:19 Block Report Received
2025/12/15 09:48:29 Block Report Received
2025/12/15 09:48:39 Block Report Received
2025/12/15 09:48:49 Block Report Received
2025/12/15 09:48:59 Block Report Received
2025/12/15 09:49:09 Block Report Received
2025/12/15 09:49:19 Block Report Received
2025/12/15 09:49:29 Block Report Received
2025/12/15 09:49:39 Block Report Received
2025/12/15 09:49:49 Block Report Received
2025/12/15 09:49:59 Block Report Received
2025/12/15 09:50:09 Block Report Received
2025/12/15 09:50:19 Block Report Received
2025/12/15 09:50:29 Block Report Received
2025/12/15 09:50:39 Block Report Received
2025/12/15 09:50:49 Block Report Received
2025/12/15 09:50:59 Block Report Received
2025/12/15 09:51:09 Block Report Received
2025/12/15 09:51:19 Block Report Received
2025/12/15 09:51:29 Block Report Received
2025/12/15 09:51:39 Block Report Received
2025/12/15 09:51:49 Block Report Received
2025/12/15 09:51:59 Block Report Received
2025/12/15 09:52:09 Block Report Received
2025/12/15 09:52:19 Block Report Received
2025/12/15 09:52:29 Block Report Received
2025/12/15 09:52:39 Block Report Received
2025/12/15 09:52:49 Block Report Received
2025/12/15 09:52:59 Block Report Received
2025/12/15 09:53:09 Block Report Received
2025/12/15 09:53:19 Block Report Received
2025/12/15 09:53:29 Block Report Received
2025/12/15 09:53:39 Block Report Received
2025/12/15 09:53:49 Block Report Received
2025/12/15 09:53:59 Block Report Received
2025/12/15 09:54:09 Block Report Received
2025/12/15 09:54:19 Block Report Received
2025/12/15 09:54:29 Block Report Received
2025/12/15 09:54:39 Block Report Received
2025/12/15 09:54:49 Block Report Received
2025/12/15 09:54:59 Block Report Received
2025/12/15 09:55:09 Block Report Received
2025/12/15 09:55:19 Block Report Received
2025/12/15 09:55:29 Block Report Received
2025/12/15 09:55:39 Block Report Received
2025/12/15 09:55:49 Block Report Received
2025/12/15 09:55:59 Block Report Received
2025/12/15 09:56:09 Block Report Received
2025/12/15 09:56:19 Block Report Received
2025/12/15 09:56:29 Block Report Received
2025/12/15 09:56:39 Block Report Received
2025/12/15 09:56:49 Block Report Received
2025/12/15 09:56:59 Block Report Received
2025/12/15 09:57:09 Block Report Received
2025/12/15 09:57:19 Block Report Received
2025/12/15 09:57:29 Block Report Received
2025/12/15 09:57:39 Block Report Received
2025/12/15 09:57:49 Block Report Received
2025/12/15 09:57:59 Block Report Received
2025/12/15 09:58:09 Block Report Received
2025/12/15 09:58:19 Block Report Received
2025/12/15 09:58:29 Block Report Received
2025/12/15 09:58:39 Block Report Received
2025/12/15 09:58:49 Block Report Received
2025/12/15 09:58:59 Block Report Received
2025/12/15 09:59:09 Block Report Received
2025/12/15 09:59:19 Block Report Received
2025/12/15 09:59:29 Block Report Received
2025/12/15 09:59:39 Block Report Received
2025/12/15 09:59:49 Block Report Received
2025/12/15 09:59:59 Block Report Received
2025/12/15 10:00:09 Block Report Received
2025/12/15 10:00:19 Block Report Received
2025/12/15 10:00:29 Block Report Received
2025/12/15 10:00:39 Block Report Received
2025/12/15 10:00:49 Block Report Received
2025/12/15 10:00:59 Block Report Received
2025/12/15 10:01:09 Block Report Received
2025/12/15 10:01:19 Block Report Received
2025/12/15 10:01:29 Block Report Received
2025/12/15 10:01:39 Block Report Received
2025/12/15 10:01:49 Block Report Received
2025/12/15 10:01:59 Block Report Received
2025/12/15 10:02:09 Block Report Received
2025/12/15 10:02:19 Block Report Received
2025/12/15 10:02:29 Block Report Received
2025/12/15 10:02:39 Block Report Received
2025/12/15 10:02:49 Block Report Received
2025/12/15 10:02:59 Block Report Received
2025/12/15 10:03:09 Block Report Received
2025/12/15 10:03:19 Block Report Received
2025/12/15 10:03:29 Block Report Received
2025/12/15 10:03:39 Block Report Received
2025/12/15 10:03:49 Block Report Received
2025/12/15 10:03:59 Block Report Received
2025/12/15 10:04:09 Block Report Received
2025/12/15 10:04:19 Block Report Received
2025/12/15 10:04:29 Block Report Received
2025/12/15 10:04:39 Block Report Received
2025/12/15 10:04:49 Block Report Received
2025/12/15 10:04:59 Block Report Received
2025/12/15 10:05:09 Block Report Received
2025/12/15 10:05:19 Block Report Received
2025/12/15 10:05:29 Block Report Received
2025/12/15 10:05:39 Block Report Received
2025/12/15 10:05:49 Block Report Received
2025/12/15 10:05:59 Block Report Received
2025/12/15 10:06:09 Block Report Received
2025/12/15 10:06:19 Block Report Received
2025/12/15 10:06:29 Block Report Received
2025/12/15 10:06:39 Block Report Received
2025/12/15 10:06:49 Block Report Received
2025/12/15 10:06:59 Block Report Received
2025/12/15 10:07:09 Block Report Received
2025/12/15 10:07:19 Block Report Received
2025/12/15 10:07:29 Block Report Received
2025/12/15 10:07:39 Block Report Received
2025/12/15 10:07:49 Block Report Received
2025/12/15 10:07:59 Block Report Received
2025/12/15 10:08:09 Block Report Received
2025/12/15 10:08:19 Block Report Received
2025/12/15 10:08:29 Block Report Received
2025/12/15 10:08:39 Block Report Received
2025/12/15 10:08:49 Block Report Received
2025/12/15 10:08:59 Block Report Received
2025/12/15 10:09:09 Block Report Received
2025/12/15 10:09:19 Block Report Received
2025/12/15 10:09:29 Block Report Received
2025/12/15 10:09:39 Block Report Received
2025/12/15 10:09:49 Block Report Received
2025/12/15 10:09:59 Block Report Received
2025/12/15 10:10:09 Block Report Received
2025/12/15 10:10:19 Block Report Received
2025/12/15 10:10:29 Block Report Received
2025/12/15 10:10:39 Block Report Received
2025/12/15 10:10:49 Block Report Received
2025/12/15 10:10:59 Block Report Received
