2025/12/03 14:38:43 Loaded existing DataNode ID: cfe8a8f2-54f8-4835-a1d4-5943e88c9b03
2025/12/03 14:38:43 ✅ DataNode cfe8a8f2-54f8-4835-a1d4-5943e88c9b03 initialized at datanode-files/port_8004/cfe8a8f2-54f8-4835-a1d4-5943e88c9b03, found 1177 blocks
2025/12/03 14:38:43 ✅ Connected to primary NameNode at localhost:8080
2025/12/03 14:38:43 🔗 DataNode connected to NameNode at localhost:8080
2025/12/03 14:38:43 🧩 DataNode cfe8a8f2-54f8-4835-a1d4-5943e88c9b03 registration status: Registered
2025/12/03 14:38:43 🔄 Auto-reconnect monitoring started
2025/12/03 14:38:43 Datanode with id = cfe8a8f2-54f8-4835-a1d4-5943e88c9b03 is listening on port :8004
2025/12/03 14:38:48 Block 1163fd8b-81ff-4830-97a9-c8ba5a0d2c5a saved successfully on DataNode cfe8a8f2-54f8-4835-a1d4-5943e88c9b03
2025/12/03 14:38:53 Block Report Received
2025/12/03 14:38:54 datanode-files/port_8004/cfe8a8f2-54f8-4835-a1d4-5943e88c9b03/1163fd8b-81ff-4830-97a9-c8ba5a0d2c5a.txt
2025/12/03 14:39:03 ⚠️  Failed to send block report: rpc error: code = Unavailable desc = connection error: desc = "transport: Error while dialing: dial tcp 127.0.0.1:8080: connect: connection refused"
2025/12/03 14:39:03 ⚠️  Connection to NameNode lost: rpc error: code = Unavailable desc = connection error: desc = "transport: Error while dialing: dial tcp 127.0.0.1:8080: connect: connection refused"
2025/12/03 14:39:03 🔄 Attempting to reconnect...
2025/12/03 14:39:07 ⚠️  Primary NameNode localhost:8080 unavailable, trying alternates...
2025/12/03 14:39:07 ✅ Connected to NameNode at localhost:8081
2025/12/03 14:39:07 ✅ Reconnected to NameNode at localhost:8081
2025/12/03 14:39:07 🧩 DataNode cfe8a8f2-54f8-4835-a1d4-5943e88c9b03 registration status: Registered
2025/12/03 14:39:07 🔄 Block report restarted
2025/12/03 14:39:17 Block Report Received
2025/12/03 14:39:25 datanode-files/port_8004/cfe8a8f2-54f8-4835-a1d4-5943e88c9b03/1163fd8b-81ff-4830-97a9-c8ba5a0d2c5a.txt
2025/12/03 14:39:27 Block Report Received
2025/12/03 14:39:28 Block 22a8bd89-f929-460b-b785-67596f614348 saved successfully on DataNode cfe8a8f2-54f8-4835-a1d4-5943e88c9b03
2025/12/03 14:39:37 Block Report Received
2025/12/03 14:39:47 Block Report Received
2025/12/03 14:39:57 Block Report Received
2025/12/03 14:40:07 Block Report Received
2025/12/03 14:40:17 Block Report Received
2025/12/03 14:40:27 Block Report Received
2025/12/03 14:40:37 Block Report Received
2025/12/03 14:40:47 Block Report Received
2025/12/03 14:40:57 Block Report Received
2025/12/03 14:41:07 Block Report Received
2025/12/03 14:41:17 Block Report Received
2025/12/03 14:41:27 Block Report Received
2025/12/03 14:41:37 Block Report Received
2025/12/03 14:41:47 Block Report Received
2025/12/03 14:41:57 Block Report Received
2025/12/03 14:42:07 Block Report Received
2025/12/03 14:42:17 Block Report Received
2025/12/03 14:42:27 Block Report Received
2025/12/03 14:42:37 Block Report Received
2025/12/03 14:42:47 Block Report Received
2025/12/03 14:42:57 Block Report Received
2025/12/03 14:43:07 Block Report Received
2025/12/03 14:43:17 Block Report Received
2025/12/03 14:43:27 Block Report Received
2025/12/03 14:43:37 Block Report Received
2025/12/03 14:43:47 Block Report Received
2025/12/03 14:43:57 Block Report Received
2025/12/03 14:44:07 Block Report Received
2025/12/03 14:44:17 Block Report Received
2025/12/03 14:44:27 Block Report Received
2025/12/03 14:44:37 Block Report Received
2025/12/03 14:44:47 Block Report Received
2025/12/03 14:44:57 Block Report Received
2025/12/03 14:45:07 Block Report Received
2025/12/03 14:45:17 Block Report Received
2025/12/03 14:45:27 Block Report Received
2025/12/03 14:45:37 Block Report Received
2025/12/03 14:45:47 Block Report Received
2025/12/03 14:45:57 Block Report Received
2025/12/03 14:46:07 Block Report Received
2025/12/03 14:46:17 Block Report Received
2025/12/03 14:46:27 Block Report Received
2025/12/03 14:46:37 Block Report Received
2025/12/03 14:46:47 Block Report Received
2025/12/03 14:46:57 Block Report Received
2025/12/03 14:47:07 Block Report Received
2025/12/03 14:47:17 Block Report Received
2025/12/03 14:47:27 Block Report Received
2025/12/03 14:47:37 Block Report Received
2025/12/03 14:47:47 Block Report Received
2025/12/03 14:47:57 Block Report Received
2025/12/03 14:48:07 Block Report Received
2025/12/03 14:48:17 Block Report Received
2025/12/03 14:48:27 Block Report Received
2025/12/03 14:48:37 Block Report Received
2025/12/03 14:48:47 Block Report Received
2025/12/03 14:48:57 Block Report Received
2025/12/03 14:49:07 Block Report Received
2025/12/03 14:49:17 Block Report Received
2025/12/03 14:49:27 Block Report Received
2025/12/03 14:49:37 Block Report Received
2025/12/03 14:49:47 Block Report Received
2025/12/03 14:49:57 Block Report Received
2025/12/03 14:50:07 Block Report Received
2025/12/03 14:50:17 Block Report Received
2025/12/03 14:50:27 Block Report Received
2025/12/03 14:50:37 Block Report Received
2025/12/03 14:50:47 Block Report Received
2025/12/03 14:50:57 Block Report Received
2025/12/03 14:51:07 Block Report Received
2025/12/03 14:51:17 Block Report Received
2025/12/03 14:51:27 Block Report Received
2025/12/03 14:51:37 Block Report Received
2025/12/03 14:51:47 Block Report Received
2025/12/03 14:51:57 Block Report Received
2025/12/03 14:52:07 Block Report Received
2025/12/03 14:52:17 Block Report Received
2025/12/03 14:52:27 Block Report Received
2025/12/03 14:52:37 Block Report Received
2025/12/03 14:52:47 Block Report Received
2025/12/03 14:52:57 Block Report Received
2025/12/03 14:53:07 Block Report Received
2025/12/03 14:53:17 Block Report Received
2025/12/03 14:53:27 Block Report Received
2025/12/03 14:53:37 Block Report Received
2025/12/03 14:53:47 Block Report Received
2025/12/03 14:53:57 Block Report Received
2025/12/03 14:54:07 Block Report Received
2025/12/03 14:54:17 Block Report Received
2025/12/03 14:54:27 Block Report Received
2025/12/03 14:54:38 Block Report Received
2025/12/03 14:54:47 Block Report Received
2025/12/03 14:54:57 Block Report Received
2025/12/03 14:55:07 Block Report Received
2025/12/03 14:55:17 Block Report Received
2025/12/03 14:55:27 Block Report Received
2025/12/03 14:55:37 Block Report Received
2025/12/03 14:55:47 Block Report Received
2025/12/03 14:55:57 Block Report Received
2025/12/03 14:56:07 Block Report Received
2025/12/03 14:56:17 Block Report Received
2025/12/03 14:56:27 Block Report Received
2025/12/03 14:56:37 Block Report Received
2025/12/03 14:56:47 Block Report Received
2025/12/03 14:56:57 Block Report Received
2025/12/03 14:57:07 Block Report Received
2025/12/03 14:57:17 Block Report Received
2025/12/03 14:57:27 Block Report Received
2025/12/03 14:57:37 Block Report Received
2025/12/03 14:57:47 Block Report Received
2025/12/03 14:57:57 Block Report Received
2025/12/03 14:58:07 Block Report Received
2025/12/03 14:58:17 Block Report Received
2025/12/03 14:58:27 Block Report Received
2025/12/03 14:58:37 Block Report Received
2025/12/03 14:58:47 Block Report Received
2025/12/03 14:58:57 Block Report Received
2025/12/03 14:59:07 Block Report Received
2025/12/03 14:59:17 Block Report Received
2025/12/03 14:59:27 Block Report Received
2025/12/03 14:59:37 Block Report Received
2025/12/03 14:59:47 Block Report Received
2025/12/03 14:59:57 Block Report Received
2025/12/03 15:00:07 Block Report Received
2025/12/03 15:00:17 Block Report Received
2025/12/03 15:00:27 Block Report Received
2025/12/03 15:00:37 Block Report Received
2025/12/03 15:00:47 Block Report Received
2025/12/03 15:00:57 Block Report Received
2025/12/03 15:01:07 Block Report Received
2025/12/03 15:01:17 Block Report Received
2025/12/03 15:01:27 Block Report Received
2025/12/03 15:01:37 Block Report Received
2025/12/03 15:01:47 Block Report Received
2025/12/03 15:01:57 Block Report Received
2025/12/03 15:02:07 Block Report Received
2025/12/03 15:02:17 Block Report Received
2025/12/03 15:02:27 Block Report Received
2025/12/03 15:02:37 Block Report Received
2025/12/03 15:02:47 Block Report Received
2025/12/03 15:02:57 Block Report Received
2025/12/03 15:03:07 Block Report Received
2025/12/03 15:03:17 Block Report Received
2025/12/03 15:03:27 Block Report Received
2025/12/03 15:03:37 Block Report Received
2025/12/03 15:03:47 Block Report Received
2025/12/03 15:03:57 Block Report Received
2025/12/03 15:04:07 Block Report Received
2025/12/03 15:04:17 Block Report Received
2025/12/03 15:04:27 Block Report Received
2025/12/03 15:04:37 Block Report Received
2025/12/03 15:04:47 Block Report Received
2025/12/03 15:04:57 Block Report Received
2025/12/03 15:05:07 Block Report Received
2025/12/03 15:05:17 Block Report Received
2025/12/03 15:05:27 Block Report Received
2025/12/03 15:05:37 Block Report Received
2025/12/03 15:05:47 Block Report Received
2025/12/03 15:05:57 Block Report Received
2025/12/03 15:06:07 Block Report Received
2025/12/03 15:06:17 Block Report Received
2025/12/03 15:06:27 Block Report Received
2025/12/03 15:06:37 Block Report Received
2025/12/03 15:07:15 Block Report Received
2025/12/03 15:07:19 Block Report Received
2025/12/03 15:07:20 Block Report Received
2025/12/03 15:07:28 Block Report Received
2025/12/03 15:07:47 Block Report Received
2025/12/03 15:07:55 Block Report Received
2025/12/03 15:07:57 Block Report Received
2025/12/03 15:08:07 Block Report Received
2025/12/03 15:08:17 Block Report Received
2025/12/03 15:08:27 Block Report Received
2025/12/03 15:08:37 Block Report Received
2025/12/03 15:08:47 Block Report Received
2025/12/03 15:08:57 Block Report Received
2025/12/03 15:09:07 Block Report Received
2025/12/03 15:09:17 Block Report Received
2025/12/03 15:09:27 Block Report Received
2025/12/03 15:09:37 Block Report Received
2025/12/03 15:09:47 Block Report Received
2025/12/03 15:09:57 Block Report Received
2025/12/03 15:10:07 Block Report Received
2025/12/03 15:10:17 Block Report Received
2025/12/03 15:10:27 Block Report Received
2025/12/03 15:10:37 Block Report Received
2025/12/03 15:10:47 Block Report Received
2025/12/03 15:10:57 Block Report Received
2025/12/03 15:11:07 Block Report Received
2025/12/03 15:11:17 Block Report Received
2025/12/03 15:11:27 Block Report Received
2025/12/03 15:11:37 Block Report Received
2025/12/03 15:11:47 Block Report Received
2025/12/03 15:11:57 Block Report Received
2025/12/03 15:12:07 Block Report Received
2025/12/03 15:12:17 Block Report Received
2025/12/03 15:12:27 Block Report Received
2025/12/03 15:12:37 Block Report Received
2025/12/03 15:12:47 Block Report Received
2025/12/03 15:12:57 Block Report Received
2025/12/03 15:13:07 Block Report Received
2025/12/03 15:13:17 Block Report Received
2025/12/03 15:13:27 Block Report Received
2025/12/03 15:13:37 Block Report Received
2025/12/03 15:13:47 Block Report Received
2025/12/03 15:13:57 Block Report Received
2025/12/03 15:14:07 Block Report Received
2025/12/03 15:14:17 Block Report Received
2025/12/03 15:14:27 Block Report Received
2025/12/03 15:14:37 Block Report Received
2025/12/03 15:14:47 Block Report Received
2025/12/03 15:14:57 Block Report Received
2025/12/03 15:15:07 Block Report Received
2025/12/03 15:15:17 Block Report Received
2025/12/03 15:15:27 Block Report Received
2025/12/03 15:15:37 Block Report Received
2025/12/03 15:15:47 Block Report Received
2025/12/03 15:15:57 Block Report Received
2025/12/03 15:16:07 Block Report Received
2025/12/03 15:16:17 Block Report Received
2025/12/03 15:16:27 Block Report Received
2025/12/03 15:16:37 Block Report Received
2025/12/03 15:16:47 Block Report Received
2025/12/03 15:16:57 Block Report Received
2025/12/03 15:17:07 Block Report Received
2025/12/03 15:17:17 Block Report Received
2025/12/03 15:17:27 Block Report Received
2025/12/03 15:17:37 Block Report Received
2025/12/03 15:17:47 Block Report Received
2025/12/03 15:17:57 Block Report Received
2025/12/03 15:18:07 Block Report Received
2025/12/03 15:18:17 Block Report Received
2025/12/03 15:18:27 Block Report Received
2025/12/03 15:18:37 Block Report Received
2025/12/03 15:18:47 Block Report Received
2025/12/03 15:18:57 Block Report Received
2025/12/03 15:19:07 Block Report Received
2025/12/03 15:19:17 Block Report Received
2025/12/03 15:19:27 Block Report Received
2025/12/03 15:19:37 Block Report Received
2025/12/03 15:19:47 Block Report Received
2025/12/03 15:19:57 Block Report Received
2025/12/03 15:20:07 Block Report Received
2025/12/03 15:20:17 Block Report Received
2025/12/03 15:20:27 Block Report Received
2025/12/03 15:20:37 Block Report Received
2025/12/03 15:20:47 Block Report Received
2025/12/03 15:20:57 Block Report Received
2025/12/03 15:21:07 Block Report Received
2025/12/03 15:21:17 Block Report Received
2025/12/03 15:21:27 Block Report Received
2025/12/03 15:21:37 Block Report Received
2025/12/03 15:21:47 Block Report Received
2025/12/03 15:21:57 Block Report Received
2025/12/03 15:22:07 Block Report Received
2025/12/03 15:22:17 Block Report Received
2025/12/03 15:22:27 Block Report Received
2025/12/03 15:22:37 Block Report Received
2025/12/03 15:22:47 Block Report Received
2025/12/03 15:22:57 Block Report Received
2025/12/03 15:23:07 Block Report Received
2025/12/03 15:23:17 Block Report Received
2025/12/03 15:23:27 Block Report Received
2025/12/03 15:23:37 Block Report Received
2025/12/03 15:23:47 Block Report Received
2025/12/03 15:23:57 Block Report Received
2025/12/03 15:24:07 Block Report Received
2025/12/03 15:24:17 Block Report Received
2025/12/03 15:24:27 Block Report Received
2025/12/03 15:24:37 Block Report Received
2025/12/03 15:24:47 Block Report Received
2025/12/03 15:24:57 Block Report Received
2025/12/03 15:25:07 Block Report Received
2025/12/03 15:25:17 Block Report Received
2025/12/03 15:25:27 Block Report Received
2025/12/03 15:25:37 Block Report Received
2025/12/03 15:25:47 Block Report Received
2025/12/03 15:25:57 Block Report Received
2025/12/03 15:26:07 Block Report Received
2025/12/03 15:26:17 Block Report Received
2025/12/03 15:26:27 Block Report Received
2025/12/03 15:26:37 Block Report Received
2025/12/03 15:26:47 Block Report Received
2025/12/03 15:26:57 Block Report Received
2025/12/03 15:27:07 Block Report Received
2025/12/03 15:27:17 Block Report Received
2025/12/03 15:27:27 Block Report Received
2025/12/03 15:27:37 Block Report Received
2025/12/03 15:27:47 Block Report Received
2025/12/03 15:27:57 Block Report Received
2025/12/03 15:28:07 Block Report Received
2025/12/03 15:28:17 Block Report Received
2025/12/03 15:28:27 Block Report Received
2025/12/03 15:28:37 Block Report Received
2025/12/03 15:28:48 Block Report Received
2025/12/03 15:28:58 Block Report Received
2025/12/03 15:29:07 Block Report Received
2025/12/03 15:29:18 Block Report Received
2025/12/03 15:29:27 Block Report Received
2025/12/03 15:29:37 Block Report Received
2025/12/03 15:29:47 Block Report Received
2025/12/03 15:29:57 Block Report Received
2025/12/03 15:30:07 Block Report Received
2025/12/03 15:30:17 Block Report Received
2025/12/03 15:30:27 Block Report Received
2025/12/03 15:30:37 Block Report Received
2025/12/03 15:30:47 Block Report Received
2025/12/03 15:30:57 Block Report Received
2025/12/03 15:31:07 Block Report Received
2025/12/03 15:31:17 Block Report Received
2025/12/03 15:31:27 Block Report Received
2025/12/03 15:31:37 Block Report Received
2025/12/03 15:31:47 Block Report Received
2025/12/03 15:31:57 Block Report Received
2025/12/03 15:32:07 Block Report Received
2025/12/03 15:32:17 Block Report Received
2025/12/03 15:32:27 Block Report Received
2025/12/03 15:32:37 Block Report Received
2025/12/03 15:32:47 Block Report Received
2025/12/03 15:32:57 Block Report Received
2025/12/03 15:33:07 Block Report Received
2025/12/03 15:33:17 Block Report Received
2025/12/03 15:33:27 Block Report Received
2025/12/03 15:33:37 Block Report Received
2025/12/03 15:33:47 Block Report Received
2025/12/03 15:33:57 Block Report Received
2025/12/03 15:34:07 Block Report Received
2025/12/03 15:34:17 Block Report Received
2025/12/03 15:34:27 Block Report Received
2025/12/03 15:34:37 Block Report Received
2025/12/03 15:34:47 Block Report Received
2025/12/03 15:34:57 Block Report Received
2025/12/03 15:35:07 Block Report Received
2025/12/03 15:35:17 Block Report Received
2025/12/03 15:35:27 Block Report Received
2025/12/03 15:35:37 Block Report Received
2025/12/03 15:35:47 Block Report Received
2025/12/03 15:35:57 Block Report Received
2025/12/03 15:36:07 Block Report Received
2025/12/03 15:36:17 Block Report Received
2025/12/03 15:36:27 Block Report Received
2025/12/03 15:36:37 Block Report Received
2025/12/03 15:36:47 Block Report Received
2025/12/03 15:36:57 Block Report Received
2025/12/03 15:37:07 Block Report Received
2025/12/03 15:37:17 Block Report Received
2025/12/03 15:37:27 Block Report Received
2025/12/03 15:37:37 Block Report Received
2025/12/03 15:37:47 Block Report Received
2025/12/03 15:37:57 Block Report Received
2025/12/03 15:38:07 Block Report Received
2025/12/03 15:38:17 Block Report Received
2025/12/03 15:38:27 Block Report Received
2025/12/03 15:38:37 Block Report Received
2025/12/03 15:38:47 Block Report Received
2025/12/03 15:38:57 Block Report Received
2025/12/03 15:39:07 Block Report Received
2025/12/03 15:39:17 Block Report Received
2025/12/03 15:39:27 Block Report Received
2025/12/03 15:39:37 Block Report Received
2025/12/03 15:39:47 Block Report Received
2025/12/03 15:39:57 Block Report Received
2025/12/03 15:40:07 Block Report Received
2025/12/03 15:40:17 Block Report Received
2025/12/03 15:40:27 Block Report Received
2025/12/03 15:40:37 Block Report Received
2025/12/03 15:40:47 Block Report Received
2025/12/03 15:40:57 Block Report Received
2025/12/03 15:41:07 Block Report Received
2025/12/03 15:41:17 Block Report Received
2025/12/03 15:41:27 Block Report Received
2025/12/03 15:41:37 Block Report Received
2025/12/03 15:41:49 Block Report Received
2025/12/03 15:41:57 Block Report Received
2025/12/03 15:42:07 Block Report Received
2025/12/03 15:42:17 Block Report Received
2025/12/03 15:42:27 Block Report Received
2025/12/03 15:42:37 Block Report Received
2025/12/03 15:42:47 Block Report Received
2025/12/03 15:42:57 Block Report Received
2025/12/03 15:43:07 Block Report Received
2025/12/03 15:43:17 Block Report Received
2025/12/03 15:43:27 Block Report Received
2025/12/03 15:43:37 Block Report Received
2025/12/03 15:43:47 Block Report Received
2025/12/03 15:43:57 Block Report Received
2025/12/03 15:44:07 Block Report Received
2025/12/03 15:44:17 Block Report Received
2025/12/03 15:44:27 Block Report Received
2025/12/03 15:44:37 Block Report Received
2025/12/03 15:44:47 Block Report Received
2025/12/03 15:44:57 Block Report Received
2025/12/03 15:45:07 Block Report Received
2025/12/03 15:45:17 Block Report Received
2025/12/03 15:45:27 Block Report Received
2025/12/03 15:45:37 Block Report Received
2025/12/03 15:45:47 Block Report Received
2025/12/03 15:45:57 Block Report Received
2025/12/03 15:46:07 Block Report Received
2025/12/03 15:46:17 Block Report Received
2025/12/03 15:46:27 Block Report Received
2025/12/03 15:46:37 Block Report Received
2025/12/03 15:46:47 Block Report Received
2025/12/03 15:46:57 Block Report Received
2025/12/03 15:47:07 Block Report Received
2025/12/03 15:47:17 Block Report Received
2025/12/03 15:47:27 Block Report Received
2025/12/03 15:47:37 Block Report Received
2025/12/03 15:47:47 Block Report Received
2025/12/03 15:47:57 Block Report Received
2025/12/03 15:48:07 Block Report Received
2025/12/03 15:48:17 Block Report Received
2025/12/03 15:48:27 Block Report Received
2025/12/03 15:48:37 Block Report Received
2025/12/03 15:48:47 Block Report Received
2025/12/03 15:48:57 Block Report Received
2025/12/03 15:49:07 Block Report Received
2025/12/03 15:49:17 Block Report Received
2025/12/03 15:49:27 Block Report Received
2025/12/03 15:49:37 Block Report Received
2025/12/03 15:49:47 Block Report Received
2025/12/03 15:49:57 Block Report Received
2025/12/03 15:50:07 Block Report Received
2025/12/03 15:50:17 Block Report Received
2025/12/03 15:50:27 Block Report Received
2025/12/03 15:50:37 Block Report Received
2025/12/03 15:50:47 Block Report Received
2025/12/03 15:50:57 Block Report Received
2025/12/03 15:51:07 Block Report Received
2025/12/03 15:51:17 Block Report Received
2025/12/03 15:51:27 Block Report Received
2025/12/03 15:51:37 Block Report Received
2025/12/03 15:51:47 Block Report Received
2025/12/03 15:51:57 Block Report Received
2025/12/03 15:52:07 Block Report Received
2025/12/03 15:52:17 Block Report Received
2025/12/03 15:52:27 Block Report Received
2025/12/03 15:52:37 Block Report Received
2025/12/03 15:52:47 Block Report Received
2025/12/03 15:52:57 Block Report Received
2025/12/03 15:53:07 Block Report Received
2025/12/03 15:53:17 Block Report Received
2025/12/03 15:53:27 Block Report Received
2025/12/03 15:53:37 Block Report Received
2025/12/03 15:53:47 Block Report Received
2025/12/03 15:53:57 Block Report Received
2025/12/03 15:54:07 Block Report Received
2025/12/03 15:54:17 Block Report Received
2025/12/03 15:54:27 Block Report Received
2025/12/03 15:54:37 Block Report Received
2025/12/03 15:54:47 Block Report Received
2025/12/03 15:54:57 Block Report Received
2025/12/03 15:55:07 Block Report Received
2025/12/03 15:55:17 Block Report Received
2025/12/03 15:55:27 Block Report Received
2025/12/03 15:55:37 Block Report Received
2025/12/03 15:55:47 Block Report Received
2025/12/03 15:55:57 Block Report Received
2025/12/03 15:56:07 Block Report Received
2025/12/03 15:56:17 Block Report Received
2025/12/03 15:56:27 Block Report Received
2025/12/03 15:56:37 Block Report Received
2025/12/03 15:56:47 Block Report Received
2025/12/03 15:56:57 Block Report Received
2025/12/03 15:57:07 Block Report Received
2025/12/03 15:57:17 Block Report Received
2025/12/03 15:57:27 Block Report Received
2025/12/03 15:57:37 Block Report Received
2025/12/03 15:57:47 Block Report Received
2025/12/03 15:57:57 Block Report Received
2025/12/03 15:58:07 Block Report Received
2025/12/03 15:58:17 Block Report Received
2025/12/03 15:58:27 Block Report Received
2025/12/03 15:58:37 Block Report Received
2025/12/03 15:58:47 Block Report Received
2025/12/03 15:58:57 Block Report Received
2025/12/03 15:59:07 Block Report Received
2025/12/03 15:59:17 Block Report Received
2025/12/03 15:59:27 Block Report Received
2025/12/03 15:59:37 Block Report Received
2025/12/03 15:59:47 Block Report Received
2025/12/03 20:50:56 Block Report Received
2025/12/03 20:51:04 Block Report Received
2025/12/03 20:51:14 Block Report Received
2025/12/03 20:51:24 Block Report Received
2025/12/03 20:51:32 Block Report Received
2025/12/03 20:51:42 Block Report Received
2025/12/03 20:51:52 Block Report Received
2025/12/03 20:52:04 Block Report Received
2025/12/03 20:52:14 Block Report Received
2025/12/03 20:52:24 Block Report Received
2025/12/03 20:52:34 Block Report Received
2025/12/03 20:52:44 Block Report Received
2025/12/03 20:52:54 Block Report Received
2025/12/03 20:53:04 Block Report Received
2025/12/03 20:53:14 Block Report Received
2025/12/03 20:53:24 Block Report Received
2025/12/03 20:53:34 Block Report Received
2025/12/03 20:53:44 Block Report Received
2025/12/03 20:53:54 Block Report Received
2025/12/03 20:54:04 Block Report Received
2025/12/03 20:54:14 Block Report Received
2025/12/03 20:54:24 Block Report Received
2025/12/03 20:54:34 Block Report Received
2025/12/03 20:54:44 Block Report Received
2025/12/03 20:54:54 Block Report Received
2025/12/03 20:55:04 Block Report Received
2025/12/03 20:55:14 Block Report Received
2025/12/03 20:55:24 Block Report Received
2025/12/03 20:55:34 Block Report Received
2025/12/03 20:55:44 Block Report Received
2025/12/03 20:55:54 Block Report Received
2025/12/03 20:56:04 Block Report Received
2025/12/03 20:56:14 Block Report Received
2025/12/03 20:56:24 Block Report Received
2025/12/03 20:56:34 Block Report Received
2025/12/03 20:56:44 Block Report Received
2025/12/03 20:56:54 Block Report Received
2025/12/03 20:57:04 Block Report Received
2025/12/03 20:57:14 Block Report Received
2025/12/03 20:57:24 Block Report Received
2025/12/03 20:57:34 Block Report Received
2025/12/03 20:57:44 Block Report Received
2025/12/03 20:57:54 Block Report Received
2025/12/03 20:58:04 Block Report Received
2025/12/03 20:58:14 Block Report Received
2025/12/03 20:58:24 Block Report Received
2025/12/03 20:58:34 Block Report Received
2025/12/03 20:58:44 Block Report Received
2025/12/03 20:58:54 Block Report Received
2025/12/03 20:59:04 Block Report Received
2025/12/03 20:59:14 Block Report Received
2025/12/03 20:59:24 Block Report Received
2025/12/03 20:59:34 Block Report Received
2025/12/03 20:59:44 Block Report Received
2025/12/03 20:59:54 Block Report Received
2025/12/03 21:00:04 Block Report Received
2025/12/03 21:00:14 Block Report Received
2025/12/03 21:00:24 Block Report Received
2025/12/03 21:00:34 Block Report Received
2025/12/03 21:00:44 Block Report Received
2025/12/03 21:00:54 Block Report Received
2025/12/03 21:01:04 Block Report Received
2025/12/03 21:01:14 Block Report Received
2025/12/03 21:01:24 Block Report Received
2025/12/03 21:01:34 Block Report Received
2025/12/03 21:01:44 Block Report Received
2025/12/03 21:01:54 Block Report Received
2025/12/03 21:02:04 Block Report Received
2025/12/03 21:02:14 Block Report Received
2025/12/03 21:02:24 Block Report Received
2025/12/03 21:02:34 Block Report Received
2025/12/03 21:02:44 Block Report Received
2025/12/03 21:02:54 Block Report Received
2025/12/03 21:03:04 Block Report Received
2025/12/03 21:03:14 Block Report Received
2025/12/03 21:03:24 Block Report Received
2025/12/03 21:03:34 Block Report Received
2025/12/03 21:03:44 Block Report Received
2025/12/03 21:03:54 Block Report Received
2025/12/03 21:04:04 Block Report Received
2025/12/03 21:04:14 Block Report Received
2025/12/03 21:04:24 Block Report Received
2025/12/03 21:04:34 Block Report Received
2025/12/03 21:04:44 Block Report Received
2025/12/03 21:04:54 Block Report Received
2025/12/03 21:05:04 Block Report Received
2025/12/03 21:05:14 Block Report Received
2025/12/03 21:05:24 Block Report Received
2025/12/03 21:05:34 Block Report Received
2025/12/03 21:05:44 Block Report Received
2025/12/03 21:05:54 Block Report Received
2025/12/03 21:06:04 Block Report Received
2025/12/03 21:06:14 Block Report Received
2025/12/03 21:06:24 Block Report Received
2025/12/03 21:06:34 Block Report Received
2025/12/03 21:06:44 Block Report Received
2025/12/03 21:06:54 Block Report Received
2025/12/03 21:07:04 Block Report Received
2025/12/03 21:07:14 Block Report Received
2025/12/03 21:07:24 Block Report Received
2025/12/03 21:07:34 Block Report Received
2025/12/03 21:07:44 Block Report Received
2025/12/03 21:07:54 Block Report Received
2025/12/03 21:08:04 Block Report Received
2025/12/03 21:08:14 Block Report Received
2025/12/03 21:08:24 Block Report Received
2025/12/03 21:08:34 Block Report Received
2025/12/03 21:08:44 Block Report Received
2025/12/03 21:08:54 Block Report Received
2025/12/03 21:09:04 Block Report Received
2025/12/03 21:09:14 Block Report Received
2025/12/03 21:09:24 Block Report Received
2025/12/03 21:09:34 Block Report Received
2025/12/03 21:09:44 Block Report Received
2025/12/03 21:09:54 Block Report Received
2025/12/03 21:10:04 Block Report Received
2025/12/03 21:10:14 Block Report Received
2025/12/03 21:10:24 Block Report Received
2025/12/03 21:10:34 Block Report Received
2025/12/03 21:10:44 Block Report Received
2025/12/03 21:10:54 Block Report Received
2025/12/03 21:11:04 Block Report Received
2025/12/03 21:11:14 Block Report Received
2025/12/03 21:11:24 Block Report Received
2025/12/03 21:11:34 Block Report Received
2025/12/03 21:11:44 Block Report Received
2025/12/03 21:11:54 Block Report Received
2025/12/03 21:12:04 Block Report Received
2025/12/03 21:12:14 Block Report Received
2025/12/03 21:12:24 Block Report Received
2025/12/03 21:12:34 Block Report Received
2025/12/03 21:12:44 Block Report Received
2025/12/03 21:12:54 Block Report Received
2025/12/03 21:13:04 Block Report Received
2025/12/03 21:13:14 Block Report Received
2025/12/03 21:13:24 Block Report Received
2025/12/03 21:13:34 Block Report Received
2025/12/03 21:13:44 Block Report Received
2025/12/03 21:13:54 Block Report Received
2025/12/03 21:14:04 Block Report Received
2025/12/03 21:14:14 Block Report Received
2025/12/03 21:14:24 Block Report Received
2025/12/03 21:14:34 Block Report Received
2025/12/03 21:14:44 Block Report Received
2025/12/03 21:14:54 Block Report Received
2025/12/03 21:15:04 Block Report Received
2025/12/03 21:15:14 Block Report Received
2025/12/03 21:15:24 Block Report Received
2025/12/03 21:15:34 Block Report Received
2025/12/03 21:15:44 Block Report Received
2025/12/03 21:15:54 Block Report Received
2025/12/03 21:16:04 Block Report Received
2025/12/03 21:16:14 Block Report Received
2025/12/03 21:16:24 Block Report Received
2025/12/03 21:16:34 Block Report Received
2025/12/03 21:16:44 Block Report Received
2025/12/03 21:16:54 Block Report Received
2025/12/03 21:17:04 Block Report Received
2025/12/03 21:17:14 Block Report Received
2025/12/03 21:17:24 Block Report Received
2025/12/03 21:17:34 Block Report Received
2025/12/03 21:17:44 Block Report Received
2025/12/03 21:17:54 Block Report Received
2025/12/03 21:18:04 Block Report Received
2025/12/03 21:18:14 Block Report Received
2025/12/03 21:18:24 Block Report Received
2025/12/03 21:18:34 Block Report Received
2025/12/03 21:18:44 Block Report Received
2025/12/03 21:18:54 Block Report Received
2025/12/03 21:19:04 Block Report Received
2025/12/03 21:19:14 Block Report Received
2025/12/03 21:19:24 Block Report Received
2025/12/03 21:19:34 Block Report Received
2025/12/03 21:19:44 Block Report Received
2025/12/03 21:19:54 Block Report Received
2025/12/03 21:20:04 Block Report Received
2025/12/03 21:20:14 Block Report Received
2025/12/03 21:20:24 Block Report Received
2025/12/03 21:20:34 Block Report Received
2025/12/03 21:20:44 Block Report Received
2025/12/03 21:20:54 Block Report Received
2025/12/03 21:21:04 Block Report Received
2025/12/03 21:21:14 Block Report Received
2025/12/03 21:21:24 Block Report Received
2025/12/03 21:21:34 Block Report Received
2025/12/03 21:21:44 Block Report Received
2025/12/03 21:21:54 Block Report Received
2025/12/03 21:22:04 Block Report Received
2025/12/03 21:22:14 Block Report Received
2025/12/03 21:22:24 Block Report Received
2025/12/03 21:22:34 Block Report Received
2025/12/03 21:22:44 Block Report Received
2025/12/03 21:22:54 Block Report Received
2025/12/03 21:23:04 Block Report Received
2025/12/03 21:23:14 Block Report Received
2025/12/03 21:23:24 Block Report Received
2025/12/03 21:23:34 Block Report Received
2025/12/03 21:23:44 Block Report Received
2025/12/03 21:23:54 Block Report Received
2025/12/03 21:24:04 Block Report Received
2025/12/03 21:24:14 Block Report Received
2025/12/03 21:24:24 Block Report Received
2025/12/03 21:24:34 Block Report Received
2025/12/03 21:24:44 Block Report Received
2025/12/03 21:24:54 Block Report Received
2025/12/03 21:25:04 Block Report Received
2025/12/03 21:25:14 Block Report Received
2025/12/03 21:25:24 Block Report Received
2025/12/03 21:25:34 Block Report Received
2025/12/03 21:25:44 Block Report Received
2025/12/03 21:25:54 Block Report Received
2025/12/03 21:26:04 Block Report Received
2025/12/03 21:26:14 Block Report Received
2025/12/03 21:26:24 Block Report Received
2025/12/03 21:26:34 Block Report Received
2025/12/03 21:26:44 Block Report Received
2025/12/03 21:26:54 Block Report Received
2025/12/03 21:27:04 Block Report Received
2025/12/03 21:27:14 Block Report Received
2025/12/03 21:27:24 Block Report Received
2025/12/03 21:27:34 Block Report Received
2025/12/03 21:27:44 Block Report Received
2025/12/03 21:27:54 Block Report Received
2025/12/03 21:28:04 Block Report Received
2025/12/03 21:28:14 Block Report Received
2025/12/03 21:28:24 Block Report Received
2025/12/03 21:28:34 Block Report Received
2025/12/03 21:28:44 Block Report Received
2025/12/03 21:28:54 Block Report Received
2025/12/03 21:29:04 Block Report Received
2025/12/03 21:29:14 Block Report Received
2025/12/03 21:29:24 Block Report Received
2025/12/03 21:29:34 Block Report Received
2025/12/03 21:29:44 Block Report Received
2025/12/03 21:29:54 Block Report Received
2025/12/03 21:30:04 Block Report Received
2025/12/03 21:30:14 Block Report Received
2025/12/03 21:30:24 Block Report Received
2025/12/03 21:30:34 Block Report Received
2025/12/03 21:30:44 Block Report Received
2025/12/03 21:30:54 Block Report Received
2025/12/03 21:31:04 Block Report Received
2025/12/03 21:31:14 Block Report Received
2025/12/03 21:31:24 Block Report Received
2025/12/03 21:31:34 Block Report Received
2025/12/03 21:31:44 Block Report Received
2025/12/03 21:31:54 Block Report Received
2025/12/03 21:32:04 Block Report Received
2025/12/03 21:32:14 Block Report Received
2025/12/03 21:32:24 Block Report Received
2025/12/03 21:32:34 Block Report Received
2025/12/03 21:32:44 Block Report Received
2025/12/03 21:32:54 Block Report Received
2025/12/03 21:33:04 Block Report Received
2025/12/03 21:33:14 Block Report Received
2025/12/03 21:33:24 Block Report Received
2025/12/03 21:33:34 Block Report Received
2025/12/03 21:33:44 Block Report Received
2025/12/03 21:33:54 Block Report Received
2025/12/03 21:34:04 Block Report Received
2025/12/03 21:34:14 Block Report Received
2025/12/03 21:34:24 Block Report Received
2025/12/03 21:34:34 Block Report Received
2025/12/03 21:34:44 Block Report Received
2025/12/03 21:34:54 Block Report Received
2025/12/03 21:35:04 Block Report Received
2025/12/03 21:35:14 Block Report Received
2025/12/03 21:35:24 Block Report Received
2025/12/03 21:35:34 Block Report Received
2025/12/03 21:35:44 Block Report Received
2025/12/03 21:35:54 Block Report Received
2025/12/03 21:36:04 Block Report Received
2025/12/03 21:36:14 Block Report Received
2025/12/03 21:36:24 Block Report Received
2025/12/03 21:36:34 Block Report Received
2025/12/03 21:36:44 Block Report Received
2025/12/03 21:36:54 Block Report Received
2025/12/03 21:37:04 Block Report Received
2025/12/03 21:37:14 Block Report Received
2025/12/03 21:37:24 Block Report Received
2025/12/03 21:37:34 Block Report Received
2025/12/03 21:37:44 Block Report Received
2025/12/03 21:37:54 Block Report Received
2025/12/03 21:38:04 Block Report Received
2025/12/03 21:38:14 Block Report Received
2025/12/03 21:38:24 Block Report Received
2025/12/03 21:38:34 Block Report Received
2025/12/03 21:38:44 Block Report Received
2025/12/03 21:38:54 Block Report Received
2025/12/03 21:39:04 Block Report Received
2025/12/03 21:39:14 Block Report Received
2025/12/03 21:39:24 Block Report Received
2025/12/03 21:39:34 Block Report Received
2025/12/03 21:39:44 Block Report Received
2025/12/03 21:39:54 Block Report Received
2025/12/03 21:40:04 Block Report Received
2025/12/03 21:40:14 Block Report Received
2025/12/03 21:40:24 Block Report Received
2025/12/03 21:40:34 Block Report Received
2025/12/03 21:40:44 Block Report Received
2025/12/03 21:40:54 Block Report Received
2025/12/03 21:41:04 Block Report Received
2025/12/03 21:41:14 Block Report Received
2025/12/03 21:41:24 Block Report Received
2025/12/03 21:41:34 Block Report Received
2025/12/03 21:41:44 Block Report Received
2025/12/03 21:41:54 Block Report Received
2025/12/03 21:42:04 Block Report Received
2025/12/03 21:42:14 Block Report Received
2025/12/03 21:42:24 Block Report Received
2025/12/03 21:42:34 Block Report Received
2025/12/03 21:42:44 Block Report Received
2025/12/03 21:42:54 Block Report Received
2025/12/03 21:43:04 Block Report Received
2025/12/03 21:43:14 Block Report Received
2025/12/03 21:43:24 Block Report Received
2025/12/03 21:43:34 Block Report Received
2025/12/03 21:43:44 Block Report Received
2025/12/03 21:43:54 Block Report Received
2025/12/03 21:44:04 Block Report Received
2025/12/03 21:44:14 Block Report Received
2025/12/03 21:44:24 Block Report Received
2025/12/03 21:44:34 Block Report Received
2025/12/03 21:44:44 Block Report Received
2025/12/03 21:44:54 Block Report Received
2025/12/03 21:45:04 Block Report Received
2025/12/03 21:45:14 Block Report Received
2025/12/03 21:45:24 Block Report Received
2025/12/03 21:45:34 Block Report Received
2025/12/03 21:45:44 Block Report Received
2025/12/03 21:45:54 Block Report Received
2025/12/03 21:46:04 Block Report Received
2025/12/03 21:46:14 Block Report Received
2025/12/03 21:46:24 Block Report Received
2025/12/03 21:46:34 Block Report Received
2025/12/03 21:46:44 Block Report Received
2025/12/03 21:46:54 Block Report Received
2025/12/03 21:47:04 Block Report Received
2025/12/03 21:47:14 Block Report Received
2025/12/03 21:47:24 Block Report Received
2025/12/03 21:47:34 Block Report Received
2025/12/03 21:47:44 Block Report Received
2025/12/03 21:47:54 Block Report Received
2025/12/03 21:48:04 Block Report Received
2025/12/03 21:48:14 Block Report Received
2025/12/03 21:48:24 Block Report Received
2025/12/03 21:48:34 Block Report Received
2025/12/03 21:48:44 Block Report Received
2025/12/03 21:48:54 Block Report Received
2025/12/03 21:49:04 Block Report Received
2025/12/03 21:49:14 Block Report Received
2025/12/03 21:49:24 Block Report Received
2025/12/03 21:49:34 Block Report Received
2025/12/03 21:49:44 Block Report Received
2025/12/03 21:49:54 Block Report Received
2025/12/03 21:50:04 Block Report Received
2025/12/03 21:50:14 Block Report Received
2025/12/03 21:50:24 Block Report Received
2025/12/03 21:50:34 Block Report Received
2025/12/03 21:50:44 Block Report Received
2025/12/03 21:50:54 Block Report Received
2025/12/03 21:51:04 Block Report Received
2025/12/03 21:51:14 Block Report Received
2025/12/03 21:51:24 Block Report Received
2025/12/03 21:51:34 Block Report Received
2025/12/03 21:51:44 Block Report Received
2025/12/03 21:51:54 Block Report Received
2025/12/03 21:52:04 Block Report Received
2025/12/03 21:52:14 Block Report Received
2025/12/03 21:52:24 Block Report Received
2025/12/03 21:52:34 Block Report Received
2025/12/03 21:52:44 Block Report Received
2025/12/03 21:52:54 Block Report Received
2025/12/03 21:53:04 Block Report Received
2025/12/03 21:53:14 Block Report Received
2025/12/03 21:53:24 Block Report Received
2025/12/03 21:53:34 Block Report Received
2025/12/03 21:53:44 Block Report Received
2025/12/03 21:53:54 Block Report Received
2025/12/03 21:54:04 Block Report Received
2025/12/03 21:54:14 Block Report Received
2025/12/03 21:54:24 Block Report Received
2025/12/03 21:54:34 Block Report Received
2025/12/03 21:54:44 Block Report Received
2025/12/03 21:54:54 Block Report Received
2025/12/03 21:55:04 Block Report Received
2025/12/03 21:55:14 Block Report Received
2025/12/03 21:55:24 Block Report Received
2025/12/03 21:55:34 Block Report Received
2025/12/03 21:55:44 Block Report Received
2025/12/03 21:55:54 Block Report Received
2025/12/03 21:56:04 Block Report Received
2025/12/03 21:56:14 Block Report Received
2025/12/03 21:56:24 Block Report Received
2025/12/03 21:56:34 Block Report Received
2025/12/03 21:56:44 Block Report Received
2025/12/03 21:56:54 Block Report Received
2025/12/03 21:57:04 Block Report Received
2025/12/03 21:57:14 Block Report Received
2025/12/03 21:57:24 Block Report Received
2025/12/03 21:57:34 Block Report Received
2025/12/03 21:57:44 Block Report Received
2025/12/03 21:57:54 Block Report Received
2025/12/03 21:58:04 Block Report Received
2025/12/03 21:58:14 Block Report Received
2025/12/03 21:58:24 Block Report Received
2025/12/03 21:58:34 Block Report Received
2025/12/03 21:58:44 Block Report Received
2025/12/03 21:58:54 Block Report Received
2025/12/03 21:59:04 Block Report Received
2025/12/03 21:59:14 Block Report Received
2025/12/03 21:59:24 Block Report Received
2025/12/03 21:59:34 Block Report Received
2025/12/03 21:59:44 Block Report Received
2025/12/03 21:59:54 Block Report Received
2025/12/03 22:00:04 Block Report Received
2025/12/03 22:00:14 Block Report Received
2025/12/03 22:00:24 Block Report Received
2025/12/03 22:00:34 Block Report Received
2025/12/03 22:00:44 Block Report Received
2025/12/03 22:00:54 Block Report Received
2025/12/03 22:01:04 Block Report Received
2025/12/03 22:01:14 Block Report Received
2025/12/03 22:01:24 Block Report Received
2025/12/03 22:01:34 Block Report Received
2025/12/03 22:01:44 Block Report Received
2025/12/03 22:01:54 Block Report Received
2025/12/03 22:02:04 Block Report Received
2025/12/03 22:02:14 Block Report Received
2025/12/03 22:02:24 Block Report Received
2025/12/03 22:02:34 Block Report Received
2025/12/03 22:02:44 Block Report Received
2025/12/03 22:02:54 Block Report Received
2025/12/03 22:03:04 Block Report Received
2025/12/03 22:03:14 Block Report Received
2025/12/03 22:03:24 Block Report Received
2025/12/03 22:03:34 Block Report Received
2025/12/03 22:03:44 Block Report Received
2025/12/03 22:03:54 Block Report Received
2025/12/03 22:04:04 Block Report Received
2025/12/03 22:04:14 Block Report Received
2025/12/03 22:04:24 Block Report Received
2025/12/03 22:04:34 Block Report Received
2025/12/03 22:04:44 Block Report Received
2025/12/03 22:04:54 Block Report Received
2025/12/03 22:05:04 Block Report Received
2025/12/03 22:05:14 Block Report Received
2025/12/03 22:05:24 Block Report Received
2025/12/03 22:05:34 Block Report Received
2025/12/03 22:05:44 Block Report Received
2025/12/03 22:05:54 Block Report Received
2025/12/03 22:06:04 Block Report Received
2025/12/03 22:06:14 Block Report Received
2025/12/03 22:06:24 Block Report Received
2025/12/03 22:06:34 Block Report Received
2025/12/03 22:06:44 Block Report Received
2025/12/03 22:06:54 Block Report Received
2025/12/03 22:07:04 Block Report Received
2025/12/03 22:07:14 Block Report Received
2025/12/03 22:07:24 Block Report Received
2025/12/03 22:07:34 Block Report Received
2025/12/03 22:07:44 Block Report Received
2025/12/03 22:07:54 Block Report Received
2025/12/03 22:08:04 Block Report Received
2025/12/03 22:08:14 Block Report Received
2025/12/03 22:08:24 Block Report Received
2025/12/03 22:08:34 Block Report Received
2025/12/03 22:08:44 Block Report Received
2025/12/03 22:08:54 Block Report Received
2025/12/03 22:09:04 Block Report Received
2025/12/03 22:09:14 Block Report Received
2025/12/03 22:09:24 Block Report Received
2025/12/03 22:09:34 Block Report Received
2025/12/03 22:09:44 Block Report Received
2025/12/03 22:09:54 Block Report Received
2025/12/03 22:10:04 Block Report Received
2025/12/03 22:10:14 Block Report Received
2025/12/03 22:10:24 Block Report Received
2025/12/03 22:10:34 Block Report Received
2025/12/03 22:10:44 Block Report Received
2025/12/03 22:10:54 Block Report Received
2025/12/03 22:11:04 Block Report Received
2025/12/03 22:11:14 Block Report Received
2025/12/03 22:11:24 Block Report Received
2025/12/03 22:11:34 Block Report Received
2025/12/03 22:11:44 Block Report Received
2025/12/03 22:11:54 Block Report Received
2025/12/03 22:12:04 Block Report Received
2025/12/03 22:12:14 Block Report Received
2025/12/03 22:12:24 Block Report Received
2025/12/03 22:12:34 Block Report Received
2025/12/03 22:12:44 Block Report Received
2025/12/03 22:12:54 Block Report Received
2025/12/03 22:13:04 Block Report Received
2025/12/03 22:13:14 Block Report Received
2025/12/03 22:13:24 Block Report Received
2025/12/03 22:13:34 Block Report Received
2025/12/03 22:13:44 Block Report Received
2025/12/03 22:13:54 Block Report Received
2025/12/03 22:14:04 Block Report Received
2025/12/03 22:14:14 Block Report Received
2025/12/03 22:14:24 Block Report Received
2025/12/03 22:14:34 Block Report Received
2025/12/03 22:14:44 Block Report Received
2025/12/03 22:14:54 Block Report Received
2025/12/03 22:15:04 Block Report Received
2025/12/03 22:15:14 Block Report Received
2025/12/03 22:15:24 Block Report Received
2025/12/03 22:15:34 Block Report Received
2025/12/03 22:15:44 Block Report Received
2025/12/03 22:15:54 Block Report Received
2025/12/03 22:16:04 Block Report Received
2025/12/03 22:16:14 Block Report Received
2025/12/03 22:16:24 Block Report Received
2025/12/03 22:16:34 Block Report Received
2025/12/03 22:16:44 Block Report Received
2025/12/03 22:16:54 Block Report Received
2025/12/03 22:17:04 Block Report Received
2025/12/03 22:17:14 Block Report Received
2025/12/03 22:17:24 Block Report Received
2025/12/03 22:17:34 Block Report Received
2025/12/03 22:17:44 Block Report Received
2025/12/03 22:17:54 Block Report Received
2025/12/03 22:18:04 Block Report Received
2025/12/03 22:18:14 Block Report Received
2025/12/03 22:18:24 Block Report Received
2025/12/03 22:18:34 Block Report Received
2025/12/03 22:18:44 Block Report Received
2025/12/03 22:18:54 Block Report Received
2025/12/03 22:19:04 Block Report Received
2025/12/03 22:19:14 Block Report Received
2025/12/03 22:19:24 Block Report Received
2025/12/03 22:19:34 Block Report Received
2025/12/03 22:19:44 Block Report Received
2025/12/03 22:19:54 Block Report Received
2025/12/03 22:20:04 Block Report Received
2025/12/03 22:20:14 Block Report Received
2025/12/03 22:20:24 Block Report Received
2025/12/03 22:20:34 Block Report Received
2025/12/03 22:20:44 Block Report Received
2025/12/03 22:20:54 Block Report Received
2025/12/03 22:21:04 Block Report Received
2025/12/03 22:21:14 Block Report Received
2025/12/03 22:21:24 Block Report Received
2025/12/03 22:21:34 Block Report Received
2025/12/03 22:21:44 Block Report Received
2025/12/03 22:21:54 Block Report Received
2025/12/03 22:22:04 Block Report Received
2025/12/03 22:22:14 Block Report Received
2025/12/03 22:22:24 Block Report Received
2025/12/03 22:22:34 Block Report Received
2025/12/03 22:22:44 Block Report Received
2025/12/03 22:22:54 Block Report Received
2025/12/03 22:23:04 Block Report Received
2025/12/03 22:23:14 Block Report Received
2025/12/03 22:23:24 Block Report Received
2025/12/03 22:23:34 Block Report Received
2025/12/03 22:23:44 Block Report Received
2025/12/03 22:23:54 Block Report Received
2025/12/03 22:24:04 Block Report Received
2025/12/03 22:24:14 Block Report Received
2025/12/03 22:24:24 Block Report Received
2025/12/03 22:24:34 Block Report Received
2025/12/03 22:24:44 Block Report Received
2025/12/03 22:24:54 Block Report Received
2025/12/03 22:25:04 Block Report Received
2025/12/03 22:25:14 Block Report Received
2025/12/03 22:25:24 Block Report Received
2025/12/03 22:25:34 Block Report Received
2025/12/03 22:25:44 Block Report Received
2025/12/03 22:25:54 Block Report Received
2025/12/03 22:26:04 Block Report Received
2025/12/03 22:26:14 Block Report Received
2025/12/03 22:26:24 Block Report Received
2025/12/03 22:26:34 Block Report Received
2025/12/03 22:26:44 Block Report Received
2025/12/03 22:26:54 Block Report Received
2025/12/03 22:27:04 Block Report Received
2025/12/03 22:27:14 Block Report Received
2025/12/03 22:27:24 Block Report Received
2025/12/03 22:27:34 Block Report Received
2025/12/03 22:27:44 Block Report Received
2025/12/03 22:27:54 Block Report Received
2025/12/03 22:28:04 Block Report Received
2025/12/03 22:28:14 Block Report Received
2025/12/03 22:28:24 Block Report Received
2025/12/03 22:28:34 Block Report Received
2025/12/03 22:28:44 Block Report Received
2025/12/03 22:28:54 Block Report Received
2025/12/03 22:29:04 Block Report Received
2025/12/03 22:29:14 Block Report Received
2025/12/03 22:29:24 Block Report Received
2025/12/03 22:29:34 Block Report Received
2025/12/03 22:29:44 Block Report Received
2025/12/03 22:29:54 Block Report Received
2025/12/03 22:30:04 Block Report Received
2025/12/03 22:30:14 Block Report Received
2025/12/03 22:30:24 Block Report Received
2025/12/03 22:30:34 Block Report Received
2025/12/03 22:30:44 Block Report Received
2025/12/03 22:30:54 Block Report Received
2025/12/03 22:31:04 Block Report Received
2025/12/03 22:31:14 Block Report Received
2025/12/03 22:31:24 Block Report Received
2025/12/03 22:31:34 Block Report Received
2025/12/03 22:31:44 Block Report Received
2025/12/03 22:31:54 Block Report Received
2025/12/03 22:32:04 Block Report Received
2025/12/03 22:32:14 Block Report Received
2025/12/03 22:32:24 Block Report Received
2025/12/03 22:32:34 Block Report Received
2025/12/03 22:32:44 Block Report Received
2025/12/03 22:32:54 Block Report Received
2025/12/03 22:33:04 Block Report Received
2025/12/03 22:33:14 Block Report Received
2025/12/03 22:33:24 Block Report Received
2025/12/03 22:33:34 Block Report Received
2025/12/03 22:33:44 Block Report Received
2025/12/03 22:33:54 Block Report Received
2025/12/03 22:34:04 Block Report Received
2025/12/03 22:34:14 Block Report Received
2025/12/03 22:34:24 Block Report Received
2025/12/03 22:34:34 Block Report Received
2025/12/03 22:34:44 Block Report Received
2025/12/03 22:34:54 Block Report Received
2025/12/03 22:35:04 Block Report Received
2025/12/03 22:35:14 Block Report Received
2025/12/03 22:35:24 Block Report Received
2025/12/03 22:35:34 Block Report Received
2025/12/03 22:35:44 Block Report Received
2025/12/03 22:35:54 Block Report Received
2025/12/03 22:36:04 Block Report Received
2025/12/03 22:36:14 Block Report Received
2025/12/03 22:36:24 Block Report Received
2025/12/03 22:36:34 Block Report Received
2025/12/03 22:36:44 Block Report Received
2025/12/03 22:36:54 Block Report Received
2025/12/03 22:37:04 Block Report Received
2025/12/03 22:37:14 Block Report Received
2025/12/03 22:37:24 Block Report Received
2025/12/03 22:37:34 Block Report Received
2025/12/03 22:37:44 Block Report Received
2025/12/03 22:37:54 Block Report Received
2025/12/03 22:38:04 Block Report Received
2025/12/03 22:38:14 Block Report Received
2025/12/03 22:38:24 Block Report Received
2025/12/03 22:38:34 Block Report Received
2025/12/03 22:38:44 Block Report Received
2025/12/03 22:38:54 Block Report Received
2025/12/03 22:39:04 Block Report Received
2025/12/03 22:39:14 Block Report Received
2025/12/03 22:39:24 Block Report Received
2025/12/03 22:39:34 Block Report Received
2025/12/03 22:39:44 Block Report Received
2025/12/03 22:39:54 Block Report Received
2025/12/03 22:40:04 Block Report Received
2025/12/03 22:40:14 Block Report Received
2025/12/03 22:40:24 Block Report Received
2025/12/03 22:40:34 Block Report Received
2025/12/03 22:40:44 Block Report Received
2025/12/03 22:40:54 Block Report Received
2025/12/03 22:41:04 Block Report Received
2025/12/03 22:41:14 Block Report Received
2025/12/03 22:41:24 Block Report Received
2025/12/03 22:41:34 Block Report Received
2025/12/03 22:41:44 Block Report Received
2025/12/03 22:41:54 Block Report Received
2025/12/03 22:42:04 Block Report Received
2025/12/03 22:42:14 Block Report Received
2025/12/03 22:42:24 Block Report Received
2025/12/03 22:42:34 Block Report Received
2025/12/03 22:42:44 Block Report Received
2025/12/03 22:42:54 Block Report Received
2025/12/03 22:43:04 Block Report Received
2025/12/03 22:43:14 Block Report Received
2025/12/03 22:43:24 Block Report Received
2025/12/03 22:43:34 Block Report Received
2025/12/03 22:43:44 Block Report Received
2025/12/03 22:43:54 Block Report Received
2025/12/03 22:44:04 Block Report Received
2025/12/03 22:44:14 Block Report Received
2025/12/03 22:44:24 Block Report Received
2025/12/03 22:44:34 Block Report Received
2025/12/03 22:44:44 Block Report Received
2025/12/03 22:44:54 Block Report Received
2025/12/03 22:45:04 Block Report Received
2025/12/03 22:45:14 Block Report Received
2025/12/03 22:45:24 Block Report Received
2025/12/03 22:45:34 Block Report Received
2025/12/03 22:45:44 Block Report Received
2025/12/03 22:45:54 Block Report Received
2025/12/03 22:46:04 Block Report Received
2025/12/03 22:46:14 Block Report Received
2025/12/03 22:46:24 Block Report Received
2025/12/03 22:46:34 Block Report Received
2025/12/03 22:46:44 Block Report Received
2025/12/03 22:46:54 Block Report Received
2025/12/03 22:47:04 Block Report Received
2025/12/03 22:47:14 Block Report Received
2025/12/03 22:47:24 Block Report Received
2025/12/03 22:47:34 Block Report Received
2025/12/03 22:47:44 Block Report Received
2025/12/03 22:47:54 Block Report Received
2025/12/03 22:48:04 Block Report Received
2025/12/03 22:48:14 Block Report Received
2025/12/03 22:48:24 Block Report Received
2025/12/03 22:48:34 Block Report Received
2025/12/03 22:48:44 Block Report Received
2025/12/03 22:48:54 Block Report Received
2025/12/03 22:49:04 Block Report Received
2025/12/03 22:49:14 Block Report Received
2025/12/03 22:49:24 Block Report Received
2025/12/03 22:49:34 Block Report Received
2025/12/03 22:49:44 Block Report Received
2025/12/03 22:49:54 Block Report Received
2025/12/03 22:50:04 Block Report Received
2025/12/03 22:50:14 Block Report Received
2025/12/03 22:50:24 Block Report Received
2025/12/03 22:50:34 Block Report Received
2025/12/03 22:50:44 Block Report Received
2025/12/03 22:50:54 Block Report Received
2025/12/03 22:51:04 Block Report Received
2025/12/03 22:51:14 Block Report Received
2025/12/03 22:51:24 Block Report Received
2025/12/03 22:51:34 Block Report Received
2025/12/03 22:51:44 Block Report Received
2025/12/03 22:51:54 Block Report Received
2025/12/03 22:52:04 Block Report Received
2025/12/03 22:52:14 Block Report Received
2025/12/03 22:52:24 Block Report Received
2025/12/03 22:52:34 Block Report Received
2025/12/03 22:52:48 Block Report Received
2025/12/03 22:52:54 Block Report Received
2025/12/03 22:53:05 Block Report Received
2025/12/03 22:53:18 Block Report Received
2025/12/03 22:53:24 Block Report Received
2025/12/03 22:53:34 Block Report Received
2025/12/03 22:53:46 Block Report Received
2025/12/03 22:53:54 Block Report Received
2025/12/03 22:54:07 Block Report Received
2025/12/03 22:54:18 Block Report Received
2025/12/03 22:54:25 Block Report Received
2025/12/03 22:54:34 Block Report Received
2025/12/03 22:54:44 Block Report Received
2025/12/03 22:54:55 Block Report Received
2025/12/03 22:55:04 Block Report Received
2025/12/03 22:55:14 Block Report Received
2025/12/03 22:55:26 Block Report Received
2025/12/03 22:55:36 Block Report Received
2025/12/03 22:55:44 Block Report Received
2025/12/03 22:55:56 Block Report Received
2025/12/03 22:56:04 Block Report Received
2025/12/03 22:56:14 Block Report Received
2025/12/03 22:56:24 Block Report Received
2025/12/03 22:56:34 Block Report Received
2025/12/03 22:56:44 Block Report Received
2025/12/03 22:56:54 Block Report Received
2025/12/03 22:57:04 Block Report Received
2025/12/03 22:57:14 Block Report Received
2025/12/03 22:57:24 Block Report Received
2025/12/03 22:57:34 Block Report Received
2025/12/03 22:57:44 Block Report Received
2025/12/03 22:57:54 Block Report Received
2025/12/03 22:58:04 Block Report Received
2025/12/03 22:58:14 Block Report Received
2025/12/03 22:58:24 Block Report Received
2025/12/03 22:58:34 Block Report Received
2025/12/03 22:58:44 Block Report Received
2025/12/03 22:58:54 Block Report Received
2025/12/03 22:59:04 Block Report Received
2025/12/03 22:59:14 Block Report Received
2025/12/03 22:59:24 Block Report Received
2025/12/03 22:59:34 Block Report Received
2025/12/03 22:59:44 Block Report Received
2025/12/03 22:59:54 Block Report Received
2025/12/03 23:00:04 Block Report Received
2025/12/03 23:00:14 Block Report Received
2025/12/03 23:00:24 Block Report Received
2025/12/03 23:00:34 Block Report Received
2025/12/03 23:00:44 Block Report Received
2025/12/03 23:00:54 Block Report Received
2025/12/03 23:01:04 Block Report Received
2025/12/03 23:01:14 Block Report Received
2025/12/03 23:01:24 Block Report Received
2025/12/03 23:01:34 Block Report Received
2025/12/03 23:01:44 Block Report Received
2025/12/03 23:01:54 Block Report Received
2025/12/03 23:02:04 Block Report Received
2025/12/03 23:02:14 Block Report Received
2025/12/03 23:02:24 Block Report Received
2025/12/03 23:02:34 Block Report Received
2025/12/03 23:02:44 Block Report Received
2025/12/03 23:02:54 Block Report Received
2025/12/03 23:03:04 Block Report Received
2025/12/03 23:03:14 Block Report Received
2025/12/03 23:03:24 Block Report Received
2025/12/03 23:03:34 Block Report Received
2025/12/03 23:03:44 Block Report Received
2025/12/03 23:03:54 Block Report Received
2025/12/03 23:04:04 Block Report Received
2025/12/03 23:04:14 Block Report Received
2025/12/03 23:04:24 Block Report Received
2025/12/03 23:04:34 Block Report Received
2025/12/03 23:04:44 Block Report Received
2025/12/03 23:04:54 Block Report Received
2025/12/03 23:05:04 Block Report Received
2025/12/03 23:05:14 Block Report Received
2025/12/03 23:05:24 Block Report Received
2025/12/03 23:05:34 Block Report Received
2025/12/03 23:05:44 Block Report Received
2025/12/03 23:05:54 Block Report Received
2025/12/03 23:06:04 Block Report Received
2025/12/03 23:06:14 Block Report Received
2025/12/03 23:06:24 Block Report Received
2025/12/03 23:06:34 Block Report Received
2025/12/03 23:06:44 Block Report Received
2025/12/03 23:06:54 Block Report Received
2025/12/03 23:07:04 Block Report Received
2025/12/03 23:07:14 Block Report Received
2025/12/03 23:07:24 Block Report Received
2025/12/03 23:07:34 Block Report Received
2025/12/03 23:07:44 Block Report Received
2025/12/03 23:07:54 Block Report Received
2025/12/03 23:08:04 Block Report Received
2025/12/03 23:08:14 Block Report Received
2025/12/03 23:08:24 Block Report Received
2025/12/03 23:08:34 Block Report Received
2025/12/03 23:08:44 Block Report Received
2025/12/03 23:08:54 Block Report Received
2025/12/03 23:09:04 Block Report Received
2025/12/03 23:09:14 Block Report Received
2025/12/03 23:09:24 Block Report Received
2025/12/03 23:09:34 Block Report Received
2025/12/03 23:09:44 Block Report Received
2025/12/03 23:09:54 Block Report Received
2025/12/03 23:10:04 Block Report Received
2025/12/03 23:10:14 Block Report Received
2025/12/03 23:10:24 Block Report Received
2025/12/03 23:10:34 Block Report Received
2025/12/03 23:10:44 Block Report Received
2025/12/03 23:10:54 Block Report Received
2025/12/03 23:11:04 Block Report Received
2025/12/03 23:11:14 Block Report Received
2025/12/03 23:11:24 Block Report Received
2025/12/03 23:11:34 Block Report Received
2025/12/03 23:11:44 Block Report Received
2025/12/03 23:11:54 Block Report Received
2025/12/03 23:12:04 Block Report Received
2025/12/03 23:12:14 Block Report Received
2025/12/03 23:12:24 Block Report Received
2025/12/03 23:12:34 Block Report Received
2025/12/03 23:12:44 Block Report Received
2025/12/03 23:12:54 Block Report Received
2025/12/03 23:13:04 Block Report Received
2025/12/03 23:13:14 Block Report Received
2025/12/03 23:13:24 Block Report Received
2025/12/03 23:13:34 Block Report Received
2025/12/03 23:13:44 Block Report Received
2025/12/03 23:13:54 Block Report Received
2025/12/03 23:14:04 Block Report Received
2025/12/03 23:14:14 Block Report Received
2025/12/03 23:14:24 Block Report Received
2025/12/03 23:14:34 Block Report Received
2025/12/03 23:14:44 Block Report Received
2025/12/03 23:14:54 Block Report Received
2025/12/03 23:15:04 Block Report Received
2025/12/03 23:15:14 Block Report Received
2025/12/03 23:15:24 Block Report Received
2025/12/03 23:15:34 Block Report Received
2025/12/03 23:15:44 Block Report Received
2025/12/03 23:15:54 Block Report Received
2025/12/03 23:16:04 Block Report Received
2025/12/03 23:16:14 Block Report Received
2025/12/03 23:16:24 Block Report Received
2025/12/03 23:16:34 Block Report Received
2025/12/03 23:16:44 Block Report Received
2025/12/03 23:16:54 Block Report Received
2025/12/03 23:17:04 Block Report Received
2025/12/03 23:17:14 Block Report Received
2025/12/03 23:17:24 Block Report Received
2025/12/03 23:17:34 Block Report Received
2025/12/03 23:17:44 Block Report Received
2025/12/03 23:17:54 Block Report Received
2025/12/03 23:18:04 Block Report Received
2025/12/03 23:18:14 Block Report Received
2025/12/03 23:18:24 Block Report Received
2025/12/03 23:18:34 Block Report Received
2025/12/03 23:18:44 Block Report Received
2025/12/03 23:18:54 Block Report Received
2025/12/03 23:19:04 Block Report Received
2025/12/03 23:19:14 Block Report Received
2025/12/03 23:19:24 Block Report Received
2025/12/03 23:19:34 Block Report Received
2025/12/03 23:19:44 Block Report Received
2025/12/03 23:19:54 Block Report Received
2025/12/03 23:20:04 Block Report Received
2025/12/03 23:20:14 Block Report Received
2025/12/03 23:20:24 Block Report Received
2025/12/03 23:20:34 Block Report Received
2025/12/03 23:20:44 Block Report Received
2025/12/03 23:20:54 Block Report Received
2025/12/03 23:21:04 Block Report Received
2025/12/03 23:21:14 Block Report Received
2025/12/03 23:21:24 Block Report Received
2025/12/03 23:21:34 Block Report Received
2025/12/03 23:21:44 Block Report Received
2025/12/03 23:21:54 Block Report Received
2025/12/03 23:22:04 Block Report Received
2025/12/03 23:22:14 Block Report Received
2025/12/03 23:22:24 Block Report Received
2025/12/03 23:22:34 Block Report Received
2025/12/03 23:22:44 Block Report Received
2025/12/03 23:22:54 Block Report Received
2025/12/03 23:23:04 Block Report Received
2025/12/03 23:23:14 Block Report Received
2025/12/03 23:23:24 Block Report Received
2025/12/03 23:23:34 Block Report Received
2025/12/03 23:23:44 Block Report Received
2025/12/03 23:23:54 Block Report Received
2025/12/03 23:24:04 Block Report Received
2025/12/03 23:24:14 Block Report Received
2025/12/03 23:24:24 Block Report Received
2025/12/03 23:24:34 Block Report Received
2025/12/03 23:24:44 Block Report Received
2025/12/03 23:24:54 Block Report Received
2025/12/03 23:25:04 Block Report Received
2025/12/03 23:25:14 Block Report Received
2025/12/03 23:25:24 Block Report Received
2025/12/03 23:25:34 Block Report Received
2025/12/03 23:25:44 Block Report Received
2025/12/03 23:25:54 Block Report Received
2025/12/03 23:26:04 Block Report Received
2025/12/03 23:26:14 Block Report Received
2025/12/03 23:26:24 Block Report Received
2025/12/03 23:26:34 Block Report Received
2025/12/03 23:26:44 Block Report Received
2025/12/03 23:26:54 Block Report Received
2025/12/03 23:27:04 Block Report Received
2025/12/03 23:27:14 Block Report Received
2025/12/03 23:27:24 Block Report Received
2025/12/03 23:27:34 Block Report Received
2025/12/03 23:27:44 Block Report Received
2025/12/03 23:27:54 Block Report Received
2025/12/03 23:28:04 Block Report Received
2025/12/03 23:28:14 Block Report Received
2025/12/03 23:28:24 Block Report Received
2025/12/03 23:28:34 Block Report Received
2025/12/03 23:28:44 Block Report Received
2025/12/03 23:28:54 Block Report Received
2025/12/03 23:29:04 Block Report Received
2025/12/03 23:29:14 Block Report Received
2025/12/03 23:29:24 Block Report Received
2025/12/03 23:29:34 Block Report Received
2025/12/03 23:29:44 Block Report Received
2025/12/03 23:29:54 Block Report Received
2025/12/03 23:30:04 Block Report Received
2025/12/03 23:30:14 Block Report Received
2025/12/03 23:30:24 Block Report Received
2025/12/03 23:30:34 Block Report Received
2025/12/03 23:30:44 Block Report Received
2025/12/03 23:30:54 Block Report Received
2025/12/03 23:31:04 Block Report Received
2025/12/03 23:31:14 Block Report Received
2025/12/03 23:31:24 Block Report Received
2025/12/03 23:31:34 Block Report Received
2025/12/03 23:31:44 Block Report Received
2025/12/03 23:31:54 Block Report Received
2025/12/03 23:32:04 Block Report Received
2025/12/03 23:32:14 Block Report Received
2025/12/03 23:32:24 Block Report Received
2025/12/03 23:32:34 Block Report Received
2025/12/03 23:32:44 Block Report Received
2025/12/03 23:32:54 Block Report Received
2025/12/03 23:33:04 Block Report Received
2025/12/03 23:33:14 Block Report Received
2025/12/03 23:33:24 Block Report Received
2025/12/03 23:33:34 Block Report Received
2025/12/03 23:33:44 Block Report Received
2025/12/03 23:33:54 Block Report Received
2025/12/03 23:34:04 Block Report Received
2025/12/03 23:34:14 Block Report Received
2025/12/03 23:34:24 Block Report Received
2025/12/03 23:34:34 Block Report Received
2025/12/03 23:34:44 Block Report Received
2025/12/03 23:34:54 Block Report Received
2025/12/03 23:35:04 Block Report Received
2025/12/03 23:35:14 Block Report Received
2025/12/03 23:35:24 Block Report Received
2025/12/03 23:35:34 Block Report Received
2025/12/03 23:35:44 Block Report Received
2025/12/03 23:35:54 Block Report Received
2025/12/03 23:36:04 Block Report Received
2025/12/03 23:36:14 Block Report Received
2025/12/03 23:36:24 Block Report Received
2025/12/03 23:36:34 Block Report Received
2025/12/03 23:36:44 Block Report Received
2025/12/03 23:36:54 Block Report Received
2025/12/03 23:37:04 Block Report Received
2025/12/03 23:37:14 Block Report Received
2025/12/03 23:37:24 Block Report Received
2025/12/03 23:37:34 Block Report Received
2025/12/03 23:37:44 Block Report Received
2025/12/03 23:37:54 Block Report Received
2025/12/03 23:38:04 Block Report Received
2025/12/03 23:38:14 Block Report Received
2025/12/03 23:38:24 Block Report Received
2025/12/03 23:38:34 Block Report Received
2025/12/03 23:38:44 Block Report Received
2025/12/03 23:38:54 Block Report Received
2025/12/03 23:39:04 Block Report Received
2025/12/03 23:39:14 Block Report Received
2025/12/03 23:39:24 Block Report Received
2025/12/03 23:39:34 Block Report Received
2025/12/03 23:39:44 Block Report Received
2025/12/03 23:39:54 Block Report Received
2025/12/03 23:40:04 Block Report Received
2025/12/03 23:40:14 Block Report Received
2025/12/03 23:40:24 Block Report Received
2025/12/03 23:40:34 Block Report Received
2025/12/03 23:40:44 Block Report Received
2025/12/03 23:40:54 Block Report Received
2025/12/03 23:41:04 Block Report Received
2025/12/03 23:41:14 Block Report Received
2025/12/03 23:41:24 Block Report Received
2025/12/03 23:41:34 Block Report Received
2025/12/03 23:41:44 Block Report Received
2025/12/03 23:41:54 Block Report Received
2025/12/03 23:42:04 Block Report Received
2025/12/03 23:42:14 Block Report Received
2025/12/03 23:42:24 Block Report Received
2025/12/03 23:42:34 Block Report Received
2025/12/03 23:42:44 Block Report Received
2025/12/03 23:42:54 Block Report Received
2025/12/03 23:43:04 Block Report Received
2025/12/03 23:43:14 Block Report Received
2025/12/03 23:43:24 Block Report Received
2025/12/03 23:43:34 Block Report Received
2025/12/03 23:43:44 Block Report Received
2025/12/03 23:43:54 Block Report Received
2025/12/03 23:44:04 Block Report Received
2025/12/03 23:44:14 Block Report Received
2025/12/03 23:44:24 Block Report Received
2025/12/03 23:44:34 Block Report Received
2025/12/03 23:44:44 Block Report Received
2025/12/03 23:44:54 Block Report Received
2025/12/03 23:45:04 Block Report Received
2025/12/03 23:45:14 Block Report Received
2025/12/03 23:45:24 Block Report Received
2025/12/03 23:45:34 Block Report Received
2025/12/03 23:45:44 Block Report Received
2025/12/03 23:45:54 Block Report Received
2025/12/03 23:46:04 Block Report Received
2025/12/03 23:46:14 Block Report Received
2025/12/03 23:46:24 Block Report Received
2025/12/03 23:46:34 Block Report Received
2025/12/03 23:46:44 Block Report Received
2025/12/03 23:46:54 Block Report Received
2025/12/03 23:47:04 Block Report Received
2025/12/03 23:47:14 Block Report Received
2025/12/03 23:47:24 Block Report Received
2025/12/03 23:47:34 Block Report Received
2025/12/03 23:47:44 Block Report Received
2025/12/03 23:47:54 Block Report Received
2025/12/03 23:48:04 Block Report Received
2025/12/03 23:48:14 Block Report Received
2025/12/03 23:48:24 Block Report Received
2025/12/03 23:48:34 Block Report Received
2025/12/03 23:48:44 Block Report Received
2025/12/03 23:48:54 Block Report Received
2025/12/03 23:49:04 Block Report Received
2025/12/03 23:49:14 Block Report Received
2025/12/03 23:49:24 Block Report Received
2025/12/03 23:49:34 Block Report Received
2025/12/03 23:49:44 Block Report Received
2025/12/03 23:49:54 Block Report Received
2025/12/03 23:50:04 Block Report Received
2025/12/03 23:50:14 Block Report Received
2025/12/03 23:50:24 Block Report Received
2025/12/03 23:50:34 Block Report Received
2025/12/03 23:50:44 Block Report Received
2025/12/03 23:50:54 Block Report Received
2025/12/03 23:51:04 Block Report Received
2025/12/03 23:51:14 Block Report Received
2025/12/03 23:51:24 Block Report Received
2025/12/03 23:51:34 Block Report Received
2025/12/03 23:51:44 Block Report Received
2025/12/03 23:51:54 Block Report Received
2025/12/03 23:52:04 Block Report Received
2025/12/03 23:52:14 Block Report Received
2025/12/03 23:52:24 Block Report Received
2025/12/03 23:52:34 Block Report Received
2025/12/03 23:52:44 Block Report Received
2025/12/03 23:52:54 Block Report Received
2025/12/03 23:53:04 Block Report Received
2025/12/03 23:53:14 Block Report Received
2025/12/03 23:53:24 Block Report Received
2025/12/03 23:53:34 Block Report Received
2025/12/03 23:53:44 Block Report Received
2025/12/03 23:53:54 Block Report Received
2025/12/03 23:54:04 Block Report Received
2025/12/03 23:54:14 Block Report Received
2025/12/03 23:54:24 Block Report Received
2025/12/03 23:54:34 Block Report Received
2025/12/03 23:54:44 Block Report Received
2025/12/03 23:54:54 Block Report Received
2025/12/03 23:55:04 Block Report Received
2025/12/03 23:55:14 Block Report Received
2025/12/03 23:55:24 Block Report Received
2025/12/03 23:55:34 Block Report Received
2025/12/03 23:55:44 Block Report Received
2025/12/03 23:55:54 Block Report Received
2025/12/03 23:56:04 Block Report Received
2025/12/03 23:56:14 Block Report Received
2025/12/03 23:56:24 Block Report Received
2025/12/03 23:56:34 Block Report Received
2025/12/03 23:56:44 Block Report Received
2025/12/03 23:56:54 Block Report Received
2025/12/03 23:57:04 Block Report Received
2025/12/03 23:57:14 Block Report Received
2025/12/03 23:57:24 Block Report Received
2025/12/03 23:57:34 Block Report Received
2025/12/03 23:57:44 Block Report Received
2025/12/03 23:57:54 Block Report Received
2025/12/03 23:58:04 Block Report Received
2025/12/03 23:58:14 Block Report Received
2025/12/03 23:58:24 Block Report Received
2025/12/03 23:58:34 Block Report Received
2025/12/03 23:58:44 Block Report Received
2025/12/03 23:58:54 Block Report Received
2025/12/03 23:59:04 Block Report Received
2025/12/03 23:59:14 Block Report Received
2025/12/03 23:59:24 Block Report Received
2025/12/03 23:59:34 Block Report Received
2025/12/03 23:59:44 Block Report Received
2025/12/03 23:59:54 Block Report Received
2025/12/04 00:00:04 Block Report Received
2025/12/04 00:00:14 Block Report Received
2025/12/04 00:00:24 Block Report Received
2025/12/04 00:00:34 Block Report Received
2025/12/04 00:00:44 Block Report Received
2025/12/04 00:00:54 Block Report Received
2025/12/04 00:01:04 Block Report Received
2025/12/04 00:01:14 Block Report Received
2025/12/04 00:01:24 Block Report Received
2025/12/04 00:01:34 Block Report Received
2025/12/04 00:01:44 Block Report Received
2025/12/04 00:01:54 Block Report Received
2025/12/04 00:02:04 Block Report Received
2025/12/04 00:02:14 Block Report Received
2025/12/04 00:02:24 Block Report Received
2025/12/04 00:02:34 Block Report Received
2025/12/04 00:02:44 Block Report Received
2025/12/04 00:02:54 Block Report Received
2025/12/04 00:03:04 Block Report Received
2025/12/04 00:03:14 Block Report Received
2025/12/04 00:03:24 Block Report Received
2025/12/04 00:03:34 Block Report Received
2025/12/04 00:03:44 Block Report Received
2025/12/04 00:03:54 Block Report Received
2025/12/04 00:04:04 Block Report Received
2025/12/04 00:04:14 Block Report Received
2025/12/04 00:04:24 Block Report Received
2025/12/04 00:04:34 Block Report Received
2025/12/04 00:04:44 Block Report Received
2025/12/04 00:04:54 Block Report Received
2025/12/04 00:05:04 Block Report Received
2025/12/04 00:05:14 Block Report Received
2025/12/04 00:05:24 Block Report Received
2025/12/04 00:05:34 Block Report Received
2025/12/04 00:05:44 Block Report Received
2025/12/04 00:05:54 Block Report Received
2025/12/04 00:06:04 Block Report Received
2025/12/04 00:06:14 Block Report Received
2025/12/04 00:06:24 Block Report Received
2025/12/04 00:06:34 Block Report Received
2025/12/04 00:06:44 Block Report Received
2025/12/04 00:06:54 Block Report Received
2025/12/04 00:07:04 Block Report Received
2025/12/04 00:07:14 Block Report Received
2025/12/04 00:07:24 Block Report Received
2025/12/04 00:07:34 Block Report Received
2025/12/04 00:07:44 Block Report Received
2025/12/04 00:07:54 Block Report Received
2025/12/04 00:08:04 Block Report Received
2025/12/04 00:08:14 Block Report Received
2025/12/04 00:08:24 Block Report Received
2025/12/04 00:08:34 Block Report Received
2025/12/04 00:08:44 Block Report Received
2025/12/04 00:08:54 Block Report Received
2025/12/04 00:09:04 Block Report Received
2025/12/04 00:09:14 Block Report Received
2025/12/04 00:09:24 Block Report Received
2025/12/04 00:09:34 Block Report Received
2025/12/04 00:09:44 Block Report Received
2025/12/04 00:09:54 Block Report Received
2025/12/04 00:10:04 Block Report Received
2025/12/04 00:10:14 Block Report Received
2025/12/04 00:10:24 Block Report Received
2025/12/04 00:10:34 Block Report Received
2025/12/04 00:10:44 Block Report Received
2025/12/04 00:10:54 Block Report Received
2025/12/04 00:11:04 Block Report Received
2025/12/04 00:11:14 Block Report Received
2025/12/04 00:11:24 Block Report Received
2025/12/04 00:11:34 Block Report Received
2025/12/04 00:11:44 Block Report Received
2025/12/04 00:11:54 Block Report Received
2025/12/04 00:12:04 Block Report Received
2025/12/04 00:12:14 Block Report Received
2025/12/04 00:12:24 Block Report Received
2025/12/04 00:12:34 Block Report Received
2025/12/04 00:12:44 Block Report Received
2025/12/04 00:12:54 Block Report Received
2025/12/04 00:13:04 Block Report Received
2025/12/04 00:13:14 Block Report Received
2025/12/04 00:13:24 Block Report Received
2025/12/04 00:13:34 Block Report Received
2025/12/04 00:13:44 Block Report Received
2025/12/04 00:13:54 Block Report Received
2025/12/04 00:14:04 Block Report Received
2025/12/04 00:14:14 Block Report Received
2025/12/04 00:14:24 Block Report Received
2025/12/04 00:14:34 Block Report Received
2025/12/04 00:14:44 Block Report Received
2025/12/04 00:14:54 Block Report Received
2025/12/04 00:15:04 Block Report Received
2025/12/04 00:15:14 Block Report Received
2025/12/04 00:15:24 Block Report Received
2025/12/04 00:15:34 Block Report Received
2025/12/04 00:15:44 Block Report Received
2025/12/04 00:15:54 Block Report Received
2025/12/04 00:16:04 Block Report Received
2025/12/04 00:16:14 Block Report Received
2025/12/04 00:16:24 Block Report Received
2025/12/04 00:16:34 Block Report Received
2025/12/04 00:16:44 Block Report Received
2025/12/04 00:16:54 Block Report Received
2025/12/04 00:17:04 Block Report Received
2025/12/04 00:17:14 Block Report Received
2025/12/04 00:17:24 Block Report Received
2025/12/04 00:17:34 Block Report Received
2025/12/04 00:17:44 Block Report Received
2025/12/04 00:17:54 Block Report Received
2025/12/04 00:18:04 Block Report Received
2025/12/04 00:18:14 Block Report Received
2025/12/04 00:18:24 Block Report Received
2025/12/04 00:18:34 Block Report Received
2025/12/04 00:18:44 Block Report Received
2025/12/04 00:18:54 Block Report Received
2025/12/04 00:19:04 Block Report Received
2025/12/04 00:19:14 Block Report Received
2025/12/04 00:19:24 Block Report Received
2025/12/04 00:19:34 Block Report Received
2025/12/04 00:19:44 Block Report Received
2025/12/04 00:19:54 Block Report Received
2025/12/04 00:20:04 Block Report Received
2025/12/04 00:20:14 Block Report Received
2025/12/04 00:20:24 Block Report Received
2025/12/04 00:20:34 Block Report Received
2025/12/04 00:20:44 Block Report Received
2025/12/04 00:20:54 Block Report Received
2025/12/04 00:21:04 Block Report Received
2025/12/04 00:21:14 Block Report Received
2025/12/04 00:21:24 Block Report Received
2025/12/04 00:21:34 Block Report Received
2025/12/04 00:21:44 Block Report Received
2025/12/04 00:21:54 Block Report Received
2025/12/04 00:22:04 Block Report Received
2025/12/04 00:22:14 Block Report Received
2025/12/04 00:22:24 Block Report Received
2025/12/04 00:22:34 Block Report Received
2025/12/04 00:22:44 Block Report Received
2025/12/04 00:22:54 Block Report Received
2025/12/04 00:23:04 Block Report Received
2025/12/04 00:23:14 Block Report Received
2025/12/04 00:23:24 Block Report Received
2025/12/04 00:23:34 Block Report Received
2025/12/04 00:23:44 Block Report Received
2025/12/04 00:23:54 Block Report Received
2025/12/04 00:24:04 Block Report Received
2025/12/04 00:24:14 Block Report Received
2025/12/04 00:24:24 Block Report Received
2025/12/04 00:24:34 Block Report Received
2025/12/04 00:24:44 Block Report Received
2025/12/04 00:24:54 Block Report Received
2025/12/04 00:25:04 Block Report Received
2025/12/04 00:25:14 Block Report Received
2025/12/04 00:25:24 Block Report Received
2025/12/04 00:25:34 Block Report Received
2025/12/04 00:25:44 Block Report Received
2025/12/04 00:25:54 Block Report Received
2025/12/04 00:26:04 Block Report Received
2025/12/04 00:26:14 Block Report Received
2025/12/04 00:26:24 Block Report Received
2025/12/04 00:26:34 Block Report Received
2025/12/04 00:26:44 Block Report Received
2025/12/04 00:26:54 Block Report Received
2025/12/04 00:27:04 Block Report Received
2025/12/04 00:27:14 Block Report Received
2025/12/04 00:27:24 Block Report Received
2025/12/04 00:27:34 Block Report Received
2025/12/04 00:27:44 Block Report Received
2025/12/04 00:27:54 Block Report Received
2025/12/04 00:28:04 Block Report Received
2025/12/04 00:28:14 Block Report Received
2025/12/04 00:28:24 Block Report Received
2025/12/04 00:28:34 Block Report Received
2025/12/04 00:28:44 Block Report Received
2025/12/04 00:28:54 Block Report Received
2025/12/04 00:29:04 Block Report Received
2025/12/04 00:29:14 Block Report Received
2025/12/04 00:29:24 Block Report Received
2025/12/04 00:29:34 Block Report Received
2025/12/04 00:29:44 Block Report Received
2025/12/04 00:29:54 Block Report Received
2025/12/04 00:30:04 Block Report Received
2025/12/04 00:30:14 Block Report Received
2025/12/04 00:30:24 Block Report Received
2025/12/04 00:30:34 Block Report Received
2025/12/04 00:30:44 Block Report Received
2025/12/04 00:30:54 Block Report Received
2025/12/04 00:31:04 Block Report Received
2025/12/04 00:31:14 Block Report Received
2025/12/04 00:31:24 Block Report Received
2025/12/04 00:31:34 Block Report Received
2025/12/04 00:31:44 Block Report Received
2025/12/04 00:31:54 Block Report Received
2025/12/04 00:32:04 Block Report Received
2025/12/04 00:32:14 Block Report Received
2025/12/04 00:32:24 Block Report Received
2025/12/04 00:32:34 Block Report Received
2025/12/04 00:32:44 Block Report Received
2025/12/04 00:32:54 Block Report Received
2025/12/04 00:33:04 Block Report Received
2025/12/04 00:33:14 Block Report Received
2025/12/04 00:33:24 Block Report Received
2025/12/04 00:33:34 Block Report Received
2025/12/04 00:33:44 Block Report Received
2025/12/04 00:33:54 Block Report Received
2025/12/04 00:34:04 Block Report Received
2025/12/04 00:34:14 Block Report Received
2025/12/04 00:34:24 Block Report Received
2025/12/04 00:34:34 Block Report Received
2025/12/04 00:34:44 Block Report Received
2025/12/04 00:34:54 Block Report Received
2025/12/04 00:35:04 Block Report Received
2025/12/04 00:35:14 Block Report Received
2025/12/04 00:35:24 Block Report Received
2025/12/04 00:35:34 Block Report Received
2025/12/04 00:35:44 Block Report Received
2025/12/04 00:35:54 Block Report Received
2025/12/04 00:36:04 Block Report Received
2025/12/04 00:36:14 Block Report Received
2025/12/04 00:36:24 Block Report Received
2025/12/04 00:36:34 Block Report Received
2025/12/04 00:36:44 Block Report Received
2025/12/04 00:36:54 Block Report Received
2025/12/04 00:37:04 Block Report Received
2025/12/04 00:37:14 Block Report Received
2025/12/04 00:37:24 Block Report Received
2025/12/04 00:37:34 Block Report Received
2025/12/04 00:37:44 Block Report Received
2025/12/04 00:37:54 Block Report Received
2025/12/04 00:38:04 Block Report Received
2025/12/04 00:38:14 Block Report Received
2025/12/04 00:38:24 Block Report Received
2025/12/04 00:38:34 Block Report Received
2025/12/04 00:38:44 Block Report Received
2025/12/04 00:38:54 Block Report Received
2025/12/04 00:39:04 Block Report Received
2025/12/04 00:39:14 Block Report Received
2025/12/04 00:39:24 Block Report Received
2025/12/04 00:39:34 Block Report Received
2025/12/04 00:39:44 Block Report Received
2025/12/04 00:39:54 Block Report Received
2025/12/04 00:40:04 Block Report Received
2025/12/04 00:40:14 Block Report Received
2025/12/04 00:40:24 Block Report Received
2025/12/04 00:40:34 Block Report Received
2025/12/04 00:40:44 Block Report Received
2025/12/04 00:40:54 Block Report Received
2025/12/04 00:41:04 Block Report Received
2025/12/04 00:41:14 Block Report Received
2025/12/04 00:41:24 Block Report Received
2025/12/04 00:41:34 Block Report Received
2025/12/04 00:41:44 Block Report Received
2025/12/04 00:41:54 Block Report Received
2025/12/04 00:42:04 Block Report Received
2025/12/04 00:42:14 Block Report Received
2025/12/04 00:42:24 Block Report Received
2025/12/04 00:42:34 Block Report Received
2025/12/04 00:42:44 Block Report Received
2025/12/04 00:42:54 Block Report Received
2025/12/04 00:43:04 Block Report Received
2025/12/04 00:43:14 Block Report Received
2025/12/04 00:43:24 Block Report Received
2025/12/04 00:43:34 Block Report Received
2025/12/04 00:43:44 Block Report Received
2025/12/04 00:43:54 Block Report Received
2025/12/04 00:44:04 Block Report Received
2025/12/04 00:44:14 Block Report Received
2025/12/04 00:44:24 Block Report Received
2025/12/04 00:44:34 Block Report Received
2025/12/04 00:44:44 Block Report Received
2025/12/04 00:44:54 Block Report Received
2025/12/04 00:45:04 Block Report Received
2025/12/04 00:45:14 Block Report Received
2025/12/04 00:45:24 Block Report Received
2025/12/04 00:45:34 Block Report Received
2025/12/04 00:45:44 Block Report Received
2025/12/04 00:45:54 Block Report Received
2025/12/04 00:46:04 Block Report Received
2025/12/04 00:46:14 Block Report Received
2025/12/04 00:46:24 Block Report Received
2025/12/04 00:46:34 Block Report Received
2025/12/04 00:46:44 Block Report Received
2025/12/04 00:46:54 Block Report Received
2025/12/04 00:47:04 Block Report Received
2025/12/04 00:47:14 Block Report Received
2025/12/04 00:47:24 Block Report Received
2025/12/04 00:47:34 Block Report Received
2025/12/04 00:47:44 Block Report Received
2025/12/04 00:47:54 Block Report Received
2025/12/04 00:48:04 Block Report Received
2025/12/04 00:48:14 Block Report Received
2025/12/04 00:48:24 Block Report Received
2025/12/04 00:48:34 Block Report Received
2025/12/04 00:48:44 Block Report Received
2025/12/04 00:48:54 Block Report Received
2025/12/04 00:49:04 Block Report Received
2025/12/04 00:49:14 Block Report Received
2025/12/04 00:49:24 Block Report Received
2025/12/04 00:49:34 Block Report Received
2025/12/04 00:49:44 Block Report Received
2025/12/04 00:49:54 Block Report Received
2025/12/04 00:50:04 Block Report Received
2025/12/04 00:50:14 Block Report Received
2025/12/04 00:50:24 Block Report Received
2025/12/04 00:50:34 Block Report Received
2025/12/04 00:50:44 Block Report Received
2025/12/04 00:50:54 Block Report Received
2025/12/04 00:51:04 Block Report Received
2025/12/04 00:51:14 Block Report Received
2025/12/04 00:51:24 Block Report Received
2025/12/04 00:51:34 Block Report Received
2025/12/04 00:51:44 Block Report Received
2025/12/04 00:51:54 Block Report Received
2025/12/04 00:52:04 Block Report Received
2025/12/04 00:52:14 Block Report Received
2025/12/04 00:52:24 Block Report Received
2025/12/04 00:52:34 Block Report Received
2025/12/04 00:52:44 Block Report Received
2025/12/04 00:52:54 Block Report Received
2025/12/04 00:53:04 Block Report Received
2025/12/04 00:53:14 Block Report Received
2025/12/04 00:53:24 Block Report Received
2025/12/04 00:53:34 Block Report Received
2025/12/04 00:53:44 Block Report Received
2025/12/04 00:53:54 Block Report Received
2025/12/04 00:54:04 Block Report Received
2025/12/04 00:54:14 Block Report Received
2025/12/04 00:54:24 Block Report Received
2025/12/04 00:54:34 Block Report Received
2025/12/04 00:54:44 Block Report Received
2025/12/04 00:54:54 Block Report Received
2025/12/04 00:55:04 Block Report Received
2025/12/04 00:55:14 Block Report Received
2025/12/04 00:55:24 Block Report Received
2025/12/04 00:55:34 Block Report Received
2025/12/04 00:55:44 Block Report Received
2025/12/04 00:55:54 Block Report Received
2025/12/04 00:56:04 Block Report Received
2025/12/04 00:56:14 Block Report Received
2025/12/04 00:56:24 Block Report Received
2025/12/04 00:56:34 Block Report Received
2025/12/04 00:56:44 Block Report Received
2025/12/04 00:56:54 Block Report Received
2025/12/04 00:57:04 Block Report Received
2025/12/04 00:57:14 Block Report Received
2025/12/04 00:57:24 Block Report Received
2025/12/04 00:57:34 Block Report Received
2025/12/04 00:57:44 Block Report Received
2025/12/04 00:57:54 Block Report Received
2025/12/04 00:58:04 Block Report Received
2025/12/04 00:58:14 Block Report Received
2025/12/04 00:58:24 Block Report Received
2025/12/04 00:58:34 Block Report Received
2025/12/04 00:58:44 Block Report Received
2025/12/04 00:58:54 Block Report Received
2025/12/04 00:59:04 Block Report Received
2025/12/04 00:59:14 Block Report Received
2025/12/04 00:59:24 Block Report Received
2025/12/04 00:59:34 Block Report Received
2025/12/04 00:59:44 Block Report Received
2025/12/04 00:59:54 Block Report Received
2025/12/04 01:00:04 Block Report Received
2025/12/04 01:00:14 Block Report Received
2025/12/04 01:00:24 Block Report Received
2025/12/04 01:00:34 Block Report Received
2025/12/04 01:00:44 Block Report Received
2025/12/04 01:00:54 Block Report Received
2025/12/04 01:01:04 Block Report Received
2025/12/04 01:01:14 Block Report Received
2025/12/04 01:01:24 Block Report Received
2025/12/04 01:01:34 Block Report Received
2025/12/04 01:01:44 Block Report Received
2025/12/04 01:01:54 Block Report Received
2025/12/04 01:02:04 Block Report Received
2025/12/04 01:02:14 Block Report Received
2025/12/04 01:02:24 Block Report Received
2025/12/04 01:02:34 Block Report Received
2025/12/04 01:02:44 Block Report Received
2025/12/04 01:02:54 Block Report Received
2025/12/04 01:03:04 Block Report Received
2025/12/04 01:03:14 Block Report Received
2025/12/04 01:03:24 Block Report Received
2025/12/04 01:03:34 Block Report Received
2025/12/04 01:03:44 Block Report Received
2025/12/04 01:03:54 Block Report Received
2025/12/04 01:04:04 Block Report Received
2025/12/04 01:04:14 Block Report Received
2025/12/04 01:04:24 Block Report Received
2025/12/04 01:04:34 Block Report Received
2025/12/04 01:04:44 Block Report Received
2025/12/04 01:04:54 Block Report Received
2025/12/04 01:05:04 Block Report Received
2025/12/04 01:05:14 Block Report Received
2025/12/04 01:05:24 Block Report Received
2025/12/04 01:05:34 Block Report Received
2025/12/04 01:05:44 Block Report Received
2025/12/04 01:05:54 Block Report Received
2025/12/04 01:06:04 Block Report Received
2025/12/04 01:06:14 Block Report Received
2025/12/04 01:06:24 Block Report Received
2025/12/04 01:06:34 Block Report Received
2025/12/04 01:06:44 Block Report Received
2025/12/04 01:06:54 Block Report Received
2025/12/04 01:07:04 Block Report Received
2025/12/04 01:07:14 Block Report Received
2025/12/04 01:07:24 Block Report Received
2025/12/04 01:07:34 Block Report Received
2025/12/04 01:07:44 Block Report Received
2025/12/04 01:07:54 Block Report Received
2025/12/04 01:08:04 Block Report Received
2025/12/04 01:08:14 Block Report Received
2025/12/04 01:08:24 Block Report Received
2025/12/04 01:08:34 Block Report Received
2025/12/04 01:08:44 Block Report Received
2025/12/04 01:08:54 Block Report Received
2025/12/04 01:09:04 Block Report Received
2025/12/04 01:09:14 Block Report Received
2025/12/04 01:09:24 Block Report Received
2025/12/04 01:09:34 Block Report Received
2025/12/04 01:09:44 Block Report Received
2025/12/04 01:09:54 Block Report Received
2025/12/04 01:10:04 Block Report Received
2025/12/04 01:10:14 Block Report Received
2025/12/04 01:10:24 Block Report Received
2025/12/04 01:10:34 Block Report Received
2025/12/04 01:10:44 Block Report Received
2025/12/04 01:10:54 Block Report Received
2025/12/04 01:11:04 Block Report Received
2025/12/04 01:11:14 Block Report Received
2025/12/04 01:11:24 Block Report Received
2025/12/04 01:11:34 Block Report Received
2025/12/04 01:11:44 Block Report Received
2025/12/04 01:11:54 Block Report Received
2025/12/04 01:12:04 Block Report Received
2025/12/04 01:12:14 Block Report Received
2025/12/04 01:12:24 Block Report Received
2025/12/04 01:12:34 Block Report Received
2025/12/04 01:12:44 Block Report Received
2025/12/04 01:12:54 Block Report Received
2025/12/04 01:13:04 Block Report Received
2025/12/04 01:13:14 Block Report Received
2025/12/04 01:13:24 Block Report Received
2025/12/04 01:13:34 Block Report Received
2025/12/04 01:13:44 Block Report Received
2025/12/04 01:13:54 Block Report Received
2025/12/04 01:14:04 Block Report Received
2025/12/04 01:14:14 Block Report Received
2025/12/04 01:14:24 Block Report Received
2025/12/04 01:14:34 Block Report Received
2025/12/04 01:14:44 Block Report Received
2025/12/04 01:14:54 Block Report Received
2025/12/04 01:15:04 Block Report Received
2025/12/04 01:15:14 Block Report Received
2025/12/04 01:15:24 Block Report Received
2025/12/04 01:15:34 Block Report Received
2025/12/04 01:15:44 Block Report Received
2025/12/04 01:15:54 Block Report Received
2025/12/04 01:16:04 Block Report Received
2025/12/04 01:16:14 Block Report Received
2025/12/04 01:16:24 Block Report Received
2025/12/04 01:16:34 Block Report Received
2025/12/04 01:16:44 Block Report Received
2025/12/04 01:16:54 Block Report Received
2025/12/04 01:17:04 Block Report Received
2025/12/04 01:17:14 Block Report Received
2025/12/04 01:17:24 Block Report Received
2025/12/04 01:17:34 Block Report Received
2025/12/04 01:17:44 Block Report Received
2025/12/04 01:17:54 Block Report Received
2025/12/04 01:18:04 Block Report Received
2025/12/04 01:18:14 Block Report Received
2025/12/04 01:18:24 Block Report Received
2025/12/04 01:18:34 Block Report Received
2025/12/04 01:18:44 Block Report Received
2025/12/04 01:18:54 Block Report Received
2025/12/04 01:19:04 Block Report Received
2025/12/04 01:19:14 Block Report Received
2025/12/04 01:19:24 Block Report Received
2025/12/04 01:19:34 Block Report Received
2025/12/04 01:19:44 Block Report Received
2025/12/04 01:19:54 Block Report Received
2025/12/04 01:20:04 Block Report Received
2025/12/04 01:20:14 Block Report Received
2025/12/04 01:20:24 Block Report Received
2025/12/04 01:20:34 Block Report Received
2025/12/04 01:20:44 Block Report Received
2025/12/04 01:20:54 Block Report Received
2025/12/04 01:21:04 Block Report Received
2025/12/04 01:21:14 Block Report Received
2025/12/04 01:21:24 Block Report Received
2025/12/04 01:21:34 Block Report Received
2025/12/04 01:21:44 Block Report Received
2025/12/04 01:21:54 Block Report Received
2025/12/04 01:22:04 Block Report Received
2025/12/04 01:22:14 Block Report Received
2025/12/04 01:22:24 Block Report Received
2025/12/04 01:22:34 Block Report Received
2025/12/04 01:22:44 Block Report Received
2025/12/04 01:22:54 Block Report Received
2025/12/04 01:23:04 Block Report Received
2025/12/04 01:23:14 Block Report Received
2025/12/04 01:23:24 Block Report Received
2025/12/04 01:23:34 Block Report Received
2025/12/04 01:23:44 Block Report Received
2025/12/04 01:23:54 Block Report Received
2025/12/04 01:24:04 Block Report Received
2025/12/04 01:24:14 Block Report Received
2025/12/04 01:24:24 Block Report Received
2025/12/04 01:24:34 Block Report Received
2025/12/04 01:24:44 Block Report Received
2025/12/04 01:24:54 Block Report Received
2025/12/04 01:25:04 Block Report Received
2025/12/04 01:25:14 Block Report Received
2025/12/04 01:25:24 Block Report Received
2025/12/04 01:25:34 Block Report Received
2025/12/04 01:25:44 Block Report Received
2025/12/04 01:25:54 Block Report Received
2025/12/04 01:26:04 Block Report Received
2025/12/04 01:26:14 Block Report Received
2025/12/04 01:26:24 Block Report Received
2025/12/04 01:26:34 Block Report Received
2025/12/04 01:26:44 Block Report Received
2025/12/04 01:26:54 Block Report Received
2025/12/04 01:27:04 Block Report Received
2025/12/04 01:27:14 Block Report Received
2025/12/04 01:27:24 Block Report Received
2025/12/04 01:27:34 Block Report Received
2025/12/04 01:27:44 Block Report Received
2025/12/04 01:27:54 Block Report Received
2025/12/04 01:28:04 Block Report Received
2025/12/04 01:28:14 Block Report Received
2025/12/04 01:28:24 Block Report Received
2025/12/04 01:28:34 Block Report Received
2025/12/04 01:28:44 Block Report Received
2025/12/04 01:28:54 Block Report Received
2025/12/04 01:29:04 Block Report Received
2025/12/04 01:29:14 Block Report Received
2025/12/04 01:29:24 Block Report Received
2025/12/04 01:29:34 Block Report Received
2025/12/04 01:29:44 Block Report Received
2025/12/04 01:29:54 Block Report Received
2025/12/04 01:30:04 Block Report Received
2025/12/04 01:30:14 Block Report Received
2025/12/04 01:30:24 Block Report Received
2025/12/04 01:30:34 Block Report Received
2025/12/04 01:30:44 Block Report Received
2025/12/04 01:30:54 Block Report Received
2025/12/04 01:31:04 Block Report Received
2025/12/04 01:31:14 Block Report Received
2025/12/04 01:31:24 Block Report Received
2025/12/04 01:31:34 Block Report Received
2025/12/04 01:31:44 Block Report Received
2025/12/04 01:31:54 Block Report Received
2025/12/04 01:32:04 Block Report Received
2025/12/04 01:32:14 Block Report Received
2025/12/04 01:32:24 Block Report Received
2025/12/04 01:32:34 Block Report Received
2025/12/04 01:32:44 Block Report Received
2025/12/04 01:32:54 Block Report Received
2025/12/04 01:33:04 Block Report Received
2025/12/04 01:33:14 Block Report Received
2025/12/04 01:33:24 Block Report Received
2025/12/04 01:33:34 Block Report Received
2025/12/04 01:33:44 Block Report Received
2025/12/04 01:33:54 Block Report Received
2025/12/04 01:34:04 Block Report Received
2025/12/04 01:34:14 Block Report Received
2025/12/04 01:34:24 Block Report Received
2025/12/04 01:34:34 Block Report Received
2025/12/04 01:34:44 Block Report Received
2025/12/04 01:34:54 Block Report Received
2025/12/04 01:35:04 Block Report Received
2025/12/04 01:35:14 Block Report Received
2025/12/04 01:35:24 Block Report Received
2025/12/04 01:35:34 Block Report Received
2025/12/04 01:35:44 Block Report Received
2025/12/04 01:35:54 Block Report Received
2025/12/04 01:36:04 Block Report Received
2025/12/04 01:36:14 Block Report Received
2025/12/04 01:36:24 Block Report Received
2025/12/04 01:36:34 Block Report Received
2025/12/04 01:36:44 Block Report Received
2025/12/04 01:36:54 Block Report Received
2025/12/04 01:37:04 Block Report Received
2025/12/04 01:37:14 Block Report Received
2025/12/04 01:37:24 Block Report Received
2025/12/04 01:37:34 Block Report Received
2025/12/04 01:37:44 Block Report Received
2025/12/04 01:37:54 Block Report Received
2025/12/04 01:38:04 Block Report Received
2025/12/04 01:38:14 Block Report Received
2025/12/04 01:38:24 Block Report Received
2025/12/04 01:38:34 Block Report Received
2025/12/04 01:38:44 Block Report Received
2025/12/04 01:38:54 Block Report Received
2025/12/04 01:39:04 Block Report Received
2025/12/04 01:39:14 Block Report Received
2025/12/04 01:39:24 Block Report Received
2025/12/04 01:39:34 Block Report Received
2025/12/04 01:39:44 Block Report Received
2025/12/04 01:39:54 Block Report Received
2025/12/04 01:40:04 Block Report Received
2025/12/04 01:40:14 Block Report Received
2025/12/04 01:40:24 Block Report Received
2025/12/04 01:40:34 Block Report Received
2025/12/04 01:40:44 Block Report Received
2025/12/04 01:40:54 Block Report Received
2025/12/04 01:41:04 Block Report Received
2025/12/04 01:41:14 Block Report Received
2025/12/04 01:41:24 Block Report Received
2025/12/04 01:41:34 Block Report Received
2025/12/04 01:41:44 Block Report Received
2025/12/04 01:41:54 Block Report Received
2025/12/04 01:42:04 Block Report Received
2025/12/04 01:42:14 Block Report Received
2025/12/04 01:42:24 Block Report Received
2025/12/04 01:42:34 Block Report Received
2025/12/04 01:42:44 Block Report Received
2025/12/04 01:42:54 Block Report Received
2025/12/04 01:43:04 Block Report Received
2025/12/04 01:43:14 Block Report Received
2025/12/04 01:43:24 Block Report Received
2025/12/04 01:43:34 Block Report Received
2025/12/04 01:43:44 Block Report Received
2025/12/04 01:43:54 Block Report Received
2025/12/04 01:44:04 Block Report Received
2025/12/04 01:44:14 Block Report Received
2025/12/04 01:44:24 Block Report Received
2025/12/04 01:44:34 Block Report Received
2025/12/04 01:44:44 Block Report Received
2025/12/04 01:44:54 Block Report Received
2025/12/04 01:45:04 Block Report Received
2025/12/04 01:45:14 Block Report Received
2025/12/04 01:45:24 Block Report Received
2025/12/04 01:45:34 Block Report Received
2025/12/04 01:45:44 Block Report Received
2025/12/04 01:45:54 Block Report Received
2025/12/04 01:46:04 Block Report Received
2025/12/04 01:46:14 Block Report Received
2025/12/04 01:46:24 Block Report Received
2025/12/04 01:46:34 Block Report Received
2025/12/04 01:46:44 Block Report Received
2025/12/04 01:46:54 Block Report Received
2025/12/04 01:47:04 Block Report Received
2025/12/04 01:47:14 Block Report Received
2025/12/04 01:47:24 Block Report Received
2025/12/04 01:47:34 Block Report Received
2025/12/04 01:47:44 Block Report Received
2025/12/04 01:47:54 Block Report Received
2025/12/04 01:48:04 Block Report Received
2025/12/04 01:48:14 Block Report Received
2025/12/04 01:48:24 Block Report Received
2025/12/04 01:48:34 Block Report Received
2025/12/04 01:48:44 Block Report Received
2025/12/04 01:48:54 Block Report Received
2025/12/04 01:49:04 Block Report Received
2025/12/04 01:49:14 Block Report Received
2025/12/04 01:49:24 Block Report Received
2025/12/04 01:49:34 Block Report Received
2025/12/04 01:49:44 Block Report Received
2025/12/04 01:49:54 Block Report Received
2025/12/04 01:50:04 Block Report Received
2025/12/04 01:50:14 Block Report Received
2025/12/04 01:50:24 Block Report Received
2025/12/04 01:50:34 Block Report Received
2025/12/04 01:50:44 Block Report Received
2025/12/04 01:50:54 Block Report Received
2025/12/04 01:51:04 Block Report Received
2025/12/04 01:51:14 Block Report Received
2025/12/04 01:51:24 Block Report Received
2025/12/04 01:51:34 Block Report Received
2025/12/04 01:51:44 Block Report Received
2025/12/04 01:51:54 Block Report Received
2025/12/04 01:52:04 Block Report Received
2025/12/04 01:52:14 Block Report Received
2025/12/04 01:52:24 Block Report Received
2025/12/04 01:52:34 Block Report Received
2025/12/04 01:52:44 Block Report Received
2025/12/04 01:52:54 Block Report Received
2025/12/04 01:53:04 Block Report Received
2025/12/04 01:53:14 Block Report Received
2025/12/04 01:53:24 Block Report Received
2025/12/04 01:53:34 Block Report Received
2025/12/04 01:53:44 Block Report Received
2025/12/04 01:53:54 Block Report Received
2025/12/04 01:54:04 Block Report Received
2025/12/04 01:54:14 Block Report Received
2025/12/04 01:54:24 Block Report Received
2025/12/04 01:54:34 Block Report Received
2025/12/04 01:54:44 Block Report Received
2025/12/04 01:54:54 Block Report Received
2025/12/04 01:55:04 Block Report Received
2025/12/04 01:55:14 Block Report Received
2025/12/04 01:55:24 Block Report Received
2025/12/04 01:55:34 Block Report Received
2025/12/04 01:55:44 Block Report Received
2025/12/04 01:55:54 Block Report Received
2025/12/04 01:56:04 Block Report Received
2025/12/04 01:56:14 Block Report Received
2025/12/04 01:56:24 Block Report Received
2025/12/04 01:56:34 Block Report Received
2025/12/04 01:56:44 Block Report Received
2025/12/04 01:56:54 Block Report Received
2025/12/04 01:57:04 Block Report Received
2025/12/04 01:57:14 Block Report Received
2025/12/04 01:57:24 Block Report Received
2025/12/04 01:57:34 Block Report Received
2025/12/04 01:57:44 Block Report Received
2025/12/04 01:57:54 Block Report Received
2025/12/04 01:58:04 Block Report Received
2025/12/04 01:58:14 Block Report Received
2025/12/04 01:58:24 Block Report Received
2025/12/04 01:58:34 Block Report Received
2025/12/04 01:58:44 Block Report Received
2025/12/04 01:58:54 Block Report Received
2025/12/04 01:59:04 Block Report Received
2025/12/04 01:59:14 Block Report Received
2025/12/04 01:59:24 Block Report Received
2025/12/04 01:59:34 Block Report Received
2025/12/04 01:59:44 Block Report Received
2025/12/04 01:59:54 Block Report Received
2025/12/04 02:00:04 Block Report Received
2025/12/04 02:00:14 Block Report Received
2025/12/04 02:00:24 Block Report Received
2025/12/04 02:00:34 Block Report Received
2025/12/04 02:00:44 Block Report Received
2025/12/04 02:00:54 Block Report Received
2025/12/04 02:01:04 Block Report Received
2025/12/04 02:01:14 Block Report Received
2025/12/04 02:01:24 Block Report Received
2025/12/04 02:01:34 Block Report Received
2025/12/04 02:01:44 Block Report Received
2025/12/04 02:01:54 Block Report Received
2025/12/04 02:02:04 Block Report Received
2025/12/04 02:02:14 Block Report Received
2025/12/04 02:02:24 Block Report Received
2025/12/04 02:02:34 Block Report Received
2025/12/04 02:02:44 Block Report Received
2025/12/04 02:02:54 Block Report Received
2025/12/04 02:03:04 Block Report Received
2025/12/04 02:03:14 Block Report Received
2025/12/04 02:03:24 Block Report Received
2025/12/04 02:03:34 Block Report Received
2025/12/04 02:03:44 Block Report Received
2025/12/04 02:03:54 Block Report Received
2025/12/04 02:04:04 Block Report Received
2025/12/04 02:04:14 Block Report Received
2025/12/04 02:04:24 Block Report Received
2025/12/04 02:04:34 Block Report Received
2025/12/04 02:04:44 Block Report Received
2025/12/04 02:04:54 Block Report Received
2025/12/04 02:05:04 Block Report Received
2025/12/04 02:05:14 Block Report Received
2025/12/04 02:05:24 Block Report Received
2025/12/04 02:05:34 Block Report Received
2025/12/04 02:05:44 Block Report Received
2025/12/04 02:05:54 Block Report Received
2025/12/04 02:06:04 Block Report Received
2025/12/04 02:06:14 Block Report Received
2025/12/04 02:06:24 Block Report Received
2025/12/04 02:06:34 Block Report Received
2025/12/04 02:06:44 Block Report Received
2025/12/04 02:06:54 Block Report Received
2025/12/04 02:07:04 Block Report Received
2025/12/04 02:07:14 Block Report Received
2025/12/04 02:07:24 Block Report Received
2025/12/04 02:07:34 Block Report Received
2025/12/04 02:07:44 Block Report Received
2025/12/04 02:07:54 Block Report Received
2025/12/04 02:08:04 Block Report Received
2025/12/04 02:08:14 Block Report Received
2025/12/04 02:08:24 Block Report Received
2025/12/04 02:08:34 Block Report Received
2025/12/04 02:08:44 Block Report Received
2025/12/04 02:08:54 Block Report Received
2025/12/04 02:09:04 Block Report Received
2025/12/04 02:09:14 Block Report Received
2025/12/04 02:09:24 Block Report Received
2025/12/04 02:09:34 Block Report Received
2025/12/04 02:09:44 Block Report Received
2025/12/04 02:09:54 Block Report Received
2025/12/04 02:10:04 Block Report Received
2025/12/04 02:10:14 Block Report Received
2025/12/04 02:10:24 Block Report Received
2025/12/04 02:10:34 Block Report Received
2025/12/04 02:10:44 Block Report Received
2025/12/04 02:10:54 Block Report Received
2025/12/04 02:11:04 Block Report Received
2025/12/04 02:11:14 Block Report Received
2025/12/04 02:11:24 Block Report Received
2025/12/04 02:11:34 Block Report Received
2025/12/04 02:11:44 Block Report Received
2025/12/04 02:11:54 Block Report Received
2025/12/04 02:12:04 Block Report Received
2025/12/04 02:12:14 Block Report Received
2025/12/04 02:12:24 Block Report Received
2025/12/04 02:12:34 Block Report Received
2025/12/04 02:12:44 Block Report Received
2025/12/04 02:12:54 Block Report Received
2025/12/04 02:13:04 Block Report Received
2025/12/04 02:13:14 Block Report Received
2025/12/04 02:13:24 Block Report Received
2025/12/04 02:13:34 Block Report Received
2025/12/04 02:13:44 Block Report Received
2025/12/04 02:13:54 Block Report Received
2025/12/04 02:14:04 Block Report Received
2025/12/04 02:14:14 Block Report Received
2025/12/04 02:14:24 Block Report Received
2025/12/04 02:14:34 Block Report Received
2025/12/04 02:14:44 Block Report Received
2025/12/04 02:14:54 Block Report Received
2025/12/04 02:15:04 Block Report Received
2025/12/04 02:15:14 Block Report Received
2025/12/04 02:15:24 Block Report Received
2025/12/04 02:15:34 Block Report Received
2025/12/04 02:15:44 Block Report Received
2025/12/04 02:15:54 Block Report Received
2025/12/04 02:16:04 Block Report Received
2025/12/04 02:16:14 Block Report Received
2025/12/04 02:16:24 Block Report Received
2025/12/04 02:16:34 Block Report Received
2025/12/04 02:16:44 Block Report Received
2025/12/04 02:16:54 Block Report Received
2025/12/04 02:17:04 Block Report Received
2025/12/04 02:17:14 Block Report Received
2025/12/04 02:17:24 Block Report Received
2025/12/04 02:17:34 Block Report Received
2025/12/04 02:17:44 Block Report Received
2025/12/04 02:17:54 Block Report Received
2025/12/04 02:18:04 Block Report Received
2025/12/04 02:18:14 Block Report Received
2025/12/04 02:18:24 Block Report Received
2025/12/04 02:18:34 Block Report Received
2025/12/04 02:18:44 Block Report Received
2025/12/04 02:18:54 Block Report Received
2025/12/04 02:19:04 Block Report Received
2025/12/04 02:19:14 Block Report Received
2025/12/04 02:19:24 Block Report Received
2025/12/04 02:19:34 Block Report Received
2025/12/04 02:19:44 Block Report Received
2025/12/04 02:19:54 Block Report Received
2025/12/04 02:20:04 Block Report Received
2025/12/04 02:20:14 Block Report Received
2025/12/04 02:20:24 Block Report Received
2025/12/04 02:20:34 Block Report Received
2025/12/04 02:20:44 Block Report Received
2025/12/04 02:20:54 Block Report Received
2025/12/04 02:21:04 Block Report Received
2025/12/04 02:21:14 Block Report Received
2025/12/04 02:21:24 Block Report Received
2025/12/04 02:21:34 Block Report Received
2025/12/04 02:21:44 Block Report Received
2025/12/04 02:21:54 Block Report Received
2025/12/04 02:22:04 Block Report Received
2025/12/04 02:22:14 Block Report Received
2025/12/04 02:22:24 Block Report Received
2025/12/04 02:22:34 Block Report Received
2025/12/04 02:22:44 Block Report Received
2025/12/04 02:22:54 Block Report Received
2025/12/04 02:23:04 Block Report Received
2025/12/04 02:23:14 Block Report Received
2025/12/04 02:23:24 Block Report Received
2025/12/04 02:23:34 Block Report Received
2025/12/04 02:23:44 Block Report Received
2025/12/04 02:23:54 Block Report Received
2025/12/04 02:24:04 Block Report Received
2025/12/04 02:24:14 Block Report Received
2025/12/04 02:24:24 Block Report Received
2025/12/04 02:24:34 Block Report Received
2025/12/04 02:24:44 Block Report Received
2025/12/04 02:24:54 Block Report Received
2025/12/04 02:25:04 Block Report Received
2025/12/04 02:25:14 Block Report Received
2025/12/04 02:25:24 Block Report Received
2025/12/04 02:25:34 Block Report Received
2025/12/04 02:25:44 Block Report Received
2025/12/04 02:25:54 Block Report Received
2025/12/04 02:26:04 Block Report Received
2025/12/04 02:26:14 Block Report Received
2025/12/04 02:26:24 Block Report Received
2025/12/04 02:26:34 Block Report Received
2025/12/04 02:26:44 Block Report Received
2025/12/04 02:26:54 Block Report Received
2025/12/04 02:27:04 Block Report Received
2025/12/04 02:27:14 Block Report Received
2025/12/04 02:27:24 Block Report Received
2025/12/04 02:27:34 Block Report Received
2025/12/04 02:27:44 Block Report Received
2025/12/04 02:27:54 Block Report Received
2025/12/04 02:28:04 Block Report Received
2025/12/04 02:28:14 Block Report Received
2025/12/04 02:28:24 Block Report Received
2025/12/04 02:28:34 Block Report Received
2025/12/04 02:28:44 Block Report Received
2025/12/04 02:28:54 Block Report Received
2025/12/04 02:29:04 Block Report Received
2025/12/04 02:29:14 Block Report Received
2025/12/04 02:29:24 Block Report Received
2025/12/04 02:29:34 Block Report Received
2025/12/04 02:29:44 Block Report Received
2025/12/04 02:29:54 Block Report Received
2025/12/04 02:30:04 Block Report Received
2025/12/04 02:30:14 Block Report Received
2025/12/04 02:30:24 Block Report Received
2025/12/04 02:30:34 Block Report Received
2025/12/04 02:30:44 Block Report Received
2025/12/04 02:30:54 Block Report Received
2025/12/04 02:31:04 Block Report Received
2025/12/04 02:31:14 Block Report Received
2025/12/04 02:31:24 Block Report Received
2025/12/04 02:31:34 Block Report Received
2025/12/04 02:31:44 Block Report Received
2025/12/04 02:31:54 Block Report Received
2025/12/04 02:32:04 Block Report Received
2025/12/04 02:32:14 Block Report Received
2025/12/04 02:32:24 Block Report Received
2025/12/04 02:32:34 Block Report Received
2025/12/04 02:32:44 Block Report Received
2025/12/04 02:32:54 Block Report Received
2025/12/04 02:33:04 Block Report Received
2025/12/04 02:33:14 Block Report Received
2025/12/04 02:33:24 Block Report Received
2025/12/04 02:33:34 Block Report Received
2025/12/04 02:33:44 Block Report Received
2025/12/04 02:33:54 Block Report Received
2025/12/04 02:34:04 Block Report Received
2025/12/04 02:34:14 Block Report Received
2025/12/04 02:34:24 Block Report Received
2025/12/04 02:34:34 Block Report Received
2025/12/04 02:34:44 Block Report Received
2025/12/04 02:34:54 Block Report Received
2025/12/04 02:35:04 Block Report Received
2025/12/04 02:35:14 Block Report Received
2025/12/04 02:35:24 Block Report Received
2025/12/04 02:35:34 Block Report Received
2025/12/04 02:35:44 Block Report Received
2025/12/04 02:35:54 Block Report Received
2025/12/04 02:36:04 Block Report Received
2025/12/04 02:36:14 Block Report Received
2025/12/04 02:36:24 Block Report Received
2025/12/04 02:36:34 Block Report Received
2025/12/04 02:36:44 Block Report Received
2025/12/04 02:36:54 Block Report Received
2025/12/04 02:37:04 Block Report Received
2025/12/04 02:37:14 Block Report Received
2025/12/04 02:37:24 Block Report Received
2025/12/04 02:37:34 Block Report Received
2025/12/04 02:37:44 Block Report Received
2025/12/04 02:37:54 Block Report Received
2025/12/04 02:38:04 Block Report Received
2025/12/04 02:38:14 Block Report Received
2025/12/04 02:38:24 Block Report Received
2025/12/04 02:38:34 Block Report Received
2025/12/04 02:38:44 Block Report Received
2025/12/04 02:38:54 Block Report Received
2025/12/04 02:39:04 Block Report Received
2025/12/04 02:39:14 Block Report Received
2025/12/04 02:39:24 Block Report Received
2025/12/04 02:39:34 Block Report Received
2025/12/04 02:39:44 Block Report Received
2025/12/04 02:39:54 Block Report Received
2025/12/04 02:40:04 Block Report Received
2025/12/04 02:40:14 Block Report Received
2025/12/04 02:40:24 Block Report Received
2025/12/04 02:40:34 Block Report Received
2025/12/04 02:40:44 Block Report Received
2025/12/04 02:40:54 Block Report Received
2025/12/04 09:52:01 ⚠️  Connection to NameNode lost: rpc error: code = DeadlineExceeded desc = context deadline exceeded
2025/12/04 09:52:01 🔄 Attempting to reconnect...
2025/12/04 09:52:02 ⚠️  Failed to send block report: rpc error: code = Canceled desc = grpc: the client connection is closing
2025/12/04 09:52:05 ⚠️  Primary NameNode localhost:8080 unavailable, trying alternates...
2025/12/04 09:52:05 ✅ Connected to NameNode at localhost:8081
2025/12/04 09:52:05 ✅ Reconnected to NameNode at localhost:8081
2025/12/04 09:52:05 🧩 DataNode cfe8a8f2-54f8-4835-a1d4-5943e88c9b03 registration status: Registered
2025/12/04 09:52:05 🔄 Block report restarted
2025/12/04 09:52:15 Block Report Received
2025/12/04 09:52:26 Block Report Received
2025/12/04 09:52:36 Block Report Received
2025/12/04 09:52:46 Block Report Received
2025/12/04 09:52:56 Block Report Received
2025/12/04 09:53:06 Block Report Received
2025/12/04 09:53:16 Block Report Received
2025/12/04 09:53:26 Block Report Received
2025/12/04 09:53:36 Block Report Received
2025/12/04 09:53:46 Block Report Received
2025/12/04 09:53:56 Block Report Received
2025/12/04 09:54:06 Block Report Received
2025/12/04 09:54:16 Block Report Received
2025/12/04 09:54:26 Block Report Received
2025/12/04 09:54:36 Block Report Received
2025/12/04 09:54:46 Block Report Received
2025/12/04 09:54:56 Block Report Received
2025/12/04 09:55:06 Block Report Received
2025/12/04 09:55:16 Block Report Received
2025/12/04 09:55:26 Block Report Received
2025/12/04 09:55:36 Block Report Received
2025/12/04 09:55:46 Block Report Received
2025/12/04 09:55:56 Block Report Received
2025/12/04 09:56:06 Block Report Received
2025/12/04 09:56:16 Block Report Received
2025/12/04 09:56:26 Block Report Received
2025/12/04 09:56:36 Block Report Received
2025/12/04 09:56:46 Block Report Received
2025/12/04 09:56:56 Block Report Received
2025/12/04 09:57:06 Block Report Received
2025/12/04 09:57:16 Block Report Received
2025/12/04 09:57:26 Block Report Received
2025/12/04 09:57:36 Block Report Received
2025/12/04 09:57:46 Block Report Received
2025/12/04 09:57:56 Block Report Received
2025/12/04 09:58:06 Block Report Received
2025/12/04 09:58:16 Block Report Received
2025/12/04 09:58:26 Block Report Received
2025/12/04 09:58:36 Block Report Received
2025/12/04 09:58:46 Block Report Received
2025/12/04 09:58:56 Block Report Received
2025/12/04 09:59:06 Block Report Received
2025/12/04 09:59:16 Block Report Received
2025/12/04 09:59:26 Block Report Received
2025/12/04 09:59:36 Block Report Received
2025/12/04 09:59:46 Block Report Received
2025/12/04 09:59:56 Block Report Received
2025/12/04 10:00:06 Block Report Received
2025/12/04 10:00:16 Block Report Received
2025/12/04 10:00:26 Block Report Received
2025/12/04 10:00:36 Block Report Received
2025/12/04 10:00:46 Block Report Received
2025/12/04 10:00:56 Block Report Received
2025/12/04 10:01:06 Block Report Received
2025/12/04 10:01:16 Block Report Received
2025/12/04 10:01:26 Block Report Received
2025/12/04 10:01:36 Block Report Received
2025/12/04 10:01:46 Block Report Received
2025/12/04 10:01:56 Block Report Received
2025/12/04 10:02:06 Block Report Received
2025/12/04 10:02:16 Block Report Received
2025/12/04 10:02:26 Block Report Received
2025/12/04 10:02:36 Block Report Received
2025/12/04 10:02:46 Block Report Received
2025/12/04 10:02:56 Block Report Received
2025/12/04 10:03:06 Block Report Received
2025/12/04 10:03:16 Block Report Received
2025/12/04 10:03:26 Block Report Received
2025/12/04 10:03:36 Block Report Received
2025/12/04 10:03:46 Block Report Received
2025/12/04 10:03:56 Block Report Received
2025/12/04 10:04:06 Block Report Received
2025/12/04 10:04:16 Block Report Received
2025/12/04 10:04:26 Block Report Received
2025/12/04 10:04:36 Block Report Received
2025/12/04 10:04:46 Block Report Received
2025/12/04 10:04:56 Block Report Received
2025/12/04 10:05:06 Block Report Received
2025/12/04 10:05:16 Block Report Received
2025/12/04 10:05:26 Block Report Received
2025/12/04 10:05:36 Block Report Received
2025/12/04 10:05:46 Block Report Received
2025/12/04 10:05:56 Block Report Received
2025/12/04 10:06:06 Block Report Received
2025/12/04 10:06:16 Block Report Received
2025/12/04 10:06:26 Block Report Received
2025/12/04 10:06:36 Block Report Received
2025/12/04 10:06:46 Block Report Received
2025/12/04 10:06:56 Block Report Received
2025/12/04 10:07:06 Block Report Received
2025/12/04 10:07:16 Block Report Received
2025/12/04 10:07:26 Block Report Received
2025/12/04 10:07:36 Block Report Received
2025/12/04 10:07:46 Block Report Received
2025/12/04 10:07:56 Block Report Received
2025/12/04 10:08:06 Block Report Received
2025/12/04 10:08:16 Block Report Received
2025/12/04 10:08:26 Block Report Received
2025/12/04 10:08:36 Block Report Received
2025/12/04 10:08:46 Block Report Received
2025/12/04 10:08:56 Block Report Received
2025/12/04 10:09:06 Block Report Received
2025/12/04 10:09:16 Block Report Received
2025/12/04 10:09:26 Block Report Received
2025/12/04 10:09:36 Block Report Received
2025/12/04 10:09:46 Block Report Received
2025/12/04 10:09:56 Block Report Received
2025/12/04 10:10:06 Block Report Received
2025/12/04 10:10:16 Block Report Received
2025/12/04 10:10:26 Block Report Received
2025/12/04 10:10:36 Block Report Received
2025/12/04 10:10:46 Block Report Received
2025/12/04 10:10:56 Block Report Received
2025/12/04 10:11:06 Block Report Received
2025/12/04 10:11:16 Block Report Received
2025/12/04 10:11:26 Block Report Received
2025/12/04 10:11:36 Block Report Received
2025/12/04 10:11:46 Block Report Received
2025/12/04 10:11:56 Block Report Received
2025/12/04 10:12:06 Block Report Received
2025/12/04 10:12:16 Block Report Received
2025/12/04 10:12:26 Block Report Received
2025/12/04 10:12:36 Block Report Received
2025/12/04 10:12:46 Block Report Received
2025/12/04 10:12:56 Block Report Received
2025/12/04 10:13:06 Block Report Received
2025/12/04 10:13:16 Block Report Received
2025/12/04 10:13:26 Block Report Received
2025/12/04 10:13:36 Block Report Received
2025/12/04 10:13:46 Block Report Received
2025/12/04 10:13:56 Block Report Received
2025/12/04 10:14:06 Block Report Received
2025/12/04 10:14:16 Block Report Received
2025/12/04 10:14:26 Block Report Received
2025/12/04 10:14:36 Block Report Received
2025/12/04 10:14:46 Block Report Received
2025/12/04 10:14:56 Block Report Received
2025/12/04 10:15:06 Block Report Received
2025/12/04 10:15:16 Block Report Received
2025/12/04 10:15:26 Block Report Received
2025/12/04 10:15:36 Block Report Received
2025/12/04 10:15:46 Block Report Received
2025/12/04 10:15:56 Block Report Received
2025/12/04 10:16:06 Block Report Received
2025/12/04 10:16:16 Block Report Received
2025/12/04 10:16:26 Block Report Received
2025/12/04 10:16:36 Block Report Received
2025/12/04 10:16:46 Block Report Received
2025/12/04 10:16:56 Block Report Received
2025/12/04 10:17:06 Block Report Received
2025/12/04 10:17:16 Block Report Received
2025/12/04 10:17:26 Block Report Received
2025/12/04 10:17:36 Block Report Received
2025/12/04 10:17:46 Block Report Received
2025/12/04 10:17:56 Block Report Received
2025/12/04 10:18:06 Block Report Received
2025/12/04 10:18:16 Block Report Received
2025/12/04 10:18:26 Block Report Received
2025/12/04 10:18:36 Block Report Received
2025/12/04 10:18:46 Block Report Received
2025/12/04 10:18:56 Block Report Received
2025/12/04 10:19:06 Block Report Received
2025/12/04 10:19:16 Block Report Received
2025/12/04 10:19:26 Block Report Received
2025/12/04 10:19:36 Block Report Received
2025/12/04 10:19:46 Block Report Received
2025/12/04 10:19:56 Block Report Received
2025/12/04 10:20:06 Block Report Received
2025/12/04 10:20:16 Block Report Received
2025/12/04 10:20:26 Block Report Received
2025/12/04 10:20:36 Block Report Received
2025/12/04 10:20:46 Block Report Received
2025/12/04 10:20:56 Block Report Received
2025/12/04 10:21:06 Block Report Received
2025/12/04 10:21:16 Block Report Received
2025/12/04 10:21:26 Block Report Received
2025/12/04 10:21:36 Block Report Received
2025/12/04 10:21:46 Block Report Received
2025/12/04 10:21:56 Block Report Received
2025/12/04 10:22:06 Block Report Received
2025/12/04 10:22:16 Block Report Received
2025/12/04 10:22:26 Block Report Received
2025/12/04 10:22:36 Block Report Received
2025/12/04 10:22:46 Block Report Received
2025/12/04 10:22:56 Block Report Received
2025/12/04 10:23:06 Block Report Received
2025/12/04 10:23:16 Block Report Received
2025/12/04 10:23:26 Block Report Received
2025/12/04 10:23:36 Block Report Received
2025/12/04 10:23:46 Block Report Received
2025/12/04 10:23:56 Block Report Received
2025/12/04 10:24:06 Block Report Received
2025/12/04 10:24:16 Block Report Received
2025/12/04 10:24:26 Block Report Received
2025/12/04 10:24:36 Block Report Received
2025/12/04 10:24:46 Block Report Received
2025/12/04 10:24:56 Block Report Received
2025/12/04 10:25:06 Block Report Received
2025/12/04 10:25:16 Block Report Received
2025/12/04 10:25:26 Block Report Received
2025/12/04 10:25:36 Block Report Received
2025/12/04 10:25:46 Block Report Received
2025/12/04 10:25:56 Block Report Received
2025/12/04 10:26:06 Block Report Received
2025/12/04 10:26:16 Block Report Received
2025/12/04 10:26:26 Block Report Received
2025/12/04 10:26:36 Block Report Received
2025/12/04 10:26:46 Block Report Received
2025/12/04 10:26:56 Block Report Received
2025/12/04 10:27:06 Block Report Received
2025/12/04 10:27:16 Block Report Received
2025/12/04 10:27:26 Block Report Received
2025/12/04 10:27:36 Block Report Received
2025/12/04 10:27:46 Block Report Received
2025/12/04 10:27:56 Block Report Received
2025/12/04 10:28:06 Block Report Received
2025/12/04 10:28:16 Block Report Received
2025/12/04 10:28:26 Block Report Received
2025/12/04 10:28:36 Block Report Received
2025/12/04 10:28:46 Block Report Received
2025/12/04 10:28:56 Block Report Received
2025/12/04 10:29:06 Block Report Received
2025/12/04 10:29:16 Block Report Received
2025/12/04 10:29:26 Block Report Received
2025/12/04 10:29:36 Block Report Received
2025/12/04 10:29:46 Block Report Received
2025/12/04 10:29:56 Block Report Received
2025/12/04 10:30:06 Block Report Received
2025/12/04 10:30:16 Block Report Received
2025/12/04 10:30:26 Block Report Received
2025/12/04 10:30:36 Block Report Received
2025/12/04 10:30:46 Block Report Received
2025/12/04 10:30:56 Block Report Received
2025/12/04 10:31:06 Block Report Received
2025/12/04 10:31:16 Block Report Received
2025/12/04 10:31:26 Block Report Received
2025/12/04 10:31:36 Block Report Received
2025/12/04 10:31:46 Block Report Received
2025/12/04 10:31:56 Block Report Received
2025/12/04 10:32:06 Block Report Received
2025/12/04 10:32:16 Block Report Received
2025/12/04 10:32:26 Block Report Received
2025/12/04 10:32:36 Block Report Received
2025/12/04 10:32:46 Block Report Received
2025/12/04 10:32:56 Block Report Received
2025/12/04 10:33:06 Block Report Received
2025/12/04 10:33:16 Block Report Received
2025/12/04 10:33:26 Block Report Received
2025/12/04 10:33:36 Block Report Received
2025/12/04 10:33:46 Block Report Received
2025/12/04 10:33:56 Block Report Received
2025/12/04 10:34:06 Block Report Received
2025/12/04 10:34:16 Block Report Received
2025/12/04 10:34:26 Block Report Received
2025/12/04 10:34:36 Block Report Received
2025/12/04 10:34:46 Block Report Received
2025/12/04 10:34:56 Block Report Received
2025/12/04 10:35:06 Block Report Received
2025/12/04 10:35:16 Block Report Received
2025/12/04 10:35:26 Block Report Received
2025/12/04 10:35:36 Block Report Received
2025/12/04 10:35:46 Block Report Received
2025/12/04 10:35:56 Block Report Received
2025/12/04 10:36:06 Block Report Received
2025/12/04 10:36:16 Block Report Received
2025/12/04 10:36:26 Block Report Received
2025/12/04 10:36:36 Block Report Received
2025/12/04 10:36:46 Block Report Received
2025/12/04 10:36:56 Block Report Received
2025/12/04 10:37:06 Block Report Received
2025/12/04 10:37:16 Block Report Received
2025/12/04 10:37:26 Block Report Received
2025/12/04 10:37:36 Block Report Received
2025/12/04 10:37:46 Block Report Received
2025/12/04 10:37:56 Block Report Received
2025/12/04 10:38:06 Block Report Received
2025/12/04 10:38:16 Block Report Received
2025/12/04 10:38:26 Block Report Received
2025/12/04 10:38:36 Block Report Received
2025/12/04 10:38:46 Block Report Received
2025/12/04 10:38:56 Block Report Received
2025/12/04 10:39:06 Block Report Received
2025/12/04 10:39:16 Block Report Received
2025/12/04 10:39:26 Block Report Received
2025/12/04 10:39:36 Block Report Received
2025/12/04 10:39:46 Block Report Received
2025/12/04 10:39:56 Block Report Received
2025/12/04 10:40:06 Block Report Received
2025/12/04 10:40:16 Block Report Received
2025/12/04 10:40:26 Block Report Received
2025/12/04 10:40:36 Block Report Received
2025/12/04 10:40:46 Block Report Received
2025/12/04 10:40:56 Block Report Received
2025/12/04 10:41:06 Block Report Received
2025/12/04 10:41:19 Block Report Received
2025/12/04 10:41:29 Block Report Received
2025/12/04 10:41:40 Block Report Received
2025/12/04 10:41:48 Block Report Received
2025/12/04 10:41:56 Block Report Received
2025/12/04 10:42:06 Block Report Received
2025/12/04 10:42:16 Block Report Received
2025/12/04 10:42:26 Block Report Received
2025/12/04 10:42:36 Block Report Received
2025/12/04 10:42:46 Block Report Received
2025/12/04 10:42:56 Block Report Received
2025/12/04 10:43:06 Block Report Received
2025/12/04 10:43:16 Block Report Received
2025/12/04 10:43:26 Block Report Received
2025/12/04 10:43:36 Block Report Received
2025/12/04 10:43:46 Block Report Received
2025/12/04 10:43:56 Block Report Received
2025/12/04 10:44:06 Block Report Received
2025/12/04 10:44:16 Block Report Received
2025/12/04 10:44:26 Block Report Received
2025/12/04 10:44:36 Block Report Received
2025/12/04 10:44:46 Block Report Received
2025/12/04 10:44:56 Block Report Received
2025/12/04 10:45:06 Block Report Received
2025/12/04 10:45:16 Block Report Received
2025/12/04 10:45:26 Block Report Received
2025/12/04 10:45:36 Block Report Received
2025/12/04 10:45:46 Block Report Received
2025/12/04 10:45:56 Block Report Received
2025/12/04 10:46:06 Block Report Received
2025/12/04 10:46:16 Block Report Received
2025/12/04 10:46:26 Block Report Received
2025/12/04 10:46:36 Block Report Received
2025/12/04 10:46:46 Block Report Received
2025/12/04 10:46:56 Block Report Received
2025/12/04 10:47:06 Block Report Received
2025/12/04 10:47:16 Block Report Received
2025/12/04 10:47:26 Block Report Received
2025/12/04 10:47:36 Block Report Received
2025/12/04 10:47:46 Block Report Received
2025/12/04 10:47:56 Block Report Received
2025/12/04 10:48:06 Block Report Received
2025/12/04 10:48:16 Block Report Received
2025/12/04 10:48:26 Block Report Received
2025/12/04 10:48:36 Block Report Received
2025/12/04 10:48:46 Block Report Received
2025/12/04 10:48:56 Block Report Received
2025/12/04 10:49:06 Block Report Received
2025/12/04 10:49:16 Block Report Received
2025/12/04 10:49:26 Block Report Received
2025/12/04 10:49:36 Block Report Received
2025/12/04 10:49:46 Block Report Received
2025/12/04 10:49:56 Block Report Received
2025/12/04 10:50:06 Block Report Received
2025/12/04 10:50:16 Block Report Received
2025/12/04 10:50:26 Block Report Received
2025/12/04 10:50:36 Block Report Received
2025/12/04 10:50:46 Block Report Received
2025/12/04 10:50:56 Block Report Received
2025/12/04 10:51:06 Block Report Received
2025/12/04 10:51:16 Block Report Received
2025/12/04 10:51:26 Block Report Received
2025/12/04 10:51:36 Block Report Received
2025/12/04 10:51:46 Block Report Received
2025/12/04 10:51:56 Block Report Received
2025/12/04 10:52:06 Block Report Received
2025/12/04 10:52:16 Block Report Received
2025/12/04 10:52:26 Block Report Received
2025/12/04 10:52:36 Block Report Received
2025/12/04 10:52:46 Block Report Received
2025/12/04 10:52:56 Block Report Received
2025/12/04 10:53:06 Block Report Received
2025/12/04 10:53:16 Block Report Received
2025/12/04 10:53:26 Block Report Received
2025/12/04 10:53:36 Block Report Received
2025/12/04 10:53:46 Block Report Received
2025/12/04 10:53:56 Block Report Received
2025/12/04 10:54:06 Block Report Received
2025/12/04 10:54:16 Block Report Received
2025/12/04 10:54:26 Block Report Received
2025/12/04 10:54:36 Block Report Received
2025/12/04 10:54:46 Block Report Received
2025/12/04 10:54:56 Block Report Received
2025/12/04 10:55:06 Block Report Received
2025/12/04 10:55:16 Block Report Received
2025/12/04 10:55:26 Block Report Received
2025/12/04 10:55:36 Block Report Received
2025/12/04 10:55:46 Block Report Received
2025/12/04 10:55:56 Block Report Received
2025/12/04 10:56:06 Block Report Received
2025/12/04 10:56:16 Block Report Received
2025/12/04 10:56:26 Block Report Received
2025/12/04 10:56:36 Block Report Received
2025/12/04 10:56:46 Block Report Received
2025/12/04 10:56:56 Block Report Received
2025/12/04 10:57:06 Block Report Received
2025/12/04 10:57:16 Block Report Received
2025/12/04 10:57:26 Block Report Received
2025/12/04 10:57:36 Block Report Received
2025/12/04 10:57:46 Block Report Received
2025/12/04 10:57:56 Block Report Received
2025/12/04 10:58:06 Block Report Received
2025/12/04 10:58:16 Block Report Received
2025/12/04 10:58:26 Block Report Received
2025/12/04 10:58:36 Block Report Received
2025/12/04 10:58:46 Block Report Received
2025/12/04 10:58:56 Block Report Received
2025/12/04 10:59:06 Block Report Received
2025/12/04 10:59:16 Block Report Received
2025/12/04 10:59:26 Block Report Received
2025/12/04 10:59:36 Block Report Received
2025/12/04 10:59:46 Block Report Received
2025/12/04 10:59:56 Block Report Received
2025/12/04 11:00:06 Block Report Received
2025/12/04 11:00:16 Block Report Received
2025/12/04 11:00:26 Block Report Received
2025/12/04 11:00:36 Block Report Received
2025/12/04 11:00:46 Block Report Received
2025/12/04 11:00:56 Block Report Received
2025/12/04 11:01:06 Block Report Received
2025/12/04 11:01:16 Block Report Received
2025/12/04 11:01:26 Block Report Received
2025/12/04 11:01:36 Block Report Received
2025/12/04 11:01:46 Block Report Received
2025/12/04 11:01:56 Block Report Received
2025/12/04 11:02:06 Block Report Received
2025/12/04 11:02:16 Block Report Received
2025/12/04 11:02:26 Block Report Received
2025/12/04 11:02:36 Block Report Received
2025/12/04 11:02:46 Block Report Received
2025/12/04 11:02:56 Block Report Received
2025/12/04 11:03:06 Block Report Received
2025/12/04 11:03:17 Block Report Received
2025/12/04 11:03:29 Block Report Received
2025/12/04 11:03:37 Block Report Received
2025/12/04 11:03:48 Block Report Received
2025/12/04 11:03:56 Block Report Received
2025/12/04 11:04:07 Block Report Received
2025/12/04 11:04:17 Block Report Received
2025/12/04 11:04:28 Block Report Received
2025/12/04 11:04:37 Block Report Received
2025/12/04 11:04:48 Block Report Received
2025/12/04 11:05:01 Block Report Received
2025/12/04 11:05:07 Block Report Received
2025/12/04 11:05:16 Block Report Received
2025/12/04 11:05:26 Block Report Received
2025/12/04 11:05:36 Block Report Received
2025/12/04 11:05:46 Block Report Received
2025/12/04 11:05:56 Block Report Received
2025/12/04 11:06:06 Block Report Received
2025/12/04 11:06:16 Block Report Received
2025/12/04 11:06:26 Block Report Received
2025/12/04 11:06:36 Block Report Received
2025/12/04 11:06:46 Block Report Received
2025/12/04 11:06:56 Block Report Received
2025/12/04 11:07:06 Block Report Received
2025/12/04 11:07:16 Block Report Received
2025/12/04 11:07:26 Block Report Received
2025/12/04 11:07:36 Block Report Received
2025/12/04 11:07:46 Block Report Received
2025/12/04 11:07:56 Block Report Received
2025/12/04 11:08:06 Block Report Received
2025/12/04 11:08:16 Block Report Received
2025/12/04 11:08:26 Block Report Received
2025/12/04 11:08:36 Block Report Received
2025/12/04 11:08:46 Block Report Received
2025/12/04 11:08:56 Block Report Received
2025/12/04 11:09:06 Block Report Received
2025/12/04 11:09:16 Block Report Received
2025/12/04 11:09:26 Block Report Received
2025/12/04 11:09:36 Block Report Received
2025/12/04 11:09:46 Block Report Received
2025/12/04 11:09:56 Block Report Received
2025/12/04 11:10:06 Block Report Received
2025/12/04 11:10:16 Block Report Received
2025/12/04 11:10:26 Block Report Received
2025/12/04 11:10:36 Block Report Received
2025/12/04 11:10:46 Block Report Received
2025/12/04 11:10:56 Block Report Received
2025/12/04 11:11:06 Block Report Received
2025/12/04 11:11:16 Block Report Received
2025/12/04 11:11:26 Block Report Received
2025/12/04 11:11:36 Block Report Received
2025/12/04 11:11:46 Block Report Received
2025/12/04 11:11:56 Block Report Received
2025/12/04 11:12:06 Block Report Received
2025/12/04 11:12:16 Block Report Received
2025/12/04 11:12:26 Block Report Received
2025/12/04 11:12:36 Block Report Received
2025/12/04 11:12:46 Block Report Received
2025/12/04 11:12:56 Block Report Received
2025/12/04 11:13:06 Block Report Received
2025/12/04 11:13:16 Block Report Received
2025/12/04 11:13:26 Block Report Received
2025/12/04 11:13:36 Block Report Received
2025/12/04 11:13:46 Block Report Received
2025/12/04 11:13:56 Block Report Received
2025/12/04 11:14:06 Block Report Received
2025/12/04 11:14:16 Block Report Received
2025/12/04 11:14:26 Block Report Received
2025/12/04 11:14:36 Block Report Received
2025/12/04 11:14:46 Block Report Received
2025/12/04 11:14:56 Block Report Received
2025/12/04 11:15:06 Block Report Received
2025/12/04 11:15:16 Block Report Received
2025/12/04 11:15:26 Block Report Received
2025/12/04 11:15:36 Block Report Received
2025/12/04 11:15:46 Block Report Received
2025/12/04 11:15:56 Block Report Received
2025/12/04 11:16:06 Block Report Received
2025/12/04 11:16:16 Block Report Received
2025/12/04 11:16:26 Block Report Received
2025/12/04 11:16:36 Block Report Received
2025/12/04 11:16:46 Block Report Received
2025/12/04 11:16:56 Block Report Received
2025/12/04 11:17:06 Block Report Received
2025/12/04 11:17:16 Block Report Received
2025/12/04 11:17:26 Block Report Received
2025/12/04 11:17:36 Block Report Received
2025/12/04 11:17:46 Block Report Received
2025/12/04 11:17:56 Block Report Received
2025/12/04 11:18:06 Block Report Received
2025/12/04 11:18:16 Block Report Received
2025/12/04 11:18:26 Block Report Received
2025/12/04 11:18:36 Block Report Received
2025/12/04 11:18:46 Block Report Received
2025/12/04 11:18:56 Block Report Received
2025/12/04 11:19:06 Block Report Received
2025/12/04 11:19:16 Block Report Received
2025/12/04 11:19:26 Block Report Received
2025/12/04 11:19:36 Block Report Received
2025/12/04 11:19:46 Block Report Received
2025/12/04 11:19:56 Block Report Received
2025/12/04 11:20:06 Block Report Received
2025/12/04 11:20:16 Block Report Received
2025/12/04 11:20:26 Block Report Received
2025/12/04 11:20:36 Block Report Received
2025/12/04 11:20:46 Block Report Received
2025/12/04 11:20:56 Block Report Received
2025/12/04 11:21:06 Block Report Received
2025/12/04 11:21:16 Block Report Received
2025/12/04 11:21:26 Block Report Received
2025/12/04 11:21:36 Block Report Received
2025/12/04 11:21:46 Block Report Received
2025/12/04 11:21:56 Block Report Received
2025/12/04 11:22:06 Block Report Received
2025/12/04 11:22:16 Block Report Received
2025/12/04 11:22:26 Block Report Received
2025/12/04 11:22:36 Block Report Received
2025/12/04 11:22:46 Block Report Received
2025/12/04 11:22:56 Block Report Received
2025/12/04 11:23:06 Block Report Received
2025/12/04 11:23:16 Block Report Received
2025/12/04 11:23:26 Block Report Received
2025/12/04 11:23:36 Block Report Received
2025/12/04 11:23:46 Block Report Received
2025/12/04 11:23:56 Block Report Received
2025/12/04 11:24:06 Block Report Received
2025/12/04 11:24:16 Block Report Received
2025/12/04 11:24:26 Block Report Received
2025/12/04 11:24:36 Block Report Received
2025/12/04 11:24:46 Block Report Received
2025/12/04 11:24:56 Block Report Received
2025/12/04 11:25:06 Block Report Received
2025/12/04 11:25:16 Block Report Received
2025/12/04 11:25:26 Block Report Received
2025/12/04 11:25:36 Block Report Received
2025/12/04 11:25:46 Block Report Received
2025/12/04 11:25:56 Block Report Received
2025/12/04 11:26:06 Block Report Received
2025/12/04 11:26:16 Block Report Received
2025/12/04 11:26:26 Block Report Received
2025/12/04 11:26:36 Block Report Received
2025/12/04 11:26:46 Block Report Received
2025/12/04 11:26:56 Block Report Received
2025/12/04 11:27:06 Block Report Received
2025/12/04 11:27:16 Block Report Received
2025/12/04 11:27:26 Block Report Received
2025/12/04 11:27:36 Block Report Received
2025/12/04 11:27:46 Block Report Received
2025/12/04 11:27:56 Block Report Received
2025/12/04 11:28:06 Block Report Received
2025/12/04 11:28:16 Block Report Received
2025/12/04 11:28:26 Block Report Received
2025/12/04 11:28:36 Block Report Received
2025/12/04 11:28:46 Block Report Received
2025/12/04 11:28:56 Block Report Received
2025/12/04 11:29:06 Block Report Received
2025/12/04 11:29:16 Block Report Received
2025/12/04 11:29:26 Block Report Received
2025/12/04 11:29:36 Block Report Received
2025/12/04 11:29:46 Block Report Received
2025/12/04 11:29:56 Block Report Received
2025/12/04 11:30:06 Block Report Received
2025/12/04 11:30:16 Block Report Received
2025/12/04 11:30:26 Block Report Received
2025/12/04 11:30:36 Block Report Received
2025/12/04 11:30:46 Block Report Received
2025/12/04 11:30:56 Block Report Received
2025/12/04 11:31:06 Block Report Received
2025/12/04 11:31:16 Block Report Received
2025/12/04 11:31:26 Block Report Received
2025/12/04 11:31:36 Block Report Received
2025/12/04 11:31:46 Block Report Received
2025/12/04 11:31:56 Block Report Received
2025/12/04 11:32:06 Block Report Received
2025/12/04 11:32:16 Block Report Received
2025/12/04 11:32:26 Block Report Received
2025/12/04 11:32:36 Block Report Received
2025/12/04 11:32:46 Block Report Received
2025/12/04 11:32:56 Block Report Received
2025/12/04 11:33:06 Block Report Received
2025/12/04 11:33:16 Block Report Received
2025/12/04 11:33:26 Block Report Received
2025/12/04 11:33:36 Block Report Received
2025/12/04 11:33:46 Block Report Received
2025/12/04 11:33:56 Block Report Received
2025/12/04 11:34:06 Block Report Received
2025/12/04 11:34:16 Block Report Received
2025/12/04 11:34:26 Block Report Received
2025/12/04 11:34:36 Block Report Received
2025/12/04 11:34:46 Block Report Received
2025/12/04 11:34:56 Block Report Received
2025/12/04 11:35:06 Block Report Received
2025/12/04 11:35:16 Block Report Received
2025/12/04 11:35:26 Block Report Received
2025/12/04 11:35:36 Block Report Received
2025/12/04 11:35:46 Block Report Received
2025/12/04 11:35:56 Block Report Received
2025/12/04 11:36:06 Block Report Received
2025/12/04 11:36:16 Block Report Received
2025/12/04 11:36:26 Block Report Received
2025/12/04 11:36:36 Block Report Received
2025/12/04 11:36:46 Block Report Received
2025/12/04 11:36:56 Block Report Received
2025/12/04 11:37:06 Block Report Received
2025/12/04 11:37:16 Block Report Received
2025/12/04 11:37:26 Block Report Received
2025/12/04 11:37:36 Block Report Received
2025/12/04 11:37:46 Block Report Received
2025/12/04 11:37:56 Block Report Received
2025/12/04 11:38:06 Block Report Received
2025/12/04 11:38:16 Block Report Received
2025/12/04 11:38:26 Block Report Received
2025/12/04 11:38:36 Block Report Received
2025/12/04 11:38:46 Block Report Received
2025/12/04 11:38:56 Block Report Received
2025/12/04 11:39:06 Block Report Received
2025/12/04 11:39:16 Block Report Received
2025/12/04 11:39:26 Block Report Received
2025/12/04 11:39:36 Block Report Received
2025/12/04 11:39:46 Block Report Received
2025/12/04 11:39:56 Block Report Received
2025/12/04 11:40:06 Block Report Received
2025/12/04 11:40:16 Block Report Received
2025/12/04 11:40:26 Block Report Received
2025/12/04 11:40:36 Block Report Received
2025/12/04 11:40:46 Block Report Received
2025/12/04 11:40:56 Block Report Received
2025/12/04 11:41:06 Block Report Received
2025/12/04 11:41:16 Block Report Received
2025/12/04 11:41:26 Block Report Received
2025/12/04 11:41:36 Block Report Received
2025/12/04 11:41:46 Block Report Received
2025/12/04 11:41:56 Block Report Received
2025/12/04 11:42:06 Block Report Received
2025/12/04 11:42:16 Block Report Received
2025/12/04 11:42:26 Block Report Received
2025/12/04 11:42:36 Block Report Received
2025/12/04 11:42:46 Block Report Received
2025/12/04 12:13:53 Block Report Received
2025/12/04 12:14:03 Block Report Received
2025/12/04 12:14:13 Block Report Received
2025/12/04 12:14:23 Block Report Received
2025/12/04 12:14:33 Block Report Received
2025/12/04 12:14:43 Block Report Received
2025/12/04 12:14:53 Block Report Received
2025/12/04 12:15:03 Block Report Received
2025/12/04 12:15:13 Block Report Received
2025/12/04 12:15:23 Block Report Received
2025/12/04 12:15:33 Block Report Received
2025/12/04 12:15:43 Block Report Received
2025/12/04 12:15:53 Block Report Received
2025/12/04 12:16:03 Block Report Received
2025/12/04 12:16:13 Block Report Received
2025/12/04 12:16:23 Block Report Received
2025/12/04 12:16:33 Block Report Received
2025/12/04 12:16:43 Block Report Received
2025/12/04 12:16:53 Block Report Received
2025/12/04 12:17:03 Block Report Received
2025/12/04 12:17:13 Block Report Received
2025/12/04 12:17:23 Block Report Received
2025/12/04 12:17:33 Block Report Received
2025/12/04 12:17:43 Block Report Received
2025/12/04 12:17:53 Block Report Received
2025/12/04 12:18:03 Block Report Received
2025/12/04 12:18:13 Block Report Received
2025/12/04 12:18:23 Block Report Received
2025/12/04 12:18:33 Block Report Received
2025/12/04 12:18:43 Block Report Received
2025/12/04 12:18:53 Block Report Received
2025/12/04 12:19:03 Block Report Received
2025/12/04 12:19:13 Block Report Received
2025/12/04 12:19:23 Block Report Received
2025/12/04 12:19:33 Block Report Received
2025/12/04 12:19:43 Block Report Received
2025/12/04 12:19:53 Block Report Received
2025/12/04 12:20:03 Block Report Received
2025/12/04 12:20:13 Block Report Received
2025/12/04 12:20:23 Block Report Received
2025/12/04 12:20:33 Block Report Received
2025/12/04 12:20:43 Block Report Received
2025/12/04 12:20:53 Block Report Received
2025/12/04 12:21:03 Block Report Received
2025/12/04 12:21:13 Block Report Received
2025/12/04 12:21:23 Block Report Received
2025/12/04 12:21:33 Block Report Received
2025/12/04 12:21:43 Block Report Received
2025/12/04 12:21:53 Block Report Received
2025/12/04 12:22:03 Block Report Received
2025/12/04 12:22:13 Block Report Received
2025/12/04 12:22:23 Block Report Received
2025/12/04 12:22:33 Block Report Received
2025/12/04 12:22:43 Block Report Received
2025/12/04 12:22:53 Block Report Received
2025/12/04 12:23:03 Block Report Received
2025/12/04 12:23:13 Block Report Received
2025/12/04 12:23:23 Block Report Received
2025/12/04 12:23:33 Block Report Received
2025/12/04 12:23:43 Block Report Received
2025/12/04 12:23:53 Block Report Received
2025/12/04 12:24:03 Block Report Received
2025/12/04 12:24:13 Block Report Received
2025/12/04 12:24:23 Block Report Received
2025/12/04 12:24:33 Block Report Received
2025/12/04 12:24:43 Block Report Received
2025/12/04 12:24:53 Block Report Received
2025/12/04 12:25:03 Block Report Received
2025/12/04 12:25:13 Block Report Received
2025/12/04 12:25:23 Block Report Received
2025/12/04 12:25:33 Block Report Received
2025/12/04 12:25:43 Block Report Received
2025/12/04 12:25:53 Block Report Received
2025/12/04 12:26:03 Block Report Received
2025/12/04 12:26:13 Block Report Received
2025/12/04 12:26:23 Block Report Received
2025/12/04 12:26:33 Block Report Received
2025/12/04 12:26:43 Block Report Received
2025/12/04 12:26:53 Block Report Received
2025/12/04 12:27:03 Block Report Received
2025/12/04 12:27:13 Block Report Received
2025/12/04 12:27:23 Block Report Received
2025/12/04 12:27:33 Block Report Received
2025/12/04 12:27:43 Block Report Received
2025/12/04 12:27:53 Block Report Received
2025/12/04 12:28:03 Block Report Received
2025/12/04 12:28:13 Block Report Received
2025/12/04 12:28:23 Block Report Received
2025/12/04 12:28:33 Block Report Received
2025/12/04 12:28:43 Block Report Received
2025/12/04 12:28:53 Block Report Received
2025/12/04 12:29:03 Block Report Received
2025/12/04 12:29:13 Block Report Received
2025/12/04 12:29:23 Block Report Received
2025/12/04 12:29:33 Block Report Received
2025/12/04 12:29:43 Block Report Received
2025/12/04 12:29:53 Block Report Received
2025/12/04 12:30:03 Block Report Received
2025/12/04 12:30:13 Block Report Received
2025/12/04 12:30:23 Block Report Received
2025/12/04 12:30:33 Block Report Received
2025/12/04 12:30:43 Block Report Received
2025/12/04 12:30:53 Block Report Received
2025/12/04 12:31:03 Block Report Received
2025/12/04 12:31:13 Block Report Received
2025/12/04 12:31:23 Block Report Received
2025/12/04 12:31:33 Block Report Received
2025/12/04 12:31:43 Block Report Received
2025/12/04 12:31:53 Block Report Received
2025/12/04 12:32:03 Block Report Received
2025/12/04 12:32:13 Block Report Received
2025/12/04 12:32:23 Block Report Received
2025/12/04 12:32:33 Block Report Received
2025/12/04 12:32:43 Block Report Received
2025/12/04 12:32:53 Block Report Received
2025/12/04 12:33:03 Block Report Received
2025/12/04 12:33:13 Block Report Received
2025/12/04 12:33:23 Block Report Received
2025/12/04 12:33:33 Block Report Received
2025/12/04 12:33:43 Block Report Received
2025/12/04 12:33:53 Block Report Received
2025/12/04 12:34:03 Block Report Received
2025/12/04 12:34:13 Block Report Received
2025/12/04 12:34:23 Block Report Received
2025/12/04 12:34:33 Block Report Received
2025/12/04 12:34:43 Block Report Received
2025/12/04 12:34:53 Block Report Received
2025/12/04 12:35:03 Block Report Received
2025/12/04 12:35:13 Block Report Received
2025/12/04 12:35:23 Block Report Received
2025/12/04 12:35:33 Block Report Received
2025/12/04 12:35:43 Block Report Received
2025/12/04 12:35:53 Block Report Received
2025/12/04 12:36:03 Block Report Received
2025/12/04 12:36:13 Block Report Received
2025/12/04 12:36:23 Block Report Received
2025/12/04 12:36:33 Block Report Received
2025/12/04 12:36:43 Block Report Received
2025/12/04 12:36:53 Block Report Received
2025/12/04 12:37:03 Block Report Received
2025/12/04 12:37:13 Block Report Received
2025/12/04 12:37:23 Block Report Received
2025/12/04 12:37:33 Block Report Received
2025/12/04 12:37:43 Block Report Received
2025/12/04 12:37:53 Block Report Received
2025/12/04 12:38:03 Block Report Received
2025/12/04 12:38:13 Block Report Received
2025/12/04 12:38:23 Block Report Received
2025/12/04 12:38:33 Block Report Received
2025/12/04 12:38:43 Block Report Received
2025/12/04 12:38:53 Block Report Received
2025/12/04 12:39:03 Block Report Received
2025/12/04 12:39:13 Block Report Received
2025/12/04 12:39:23 Block Report Received
2025/12/04 12:39:33 Block Report Received
2025/12/04 12:39:43 Block Report Received
2025/12/04 12:39:53 Block Report Received
2025/12/04 12:40:03 Block Report Received
2025/12/04 12:40:13 Block Report Received
2025/12/04 12:40:23 Block Report Received
2025/12/04 12:40:33 Block Report Received
2025/12/04 12:40:43 Block Report Received
2025/12/04 12:40:53 Block Report Received
2025/12/04 12:41:03 Block Report Received
2025/12/04 12:41:13 Block Report Received
2025/12/04 12:41:23 Block Report Received
2025/12/04 12:41:33 Block Report Received
2025/12/04 12:41:43 Block Report Received
2025/12/04 12:41:53 Block Report Received
2025/12/04 12:42:03 Block Report Received
2025/12/04 12:42:13 Block Report Received
2025/12/04 12:42:23 Block Report Received
2025/12/04 12:42:33 Block Report Received
2025/12/04 12:42:43 Block Report Received
2025/12/04 12:42:53 Block Report Received
2025/12/04 12:43:03 Block Report Received
2025/12/04 12:43:13 Block Report Received
2025/12/04 12:43:23 Block Report Received
2025/12/04 12:43:33 Block Report Received
2025/12/04 12:43:43 Block Report Received
2025/12/04 12:43:53 Block Report Received
2025/12/04 12:44:03 Block Report Received
2025/12/04 12:44:13 Block Report Received
2025/12/04 12:44:23 Block Report Received
2025/12/04 12:44:33 Block Report Received
2025/12/04 12:44:43 Block Report Received
2025/12/04 12:44:53 Block Report Received
2025/12/04 12:45:03 Block Report Received
2025/12/04 12:45:13 Block Report Received
2025/12/04 12:45:23 Block Report Received
2025/12/04 12:45:33 Block Report Received
2025/12/04 12:45:43 Block Report Received
2025/12/04 12:45:53 Block Report Received
2025/12/04 12:46:03 Block Report Received
2025/12/04 12:46:13 Block Report Received
2025/12/04 12:46:23 Block Report Received
2025/12/04 12:46:33 Block Report Received
2025/12/04 12:46:43 Block Report Received
2025/12/04 12:46:53 Block Report Received
2025/12/04 12:47:03 Block Report Received
2025/12/04 12:47:13 Block Report Received
2025/12/04 12:47:23 Block Report Received
2025/12/04 12:47:33 Block Report Received
2025/12/04 12:47:43 Block Report Received
2025/12/04 12:47:53 Block Report Received
2025/12/04 12:48:03 Block Report Received
2025/12/04 12:48:13 Block Report Received
2025/12/04 12:48:23 Block Report Received
2025/12/04 12:48:33 Block Report Received
2025/12/04 12:48:43 Block Report Received
2025/12/04 12:48:53 Block Report Received
2025/12/04 12:49:03 Block Report Received
2025/12/04 12:49:13 Block Report Received
2025/12/04 12:49:23 Block Report Received
2025/12/04 12:49:33 Block Report Received
2025/12/04 12:49:43 Block Report Received
2025/12/04 12:49:53 Block Report Received
2025/12/04 12:50:03 Block Report Received
2025/12/04 12:50:13 Block Report Received
2025/12/04 12:50:23 Block Report Received
2025/12/04 12:50:33 Block Report Received
2025/12/04 12:50:43 Block Report Received
2025/12/04 12:50:53 Block Report Received
2025/12/04 12:51:03 Block Report Received
2025/12/04 12:51:13 Block Report Received
2025/12/04 12:51:23 Block Report Received
2025/12/04 12:51:33 Block Report Received
2025/12/04 12:51:43 Block Report Received
2025/12/04 12:51:53 Block Report Received
2025/12/04 12:52:03 Block Report Received
2025/12/04 12:52:13 Block Report Received
2025/12/04 12:52:23 Block Report Received
2025/12/04 12:52:33 Block Report Received
2025/12/04 12:52:43 Block Report Received
2025/12/04 12:52:53 Block Report Received
2025/12/04 12:53:03 Block Report Received
2025/12/04 12:53:13 Block Report Received
2025/12/04 12:53:23 Block Report Received
2025/12/04 12:53:33 Block Report Received
2025/12/04 12:53:43 Block Report Received
2025/12/04 12:53:53 Block Report Received
2025/12/04 12:54:03 Block Report Received
2025/12/04 12:54:13 Block Report Received
2025/12/04 12:54:23 Block Report Received
2025/12/04 12:54:33 Block Report Received
2025/12/04 12:54:43 Block Report Received
2025/12/04 12:54:53 Block Report Received
2025/12/04 12:55:03 Block Report Received
2025/12/04 12:55:13 Block Report Received
2025/12/04 12:55:23 Block Report Received
2025/12/04 12:55:33 Block Report Received
2025/12/04 12:55:43 Block Report Received
2025/12/04 12:55:53 Block Report Received
2025/12/04 12:56:03 Block Report Received
2025/12/04 12:56:13 Block Report Received
2025/12/04 12:56:23 Block Report Received
2025/12/04 12:56:33 Block Report Received
2025/12/04 12:56:43 Block Report Received
2025/12/04 12:56:53 Block Report Received
2025/12/04 12:57:03 Block Report Received
2025/12/04 12:57:13 Block Report Received
2025/12/04 12:57:23 Block Report Received
2025/12/04 12:57:33 Block Report Received
2025/12/04 12:57:43 Block Report Received
2025/12/04 12:57:53 Block Report Received
2025/12/04 12:58:03 Block Report Received
2025/12/04 12:58:13 Block Report Received
2025/12/04 12:58:23 Block Report Received
2025/12/04 12:58:33 Block Report Received
2025/12/04 12:58:43 Block Report Received
2025/12/04 12:58:53 Block Report Received
2025/12/04 12:59:03 Block Report Received
2025/12/04 12:59:13 Block Report Received
2025/12/04 12:59:23 Block Report Received
2025/12/04 12:59:33 Block Report Received
2025/12/04 12:59:43 Block Report Received
2025/12/04 12:59:53 Block Report Received
2025/12/04 13:00:03 Block Report Received
2025/12/04 13:00:13 Block Report Received
2025/12/04 13:00:23 Block Report Received
2025/12/04 13:00:33 Block Report Received
2025/12/04 13:00:43 Block Report Received
2025/12/04 13:00:53 Block Report Received
2025/12/04 13:01:03 Block Report Received
2025/12/04 13:01:13 Block Report Received
2025/12/04 13:01:23 Block Report Received
2025/12/04 13:01:33 Block Report Received
2025/12/04 13:01:43 Block Report Received
2025/12/04 13:01:53 Block Report Received
2025/12/04 13:02:03 Block Report Received
2025/12/04 13:02:13 Block Report Received
2025/12/04 13:02:23 Block Report Received
2025/12/04 13:02:33 Block Report Received
2025/12/04 13:02:43 Block Report Received
2025/12/04 13:02:53 Block Report Received
2025/12/04 13:03:03 Block Report Received
2025/12/04 13:03:13 Block Report Received
2025/12/04 13:03:23 Block Report Received
2025/12/04 13:03:33 Block Report Received
2025/12/04 13:03:43 Block Report Received
2025/12/04 13:03:53 Block Report Received
2025/12/04 13:04:03 Block Report Received
2025/12/04 13:04:13 Block Report Received
2025/12/04 13:04:23 Block Report Received
2025/12/04 13:04:33 Block Report Received
2025/12/04 13:04:43 Block Report Received
2025/12/04 13:04:53 Block Report Received
2025/12/04 13:05:03 Block Report Received
2025/12/04 13:05:13 Block Report Received
2025/12/04 13:05:23 Block Report Received
2025/12/04 13:05:33 Block Report Received
2025/12/04 13:05:43 Block Report Received
2025/12/04 13:05:53 Block Report Received
2025/12/04 13:06:03 Block Report Received
2025/12/04 13:06:13 Block Report Received
2025/12/04 13:06:23 Block Report Received
2025/12/04 13:06:33 Block Report Received
2025/12/04 13:06:43 Block Report Received
2025/12/04 13:06:53 Block Report Received
2025/12/04 13:07:03 Block Report Received
2025/12/04 13:07:13 Block Report Received
2025/12/04 13:07:23 Block Report Received
2025/12/04 13:07:33 Block Report Received
2025/12/04 13:07:43 Block Report Received
2025/12/04 13:07:53 Block Report Received
2025/12/04 13:08:03 Block Report Received
2025/12/04 13:08:13 Block Report Received
2025/12/04 13:08:23 Block Report Received
2025/12/04 13:08:33 Block Report Received
2025/12/04 13:08:43 Block Report Received
2025/12/04 13:08:53 Block Report Received
2025/12/04 13:09:03 Block Report Received
2025/12/04 13:09:13 Block Report Received
2025/12/04 13:09:23 Block Report Received
2025/12/04 13:09:33 Block Report Received
2025/12/04 13:09:43 Block Report Received
2025/12/04 13:09:53 Block Report Received
2025/12/04 13:10:03 Block Report Received
2025/12/04 13:10:13 Block Report Received
2025/12/04 13:10:23 Block Report Received
2025/12/04 13:10:33 Block Report Received
2025/12/04 13:10:43 Block Report Received
2025/12/04 13:10:53 Block Report Received
2025/12/04 13:11:03 Block Report Received
2025/12/04 13:11:13 Block Report Received
2025/12/04 13:11:23 Block Report Received
2025/12/04 13:11:33 Block Report Received
2025/12/04 13:11:43 Block Report Received
2025/12/04 13:11:53 Block Report Received
2025/12/04 13:12:03 Block Report Received
2025/12/04 13:12:13 Block Report Received
2025/12/04 13:12:23 Block Report Received
2025/12/04 13:12:33 Block Report Received
2025/12/04 13:12:43 Block Report Received
2025/12/04 13:12:53 Block Report Received
2025/12/04 13:13:03 Block Report Received
2025/12/04 13:13:13 Block Report Received
2025/12/04 13:13:23 Block Report Received
2025/12/04 13:13:33 Block Report Received
2025/12/04 13:13:43 Block Report Received
2025/12/04 13:13:53 Block Report Received
2025/12/04 13:14:03 Block Report Received
2025/12/04 13:14:13 Block Report Received
2025/12/04 13:14:23 Block Report Received
2025/12/04 13:14:33 Block Report Received
2025/12/04 13:14:43 Block Report Received
2025/12/04 13:14:53 Block Report Received
2025/12/04 13:15:03 Block Report Received
2025/12/04 13:15:13 Block Report Received
2025/12/04 13:15:23 Block Report Received
2025/12/04 13:15:33 Block Report Received
2025/12/04 13:15:43 Block Report Received
2025/12/04 13:15:53 Block Report Received
2025/12/04 13:16:03 Block Report Received
2025/12/04 13:16:13 Block Report Received
2025/12/04 13:16:23 Block Report Received
2025/12/04 13:16:33 Block Report Received
2025/12/04 13:16:43 Block Report Received
2025/12/04 13:16:53 Block Report Received
2025/12/04 13:17:03 Block Report Received
2025/12/04 13:17:13 Block Report Received
2025/12/04 13:17:23 Block Report Received
2025/12/04 13:17:33 Block Report Received
2025/12/04 13:17:43 Block Report Received
2025/12/04 13:17:53 Block Report Received
2025/12/04 13:18:03 Block Report Received
2025/12/04 13:18:13 Block Report Received
2025/12/04 13:18:23 Block Report Received
2025/12/04 13:18:33 Block Report Received
2025/12/04 13:18:43 Block Report Received
2025/12/04 13:18:53 Block Report Received
2025/12/04 13:19:03 Block Report Received
2025/12/04 13:19:13 Block Report Received
2025/12/04 13:19:23 Block Report Received
2025/12/04 13:19:33 Block Report Received
2025/12/04 13:19:43 Block Report Received
2025/12/04 13:19:53 Block Report Received
2025/12/04 13:20:03 Block Report Received
2025/12/04 13:20:13 Block Report Received
2025/12/04 13:20:23 Block Report Received
2025/12/04 13:20:33 Block Report Received
2025/12/04 13:20:43 Block Report Received
2025/12/04 13:20:53 Block Report Received
2025/12/04 13:21:03 Block Report Received
2025/12/04 13:21:13 Block Report Received
2025/12/04 13:21:23 Block Report Received
2025/12/04 13:21:33 Block Report Received
2025/12/04 13:21:43 Block Report Received
2025/12/04 13:21:53 Block Report Received
2025/12/04 13:22:03 Block Report Received
2025/12/04 13:22:13 Block Report Received
2025/12/04 13:22:23 Block Report Received
2025/12/04 13:22:33 Block Report Received
2025/12/04 13:22:43 Block Report Received
2025/12/04 13:22:53 Block Report Received
2025/12/04 13:23:03 Block Report Received
2025/12/04 13:23:13 Block Report Received
2025/12/04 13:23:23 Block Report Received
2025/12/04 13:23:33 Block Report Received
2025/12/04 13:23:43 Block Report Received
2025/12/04 13:23:53 Block Report Received
2025/12/04 13:24:03 Block Report Received
2025/12/04 13:24:13 Block Report Received
2025/12/04 13:25:29 Block Report Received
2025/12/04 15:03:08 Block Report Received
2025/12/04 15:03:11 Block Report Received
2025/12/04 15:03:22 Block Report Received
2025/12/04 15:03:31 Block Report Received
2025/12/04 15:03:41 Block Report Received
2025/12/04 15:03:51 Block Report Received
2025/12/04 15:04:01 Block Report Received
2025/12/04 15:04:11 Block Report Received
2025/12/04 15:04:21 Block Report Received
2025/12/04 15:04:31 Block Report Received
2025/12/04 15:04:41 Block Report Received
2025/12/04 15:04:51 Block Report Received
2025/12/04 15:05:01 Block Report Received
2025/12/04 15:05:11 Block Report Received
2025/12/04 15:05:21 Block Report Received
2025/12/04 15:05:31 Block Report Received
2025/12/04 15:05:41 Block Report Received
2025/12/04 15:05:51 Block Report Received
2025/12/04 15:06:01 Block Report Received
2025/12/04 15:06:11 Block Report Received
2025/12/04 15:06:21 Block Report Received
2025/12/04 15:06:31 Block Report Received
2025/12/04 15:06:41 Block Report Received
2025/12/04 15:06:51 Block Report Received
2025/12/04 15:07:01 Block Report Received
2025/12/04 15:07:11 Block Report Received
2025/12/04 15:07:21 Block Report Received
2025/12/04 15:07:31 Block Report Received
2025/12/04 15:07:41 Block Report Received
2025/12/04 15:07:51 Block Report Received
2025/12/04 15:08:01 Block Report Received
2025/12/04 15:08:11 Block Report Received
2025/12/04 15:08:21 Block Report Received
2025/12/04 15:08:31 Block Report Received
2025/12/04 15:08:41 Block Report Received
2025/12/04 15:08:51 Block Report Received
2025/12/04 15:09:01 Block Report Received
2025/12/04 15:09:11 Block Report Received
2025/12/04 15:09:21 Block Report Received
2025/12/04 15:09:31 Block Report Received
2025/12/04 15:09:41 Block Report Received
2025/12/04 15:09:51 Block Report Received
2025/12/04 15:10:01 Block Report Received
2025/12/04 15:10:11 Block Report Received
2025/12/04 15:10:21 Block Report Received
2025/12/04 15:10:31 Block Report Received
2025/12/04 15:10:41 Block Report Received
2025/12/04 15:10:51 Block Report Received
2025/12/04 15:11:01 Block Report Received
2025/12/04 15:11:11 Block Report Received
2025/12/04 15:11:21 Block Report Received
2025/12/04 15:11:31 Block Report Received
2025/12/04 15:11:41 Block Report Received
2025/12/04 15:11:51 Block Report Received
2025/12/04 15:12:01 Block Report Received
2025/12/04 15:12:11 Block Report Received
2025/12/04 15:12:21 Block Report Received
2025/12/04 15:12:31 Block Report Received
2025/12/04 15:12:41 Block Report Received
2025/12/04 15:12:51 Block Report Received
2025/12/04 15:13:01 Block Report Received
2025/12/04 15:13:11 Block Report Received
2025/12/04 15:13:21 Block Report Received
2025/12/04 15:13:31 Block Report Received
2025/12/04 15:13:41 Block Report Received
2025/12/04 15:13:51 Block Report Received
2025/12/04 15:14:01 Block Report Received
2025/12/04 15:14:11 Block Report Received
2025/12/04 15:14:21 Block Report Received
2025/12/04 15:14:31 Block Report Received
2025/12/04 15:14:41 Block Report Received
2025/12/04 15:14:51 Block Report Received
2025/12/04 15:15:01 Block Report Received
2025/12/04 15:15:11 Block Report Received
2025/12/04 15:15:21 Block Report Received
2025/12/04 15:15:31 Block Report Received
2025/12/04 15:15:41 Block Report Received
2025/12/04 15:15:51 Block Report Received
2025/12/04 15:16:01 Block Report Received
2025/12/04 15:16:11 Block Report Received
2025/12/04 15:16:21 Block Report Received
2025/12/04 15:16:31 Block Report Received
2025/12/04 15:16:41 Block Report Received
2025/12/04 15:16:51 Block Report Received
2025/12/04 15:17:01 Block Report Received
2025/12/04 15:17:11 Block Report Received
2025/12/04 15:17:21 Block Report Received
2025/12/04 15:17:31 Block Report Received
2025/12/04 15:17:41 Block Report Received
2025/12/04 15:17:51 Block Report Received
2025/12/04 15:18:01 Block Report Received
2025/12/04 15:18:11 Block Report Received
2025/12/04 15:18:21 Block Report Received
2025/12/04 15:18:31 Block Report Received
2025/12/04 15:18:41 Block Report Received
2025/12/04 15:18:51 Block Report Received
2025/12/04 15:19:01 Block Report Received
2025/12/04 15:19:11 Block Report Received
2025/12/04 15:19:21 Block Report Received
2025/12/04 15:19:31 Block Report Received
2025/12/04 15:19:41 Block Report Received
2025/12/04 15:19:51 Block Report Received
2025/12/04 15:20:01 Block Report Received
2025/12/04 15:20:11 Block Report Received
2025/12/04 15:20:21 Block Report Received
2025/12/04 15:20:31 Block Report Received
2025/12/04 15:20:41 Block Report Received
2025/12/04 15:20:51 Block Report Received
2025/12/04 15:21:01 Block Report Received
2025/12/04 15:21:11 Block Report Received
2025/12/04 15:21:21 Block Report Received
2025/12/04 15:21:31 Block Report Received
2025/12/04 15:21:41 Block Report Received
2025/12/04 15:21:51 Block Report Received
2025/12/04 15:22:01 Block Report Received
2025/12/04 15:22:11 Block Report Received
2025/12/04 15:22:21 Block Report Received
2025/12/04 15:22:31 Block Report Received
2025/12/04 15:22:41 Block Report Received
2025/12/04 15:22:51 Block Report Received
2025/12/04 15:23:01 Block Report Received
2025/12/04 15:23:11 Block Report Received
2025/12/04 15:23:21 Block Report Received
2025/12/04 15:23:31 Block Report Received
2025/12/04 15:23:41 Block Report Received
2025/12/04 15:23:51 Block Report Received
2025/12/04 15:24:01 Block Report Received
2025/12/04 15:24:11 Block Report Received
2025/12/04 15:24:21 Block Report Received
2025/12/04 15:24:31 Block Report Received
2025/12/04 15:24:41 Block Report Received
2025/12/04 15:24:51 Block Report Received
2025/12/04 15:25:01 Block Report Received
2025/12/04 15:25:11 Block Report Received
2025/12/04 15:25:21 Block Report Received
2025/12/04 15:25:31 Block Report Received
2025/12/04 15:25:41 Block Report Received
2025/12/04 15:25:51 Block Report Received
2025/12/04 15:26:01 Block Report Received
2025/12/04 15:26:11 Block Report Received
2025/12/04 15:26:21 Block Report Received
2025/12/04 15:26:31 Block Report Received
2025/12/04 15:26:41 Block Report Received
2025/12/04 15:26:51 Block Report Received
2025/12/04 15:27:01 Block Report Received
2025/12/04 15:27:11 Block Report Received
2025/12/04 15:27:21 Block Report Received
2025/12/04 15:27:31 Block Report Received
2025/12/04 15:27:41 Block Report Received
2025/12/04 15:27:51 Block Report Received
2025/12/04 15:28:01 Block Report Received
2025/12/04 15:28:11 Block Report Received
2025/12/04 15:28:21 Block Report Received
2025/12/04 15:28:31 Block Report Received
2025/12/04 15:28:41 Block Report Received
2025/12/04 15:28:51 Block Report Received
2025/12/04 15:29:01 Block Report Received
2025/12/04 15:29:11 Block Report Received
2025/12/04 15:29:21 Block Report Received
2025/12/04 15:29:31 Block Report Received
2025/12/04 15:29:41 Block Report Received
2025/12/04 15:29:51 Block Report Received
2025/12/04 15:30:01 Block Report Received
2025/12/04 15:30:11 Block Report Received
2025/12/04 15:30:21 Block Report Received
2025/12/04 15:30:31 Block Report Received
2025/12/04 15:30:41 Block Report Received
2025/12/04 15:30:51 Block Report Received
2025/12/04 15:31:01 Block Report Received
2025/12/04 15:31:11 Block Report Received
2025/12/04 15:31:21 Block Report Received
2025/12/04 15:31:31 Block Report Received
2025/12/04 15:31:41 Block Report Received
2025/12/04 15:31:51 Block Report Received
2025/12/04 15:32:01 Block Report Received
2025/12/04 15:32:11 Block Report Received
2025/12/04 15:32:21 Block Report Received
2025/12/04 15:32:31 Block Report Received
2025/12/04 15:32:41 Block Report Received
2025/12/04 15:32:51 Block Report Received
2025/12/04 15:33:01 Block Report Received
2025/12/04 15:33:11 Block Report Received
2025/12/04 15:33:21 Block Report Received
2025/12/04 15:33:31 Block Report Received
2025/12/04 15:33:41 Block Report Received
2025/12/04 15:33:51 Block Report Received
2025/12/04 15:34:01 Block Report Received
2025/12/04 15:34:11 Block Report Received
2025/12/04 15:34:21 Block Report Received
2025/12/04 15:34:31 Block Report Received
2025/12/04 15:34:41 Block Report Received
2025/12/04 15:34:51 Block Report Received
2025/12/04 15:35:01 Block Report Received
2025/12/04 15:35:11 Block Report Received
2025/12/04 15:35:21 Block Report Received
2025/12/04 15:35:31 Block Report Received
2025/12/04 15:35:41 Block Report Received
2025/12/04 15:35:51 Block Report Received
2025/12/04 15:36:01 Block Report Received
2025/12/04 15:36:11 Block Report Received
2025/12/04 15:36:21 Block Report Received
2025/12/04 15:36:31 Block Report Received
2025/12/04 15:36:41 Block Report Received
2025/12/04 16:13:36 Block Report Received
2025/12/04 16:13:46 Block Report Received
2025/12/04 16:13:55 Block Report Received
2025/12/04 16:14:05 Block Report Received
2025/12/04 16:14:15 Block Report Received
2025/12/04 16:14:26 Block Report Received
2025/12/04 16:14:35 Block Report Received
2025/12/04 16:14:46 Block Report Received
2025/12/04 16:14:55 Block Report Received
2025/12/04 16:15:06 Block Report Received
2025/12/04 16:15:16 Block Report Received
2025/12/04 16:15:26 Block Report Received
2025/12/04 16:15:36 Block Report Received
2025/12/04 16:15:46 Block Report Received
2025/12/04 16:15:56 Block Report Received
2025/12/04 16:16:06 Block Report Received
2025/12/04 16:16:16 Block Report Received
2025/12/04 16:16:26 Block Report Received
2025/12/04 16:16:36 Block Report Received
2025/12/04 16:16:46 Block Report Received
2025/12/04 16:16:56 Block Report Received
2025/12/04 16:17:06 Block Report Received
2025/12/04 16:17:16 Block Report Received
2025/12/04 16:17:26 Block Report Received
2025/12/04 16:17:36 Block Report Received
2025/12/04 16:17:46 Block Report Received
2025/12/04 16:17:56 Block Report Received
2025/12/04 16:18:06 Block Report Received
2025/12/04 16:18:16 Block Report Received
2025/12/04 16:18:26 Block Report Received
2025/12/04 16:18:36 Block Report Received
2025/12/04 16:18:46 Block Report Received
2025/12/04 16:18:56 Block Report Received
2025/12/04 16:19:06 Block Report Received
2025/12/04 16:19:16 Block Report Received
2025/12/04 16:19:26 Block Report Received
2025/12/04 16:19:36 Block Report Received
2025/12/04 16:19:46 Block Report Received
2025/12/04 16:19:56 Block Report Received
2025/12/04 16:20:06 Block Report Received
2025/12/04 16:20:16 Block Report Received
2025/12/04 16:20:26 Block Report Received
2025/12/04 16:20:36 Block Report Received
2025/12/04 16:20:46 Block Report Received
2025/12/04 16:20:56 Block Report Received
2025/12/04 16:21:06 Block Report Received
2025/12/04 16:21:16 Block Report Received
2025/12/04 16:21:26 Block Report Received
2025/12/04 16:21:36 Block Report Received
2025/12/04 16:21:46 Block Report Received
2025/12/04 16:21:56 Block Report Received
2025/12/04 16:22:06 Block Report Received
2025/12/04 16:22:16 Block Report Received
2025/12/04 16:22:26 Block Report Received
2025/12/04 16:22:36 Block Report Received
2025/12/04 16:22:46 Block Report Received
2025/12/04 16:22:56 Block Report Received
2025/12/04 16:23:06 Block Report Received
2025/12/04 16:23:16 Block Report Received
2025/12/04 16:23:26 Block Report Received
2025/12/04 16:23:36 Block Report Received
2025/12/04 16:23:46 Block Report Received
2025/12/04 16:23:56 Block Report Received
2025/12/04 16:24:06 Block Report Received
2025/12/04 16:24:16 Block Report Received
2025/12/04 16:24:26 Block Report Received
2025/12/04 16:24:36 Block Report Received
2025/12/04 16:24:46 Block Report Received
2025/12/04 16:24:56 Block Report Received
2025/12/04 16:25:06 Block Report Received
2025/12/04 16:25:16 Block Report Received
2025/12/04 16:25:26 Block Report Received
2025/12/04 16:25:36 Block Report Received
2025/12/04 16:25:46 Block Report Received
2025/12/04 16:25:56 Block Report Received
2025/12/04 16:26:06 Block Report Received
2025/12/04 16:26:16 Block Report Received
2025/12/04 16:26:26 Block Report Received
2025/12/04 16:26:36 Block Report Received
2025/12/04 16:26:46 Block Report Received
2025/12/04 16:26:56 Block Report Received
2025/12/04 16:27:06 Block Report Received
2025/12/04 16:27:16 Block Report Received
2025/12/04 16:27:26 Block Report Received
2025/12/04 16:27:36 Block Report Received
2025/12/04 16:27:46 Block Report Received
2025/12/04 16:27:56 Block Report Received
2025/12/04 16:28:06 Block Report Received
2025/12/04 16:28:16 Block Report Received
2025/12/04 16:28:26 Block Report Received
2025/12/04 16:28:36 Block Report Received
2025/12/04 16:28:46 Block Report Received
2025/12/04 16:28:56 Block Report Received
2025/12/04 16:29:06 Block Report Received
2025/12/04 16:29:16 Block Report Received
2025/12/04 16:29:26 Block Report Received
2025/12/04 16:29:36 Block Report Received
2025/12/04 16:29:46 Block Report Received
2025/12/04 16:29:56 Block Report Received
2025/12/04 16:48:03 Block Report Received
2025/12/04 16:48:04 Block Report Received
2025/12/04 16:48:14 Block Report Received
2025/12/04 16:48:25 Block Report Received
2025/12/04 16:48:35 Block Report Received
2025/12/04 16:48:45 Block Report Received
2025/12/04 16:48:54 Block Report Received
2025/12/04 16:49:04 Block Report Received
2025/12/04 16:49:14 Block Report Received
2025/12/04 16:49:24 Block Report Received
2025/12/04 16:49:34 Block Report Received
2025/12/04 16:49:44 Block Report Received
2025/12/04 16:49:54 Block Report Received
2025/12/04 16:50:04 Block Report Received
2025/12/04 16:50:14 Block Report Received
2025/12/04 16:50:24 Block Report Received
2025/12/04 16:50:34 Block Report Received
2025/12/04 16:50:44 Block Report Received
2025/12/04 16:50:54 Block Report Received
2025/12/04 16:51:04 Block Report Received
2025/12/04 16:51:14 Block Report Received
2025/12/04 16:51:24 Block Report Received
2025/12/04 16:51:34 Block Report Received
2025/12/04 16:51:44 Block Report Received
2025/12/04 16:51:54 Block Report Received
2025/12/04 16:52:04 Block Report Received
2025/12/04 16:52:14 Block Report Received
2025/12/04 16:52:24 Block Report Received
2025/12/04 16:52:34 Block Report Received
2025/12/04 16:52:44 Block Report Received
2025/12/04 16:52:54 Block Report Received
2025/12/04 16:53:04 Block Report Received
2025/12/04 16:53:14 Block Report Received
2025/12/04 16:53:24 Block Report Received
2025/12/04 16:53:34 Block Report Received
2025/12/04 16:53:44 Block Report Received
2025/12/04 16:53:54 Block Report Received
2025/12/04 16:54:04 Block Report Received
2025/12/04 16:54:14 Block Report Received
2025/12/04 16:54:24 Block Report Received
2025/12/04 16:54:34 Block Report Received
2025/12/04 16:54:44 Block Report Received
2025/12/04 16:54:54 Block Report Received
2025/12/04 16:55:04 Block Report Received
2025/12/04 16:55:14 Block Report Received
2025/12/04 16:55:24 Block Report Received
2025/12/04 16:55:34 Block Report Received
2025/12/04 16:55:44 Block Report Received
2025/12/04 16:55:54 Block Report Received
2025/12/04 16:56:04 Block Report Received
2025/12/04 16:56:14 Block Report Received
2025/12/04 16:56:24 Block Report Received
2025/12/04 16:56:34 Block Report Received
2025/12/04 16:56:44 Block Report Received
2025/12/04 16:56:54 Block Report Received
2025/12/04 16:57:04 Block Report Received
2025/12/04 16:57:14 Block Report Received
2025/12/04 16:57:24 Block Report Received
2025/12/04 16:57:34 Block Report Received
2025/12/04 16:57:44 Block Report Received
2025/12/04 16:57:54 Block Report Received
2025/12/04 16:58:04 Block Report Received
2025/12/04 16:58:14 Block Report Received
2025/12/04 16:58:24 Block Report Received
2025/12/04 16:58:34 Block Report Received
2025/12/04 16:58:44 Block Report Received
2025/12/04 16:58:54 Block Report Received
2025/12/04 16:59:04 Block Report Received
2025/12/04 16:59:14 Block Report Received
2025/12/04 16:59:24 Block Report Received
2025/12/04 16:59:34 Block Report Received
2025/12/04 16:59:44 Block Report Received
2025/12/04 16:59:54 Block Report Received
2025/12/04 17:00:04 Block Report Received
2025/12/04 17:00:14 Block Report Received
2025/12/04 17:00:24 Block Report Received
2025/12/04 17:00:34 Block Report Received
2025/12/04 17:00:44 Block Report Received
2025/12/04 17:00:54 Block Report Received
2025/12/04 17:01:04 Block Report Received
2025/12/04 17:01:14 Block Report Received
2025/12/04 17:01:24 Block Report Received
2025/12/04 17:01:34 Block Report Received
2025/12/04 17:01:44 Block Report Received
2025/12/04 17:01:54 Block Report Received
2025/12/04 17:02:04 Block Report Received
2025/12/04 17:02:14 Block Report Received
2025/12/04 17:02:24 Block Report Received
2025/12/04 17:02:34 Block Report Received
2025/12/04 17:02:44 Block Report Received
2025/12/04 17:02:54 Block Report Received
2025/12/04 17:03:04 Block Report Received
2025/12/04 17:03:14 Block Report Received
2025/12/04 17:03:24 Block Report Received
2025/12/04 17:03:34 Block Report Received
2025/12/05 12:32:28 Block Report Received
2025/12/05 12:32:29 Block Report Received
2025/12/05 12:32:33 Block Report Received
2025/12/05 12:32:43 Block Report Received
2025/12/05 12:32:53 Block Report Received
2025/12/05 12:33:03 Block Report Received
2025/12/05 12:33:13 Block Report Received
2025/12/05 12:33:23 Block Report Received
2025/12/05 12:33:32 Block Report Received
2025/12/05 12:33:42 Block Report Received
2025/12/15 09:35:59 Block Report Received
2025/12/15 09:36:09 Block Report Received
2025/12/15 09:36:19 Block Report Received
2025/12/15 09:36:29 Block Report Received
2025/12/15 09:36:39 Block Report Received
2025/12/15 09:36:49 Block Report Received
2025/12/15 09:36:59 Block Report Received
2025/12/15 09:37:09 Block Report Received
2025/12/15 09:37:19 Block Report Received
2025/12/15 09:37:29 Block Report Received
2025/12/15 09:37:39 Block Report Received
2025/12/15 09:37:49 Block Report Received
2025/12/15 09:37:59 Block Report Received
2025/12/15 09:38:09 Block Report Received
2025/12/15 09:38:19 Block Report Received
2025/12/15 09:38:29 Block Report Received
2025/12/15 09:38:39 Block Report Received
2025/12/15 09:38:49 Block Report Received
2025/12/15 09:38:59 Block Report Received
2025/12/15 09:39:16 Block Report Received
2025/12/15 09:39:20 Block Report Received
2025/12/15 09:39:29 Block Report Received
2025/12/15 09:39:39 Block Report Received
2025/12/15 09:39:51 Block Report Received
2025/12/15 09:40:00 Block Report Received
2025/12/15 09:40:09 Block Report Received
2025/12/15 09:40:19 Block Report Received
2025/12/15 09:40:29 Block Report Received
2025/12/15 09:40:39 Block Report Received
2025/12/15 09:40:49 Block Report Received
2025/12/15 09:40:59 Block Report Received
2025/12/15 09:41:09 Block Report Received
2025/12/15 09:41:19 Block Report Received
2025/12/15 09:41:29 Block Report Received
2025/12/15 09:41:39 Block Report Received
2025/12/15 09:41:49 Block Report Received
2025/12/15 09:41:59 Block Report Received
2025/12/15 09:42:09 Block Report Received
2025/12/15 09:42:19 Block Report Received
2025/12/15 09:42:29 Block Report Received
2025/12/15 09:42:39 Block Report Received
2025/12/15 09:42:49 Block Report Received
2025/12/15 09:42:59 Block Report Received
2025/12/15 09:43:09 Block Report Received
2025/12/15 09:43:19 Block Report Received
2025/12/15 09:43:29 Block Report Received
2025/12/15 09:43:39 Block Report Received
2025/12/15 09:43:49 Block Report Received
2025/12/15 09:43:59 Block Report Received
2025/12/15 09:44:09 Block Report Received
2025/12/15 09:44:19 Block Report Received
2025/12/15 09:44:29 Block Report Received
2025/12/15 09:44:39 Block Report Received
2025/12/15 09:44:49 Block Report Received
2025/12/15 09:44:59 Block Report Received
2025/12/15 09:45:09 Block Report Received
2025/12/15 09:45:19 Block Report Received
2025/12/15 09:45:29 Block Report Received
2025/12/15 09:45:39 Block Report Received
2025/12/15 09:45:49 Block Report Received
2025/12/15 09:45:59 Block Report Received
2025/12/15 09:46:09 Block Report Received
2025/12/15 09:46:19 Block Report Received
2025/12/15 09:46:29 Block Report Received
2025/12/15 09:46:39 Block Report Received
2025/12/15 09:46:49 Block Report Received
2025/12/15 09:46:59 Block Report Received
2025/12/15 09:47:09 Block Report Received
2025/12/15 09:47:19 Block Report Received
2025/12/15 09:47:29 Block Report Received
2025/12/15 09:47:39 Block Report Received
2025/12/15 09:47:49 Block Report Received
2025/12/15 09:47:59 Block Report Received
2025/12/15 09:48:09 Block Report Received
2025/12/15 09:48:19 Block Report Received
2025/12/15 09:48:29 Block Report Received
2025/12/15 09:48:39 Block Report Received
2025/12/15 09:48:49 Block Report Received
2025/12/15 09:48:59 Block Report Received
2025/12/15 09:49:09 Block Report Received
2025/12/15 09:49:19 Block Report Received
2025/12/15 09:49:29 Block Report Received
2025/12/15 09:49:39 Block Report Received
2025/12/15 09:49:49 Block Report Received
2025/12/15 09:49:59 Block Report Received
2025/12/15 09:50:09 Block Report Received
2025/12/15 09:50:19 Block Report Received
2025/12/15 09:50:29 Block Report Received
2025/12/15 09:50:39 Block Report Received
2025/12/15 09:50:49 Block Report Received
2025/12/15 09:50:59 Block Report Received
2025/12/15 09:51:09 Block Report Received
2025/12/15 09:51:19 Block Report Received
2025/12/15 09:51:29 Block Report Received
2025/12/15 09:51:39 Block Report Received
2025/12/15 09:51:49 Block Report Received
2025/12/15 09:51:59 Block Report Received
2025/12/15 09:52:09 Block Report Received
2025/12/15 09:52:19 Block Report Received
2025/12/15 09:52:29 Block Report Received
2025/12/15 09:52:39 Block Report Received
2025/12/15 09:52:49 Block Report Received
2025/12/15 09:52:59 Block Report Received
2025/12/15 09:53:09 Block Report Received
2025/12/15 09:53:19 Block Report Received
2025/12/15 09:53:29 Block Report Received
2025/12/15 09:53:39 Block Report Received
2025/12/15 09:53:49 Block Report Received
2025/12/15 09:53:59 Block Report Received
2025/12/15 09:54:09 Block Report Received
2025/12/15 09:54:19 Block Report Received
2025/12/15 09:54:29 Block Report Received
2025/12/15 09:54:39 Block Report Received
2025/12/15 09:54:49 Block Report Received
2025/12/15 09:54:59 Block Report Received
2025/12/15 09:55:09 Block Report Received
2025/12/15 09:55:19 Block Report Received
2025/12/15 09:55:29 Block Report Received
2025/12/15 09:55:39 Block Report Received
2025/12/15 09:55:49 Block Report Received
2025/12/15 09:55:59 Block Report Received
2025/12/15 09:56:09 Block Report Received
2025/12/15 09:56:19 Block Report Received
2025/12/15 09:56:29 Block Report Received
2025/12/15 09:56:39 Block Report Received
2025/12/15 09:56:49 Block Report Received
2025/12/15 09:56:59 Block Report Received
2025/12/15 09:57:09 Block Report Received
2025/12/15 09:57:19 Block Report Received
2025/12/15 09:57:29 Block Report Received
2025/12/15 09:57:39 Block Report Received
2025/12/15 09:57:49 Block Report Received
2025/12/15 09:57:59 Block Report Received
2025/12/15 09:58:09 Block Report Received
2025/12/15 09:58:19 Block Report Received
2025/12/15 09:58:29 Block Report Received
2025/12/15 09:58:39 Block Report Received
2025/12/15 09:58:49 Block Report Received
2025/12/15 09:58:59 Block Report Received
2025/12/15 09:59:09 Block Report Received
2025/12/15 09:59:19 Block Report Received
2025/12/15 09:59:29 Block Report Received
2025/12/15 09:59:39 Block Report Received
2025/12/15 09:59:49 Block Report Received
2025/12/15 09:59:59 Block Report Received
2025/12/15 10:00:09 Block Report Received
2025/12/15 10:00:19 Block Report Received
2025/12/15 10:00:29 Block Report Received
2025/12/15 10:00:39 Block Report Received
2025/12/15 10:00:49 Block Report Received
2025/12/15 10:00:59 Block Report Received
2025/12/15 10:01:09 Block Report Received
2025/12/15 10:01:19 Block Report Received
2025/12/15 10:01:29 Block Report Received
2025/12/15 10:01:39 Block Report Received
2025/12/15 10:01:49 Block Report Received
2025/12/15 10:01:59 Block Report Received
2025/12/15 10:02:09 Block Report Received
2025/12/15 10:02:19 Block Report Received
2025/12/15 10:02:29 Block Report Received
2025/12/15 10:02:39 Block Report Received
2025/12/15 10:02:49 Block Report Received
2025/12/15 10:02:59 Block Report Received
2025/12/15 10:03:09 Block Report Received
2025/12/15 10:03:19 Block Report Received
2025/12/15 10:03:29 Block Report Received
2025/12/15 10:03:39 Block Report Received
2025/12/15 10:03:49 Block Report Received
2025/12/15 10:03:59 Block Report Received
2025/12/15 10:04:09 Block Report Received
2025/12/15 10:04:19 Block Report Received
2025/12/15 10:04:29 Block Report Received
2025/12/15 10:04:39 Block Report Received
2025/12/15 10:04:49 Block Report Received
2025/12/15 10:04:59 Block Report Received
2025/12/15 10:05:09 Block Report Received
2025/12/15 10:05:19 Block Report Received
2025/12/15 10:05:29 Block Report Received
2025/12/15 10:05:39 Block Report Received
2025/12/15 10:05:49 Block Report Received
2025/12/15 10:05:59 Block Report Received
2025/12/15 10:06:09 Block Report Received
2025/12/15 10:06:19 Block Report Received
2025/12/15 10:06:29 Block Report Received
2025/12/15 10:06:39 Block Report Received
2025/12/15 10:06:49 Block Report Received
2025/12/15 10:06:59 Block Report Received
2025/12/15 10:07:09 Block Report Received
2025/12/15 10:07:19 Block Report Received
2025/12/15 10:07:29 Block Report Received
2025/12/15 10:07:39 Block Report Received
2025/12/15 10:07:49 Block Report Received
2025/12/15 10:07:59 Block Report Received
2025/12/15 10:08:09 Block Report Received
2025/12/15 10:08:19 Block Report Received
2025/12/15 10:08:29 Block Report Received
2025/12/15 10:08:39 Block Report Received
2025/12/15 10:08:49 Block Report Received
2025/12/15 10:08:59 Block Report Received
2025/12/15 10:09:09 Block Report Received
2025/12/15 10:09:19 Block Report Received
2025/12/15 10:09:29 Block Report Received
2025/12/15 10:09:39 Block Report Received
2025/12/15 10:09:49 Block Report Received
2025/12/15 10:09:59 Block Report Received
2025/12/15 10:10:09 Block Report Received
2025/12/15 10:10:19 Block Report Received
2025/12/15 10:10:29 Block Report Received
2025/12/15 10:10:39 Block Report Received
2025/12/15 10:10:49 Block Report Received
2025/12/15 10:10:59 Block Report Received
